row_id,attribution_method,configuration,experiment_id,image_id,resolution,protocol,baseline_id_mismatch,baseline_path,comparison_path,status,numerical_match,map_model_identity_verified,canonical_integration_authorized,recomputed_pearson_corr,pearson_corr_error,recomputed_ssim,ssim_error,recomputed_edi_primary,edi_primary_error,image_key,baseline_experiment_id,pearson_corr,ssim,edi_primary,frozen_pearson_corr_error,frozen_ssim_error,frozen_edi_primary_error,frozen_numerical_match
d245ccb9310d2d67de658db4873feaebc26597ad8ac95b239f469046c529b4c3,eigencam,ham,ham_diffusion_r192_20260517_115736,ISIC_0027358,192,adaptive_repair,False,/content/drive/MyDrive/Dissertation/edi_exports/heatmaps/eigencam/ham_baseline_r192_20260517_115647/ISIC_0027358_eigencam_heatmap.npy,/content/drive/MyDrive/Dissertation/edi_exports/heatmaps/eigencam/ham_diffusion_r192_20260517_115736/ISIC_0027358_eigencam_heatmap.npy,calculated,False,False,False,-0.2943959857006466,,-0.2113878540694713,,0.9292929234598972,,isic_0027358,ham_baseline_r192_20260517_115647,-0.2943959857006466,-0.2113878540694713,0.9292929234598972,0.0,0.0,0.0,True
d41ab8fe36dfaa1a8209f2c8ec4eb8aab65c577aa48dcfd46c5181fd6745ce87,eigencam,ham,ham_diffusion_r192_20260517_115736,ISIC_0030752,192,adaptive_repair,False,/content/drive/MyDrive/Dissertation/edi_exports/heatmaps/eigencam/ham_baseline_r192_20260517_115647/ISIC_0030752_eigencam_heatmap.npy,/content/drive/MyDrive/Dissertation/edi_exports/heatmaps/eigencam/ham_diffusion_r192_20260517_115736/ISIC_0030752_eigencam_heatmap.npy,calculated,False,False,False,-0.47020314567194,,-0.4176893532276153,,1.076395463031793,,isic_0030752,ham_baseline_r192_20260517_115647,-0.47020314567194,-0.4176893532276153,1.076395463031793,0.0,0.0,0.0,True
c7e08dfca3405a12ba2810a6c1904594f424d7f69b2c0996ae4f06f353a305ac,eigencam,ham,ham_diffusion_r192_20260517_115736,ISIC_0029786,192,adaptive_repair,False,/content/drive/MyDrive/Dissertation/edi_exports/heatmaps/eigencam/ham_baseline_r192_20260517_115647/ISIC_0029786_eigencam_heatmap.npy,/content/drive/MyDrive/Dissertation/edi_exports/heatmaps/eigencam/ham_diffusion_r192_20260517_115736/ISIC_0029786_eigencam_heatmap.npy,calculated,False,False,False,-0.6341498205552892,,-0.5739714354276657,,1.1955231728526552,,isic_0029786,ham_baseline_r192_20260517_115647,-0.6341498205552892,-0.5739714354276657,1.1955231728526552,0.0,0.0,0.0,True
209b9c9c4ce7f5995a1a2b26e3fff8ae347e81670309e8acb058ce0f5f249c34,eigencam,ham,ham_diffusion_r192_20260517_115736,ISIC_0026652,192,adaptive_repair,False,/content/drive/MyDrive/Dissertation/edi_exports/heatmaps/eigencam/ham_baseline_r192_20260517_115647/ISIC_0026652_eigencam_heatmap.npy,/content/drive/MyDrive/Dissertation/edi_exports/heatmaps/eigencam/ham_diffusion_r192_20260517_115736/ISIC_0026652_eigencam_heatmap.npy,calculated,False,False,False,-0.5593766375357351,,-0.0882898652926087,,0.9339890920302382,,isic_0026652,ham_baseline_r192_20260517_115647,-0.5593766375357351,-0.0882898652926087,0.9339890920302382,0.0,0.0,0.0,True
bbe227bb4956cd16538305fe7225956f9d7c5ad89073ac12d7885ada0be08ca9,eigencam,ham,ham_diffusion_r192_20260517_115736,ISIC_0032833,192,adaptive_repair,False,/content/drive/MyDrive/Dissertation/edi_exports/heatmaps/eigencam/ham_baseline_r192_20260517_115647/ISIC_0032833_eigencam_heatmap.npy,/content/drive/MyDrive/Dissertation/edi_exports/heatmaps/eigencam/ham_diffusion_r192_20260517_115736/ISIC_0032833_eigencam_heatmap.npy,calculated,False,False,False,-0.5256211133769323,,-0.4296678975224495,,1.0962392271054575,,isic_0032833,ham_baseline_r192_20260517_115647,-0.5256211133769323,-0.4296678975224495,1.0962392271054575,0.0,0.0,0.0,True
1139b0571df2e12d89482d253018ed5329f29451818c514c2e6def2dbb7850ba,eigencam,ham,ham_diffusion_r192_20260517_115736,ISIC_0031445,192,adaptive_repair,False,/content/drive/MyDrive/Dissertation/edi_exports/heatmaps/eigencam/ham_baseline_r192_20260517_115647/ISIC_0031445_eigencam_heatmap.npy,/content/drive/MyDrive/Dissertation/edi_exports/heatmaps/eigencam/ham_diffusion_r192_20260517_115736/ISIC_0031445_eigencam_heatmap.npy,calculated,False,False,False,-0.2871302401023833,,-0.2722921818494797,,0.9579286509503356,,isic_0031445,ham_baseline_r192_20260517_115647,-0.2871302401023833,-0.2722921818494797,0.9579286509503356,0.0,0.0,0.0,True
79a46b0a5798c2a9be9b9a037142d4991a78c3e52dc2eb4e34027169031dafca,eigencam,ham,ham_diffusion_r192_20260517_115736,ISIC_0063544,192,adaptive_repair,False,/content/drive/MyDrive/Dissertation/edi_exports/heatmaps/eigencam/ham_baseline_r192_20260517_115647/ISIC_0063544_eigencam_heatmap.npy,/content/drive/MyDrive/Dissertation/edi_exports/heatmaps/eigencam/ham_diffusion_r192_20260517_115736/ISIC_0063544_eigencam_heatmap.npy,calculated,False,False,False,-0.621507695919329,,-0.5076086148619652,,1.1591812314108147,,isic_0063544,ham_baseline_r192_20260517_115647,-0.621507695919329,-0.5076086148619652,1.1591812314108147,0.0,0.0,0.0,True
83a350b8ee0ecff68fb49923d3459fa740fd3cbcb01d02000b1ae4093d72ccd4,eigencam,ham,ham_diffusion_r192_20260517_115736,ISIC_0053615,192,adaptive_repair,False,/content/drive/MyDrive/Dissertation/edi_exports/heatmaps/eigencam/ham_baseline_r192_20260517_115647/ISIC_0053615_eigencam_heatmap.npy,/content/drive/MyDrive/Dissertation/edi_exports/heatmaps/eigencam/ham_diffusion_r192_20260517_115736/ISIC_0053615_eigencam_heatmap.npy,calculated,False,False,False,-0.5839587441898341,,-0.5045958384871483,,1.148287605291033,,isic_0053615,ham_baseline_r192_20260517_115647,-0.5839587441898341,-0.5045958384871483,1.148287605291033,0.0,0.0,0.0,True
98dd272058298a7b275469f05c09157edcc65fe8024f79452658a7006cd19bbc,eigencam,ham,ham_diffusion_r192_20260517_115736,ISIC_0067519,192,adaptive_repair,False,/content/drive/MyDrive/Dissertation/edi_exports/heatmaps/eigencam/ham_baseline_r192_20260517_115647/ISIC_0067519_eigencam_heatmap.npy,/content/drive/MyDrive/Dissertation/edi_exports/heatmaps/eigencam/ham_diffusion_r192_20260517_115736/ISIC_0067519_eigencam_heatmap.npy,calculated,False,False,False,-0.3078763485282519,,-0.1998822838068008,,0.9269102290354634,,isic_0067519,ham_baseline_r192_20260517_115647,-0.3078763485282519,-0.1998822838068008,0.9269102290354634,0.0,0.0,0.0,True
5b1c3a07a7ad4c53aedae9e61771c1bbfcba47ccf78813ca73a98a1959fd0feb,eigencam,ham,ham_diffusion_r192_20260517_115736,ISIC_0030653,192,adaptive_repair,False,/content/drive/MyDrive/Dissertation/edi_exports/heatmaps/eigencam/ham_baseline_r192_20260517_115647/ISIC_0030653_eigencam_heatmap.npy,/content/drive/MyDrive/Dissertation/edi_exports/heatmaps/eigencam/ham_diffusion_r192_20260517_115736/ISIC_0030653_eigencam_heatmap.npy,calculated,False,False,False,-0.6723632355673929,,-0.4937785789370537,,1.164980098360375,,isic_0030653,ham_baseline_r192_20260517_115647,-0.6723632355673929,-0.4937785789370537,1.164980098360375,0.0,0.0,0.0,True
9782549115dacb7e258519664c09a743b35821d87beb60c340bf1cdaf63406ac,eigencam,ham,ham_diffusion_r192_20260517_115736,ISIC_0064161,192,adaptive_repair,False,/content/drive/MyDrive/Dissertation/edi_exports/heatmaps/eigencam/ham_baseline_r192_20260517_115647/ISIC_0064161_eigencam_heatmap.npy,/content/drive/MyDrive/Dissertation/edi_exports/heatmaps/eigencam/ham_diffusion_r192_20260517_115736/ISIC_0064161_eigencam_heatmap.npy,calculated,False,False,False,-0.4139314516929919,,-0.357688033953309,,1.0323268798999026,,isic_0064161,ham_baseline_r192_20260517_115647,-0.4139314516929919,-0.357688033953309,1.0323268798999026,0.0,0.0,0.0,True
49602c31912d8a991661000a62a3f6b74949dfef4bde233fe3df317901fca025,eigencam,ham,ham_diffusion_r192_20260517_115736,ISIC_0031005,192,adaptive_repair,False,/content/drive/MyDrive/Dissertation/edi_exports/heatmaps/eigencam/ham_baseline_r192_20260517_115647/ISIC_0031005_eigencam_heatmap.npy,/content/drive/MyDrive/Dissertation/edi_exports/heatmaps/eigencam/ham_diffusion_r192_20260517_115736/ISIC_0031005_eigencam_heatmap.npy,calculated,False,False,False,-0.3709856810349095,,-0.195318317040801,,0.940405578779128,,isic_0031005,ham_baseline_r192_20260517_115647,-0.3709856810349095,-0.195318317040801,0.940405578779128,0.0,0.0,0.0,True
21c3c15b218a37577d172a465d847ba83dff252d71a9d7ffb393d5cb49aa4ab0,eigencam,ham,ham_diffusion_r192_20260517_115736,ISIC_0028490,192,adaptive_repair,False,/content/drive/MyDrive/Dissertation/edi_exports/heatmaps/eigencam/ham_baseline_r192_20260517_115647/ISIC_0028490_eigencam_heatmap.npy,/content/drive/MyDrive/Dissertation/edi_exports/heatmaps/eigencam/ham_diffusion_r192_20260517_115736/ISIC_0028490_eigencam_heatmap.npy,calculated,False,False,False,-0.2947768797048402,,-0.1549002509564161,,0.901144345404418,,isic_0028490,ham_baseline_r192_20260517_115647,-0.2947768797048402,-0.1549002509564161,0.901144345404418,0.0,0.0,0.0,True
9fe2cb8ba369b63fe1d5c2f22de7eb0194dffea4a4c7d9276919faf721518f79,eigencam,ham,ham_diffusion_r192_20260517_115736,ISIC_0027712,192,adaptive_repair,False,/content/drive/MyDrive/Dissertation/edi_exports/heatmaps/eigencam/ham_baseline_r192_20260517_115647/ISIC_0027712_eigencam_heatmap.npy,/content/drive/MyDrive/Dissertation/edi_exports/heatmaps/eigencam/ham_diffusion_r192_20260517_115736/ISIC_0027712_eigencam_heatmap.npy,calculated,False,False,False,-0.3533997472698551,,-0.2623094655573368,,0.9695046695961322,,isic_0027712,ham_baseline_r192_20260517_115647,-0.3533997472698551,-0.2623094655573368,0.9695046695961322,0.0,0.0,0.0,True
6c98e25215e22b4323de7ccad9b2d97bf7126a57c3c5d8df06ab0d44028ad109,eigencam,ham,ham_diffusion_r192_20260517_115736,ISIC_0015232_DOWNSAMPLED,192,adaptive_repair,False,/content/drive/MyDrive/Dissertation/edi_exports/heatmaps/eigencam/ham_baseline_r192_20260517_115647/ISIC_0015232_downsampled_eigencam_heatmap.npy,/content/drive/MyDrive/Dissertation/edi_exports/heatmaps/eigencam/ham_diffusion_r192_20260517_115736/ISIC_0015232_downsampled_eigencam_heatmap.npy,calculated,False,False,False,0.1739408510667984,,0.2593010291457176,,0.5768642726604416,,isic_0015232_downsampled,ham_baseline_r192_20260517_115647,0.1739408510667984,0.2593010291457176,0.5768642726604416,0.0,0.0,0.0,True
838d05e202cc1655f3e75613b65ff3e00d5d26fa0fc854a3a013272a592fa7e5,eigencam,ham,ham_diffusion_r192_20260517_115736,ISIC_0031745,192,adaptive_repair,False,/content/drive/MyDrive/Dissertation/edi_exports/heatmaps/eigencam/ham_baseline_r192_20260517_115647/ISIC_0031745_eigencam_heatmap.npy,/content/drive/MyDrive/Dissertation/edi_exports/heatmaps/eigencam/ham_diffusion_r192_20260517_115736/ISIC_0031745_eigencam_heatmap.npy,calculated,False,False,False,-0.4576014630640039,,-0.4128341823816299,,1.0708174569568158,,isic_0031745,ham_baseline_r192_20260517_115647,-0.4576014630640039,-0.4128341823816299,1.0708174569568158,0.0,0.0,0.0,True
2f031ccfea9cf97556f1cab40ab0069b94a0f038e2128c3785cabb53a1098f1e,eigencam,ham,ham_diffusion_r192_20260517_115736,ISIC_0027397,192,adaptive_repair,False,/content/drive/MyDrive/Dissertation/edi_exports/heatmaps/eigencam/ham_baseline_r192_20260517_115647/ISIC_0027397_eigencam_heatmap.npy,/content/drive/MyDrive/Dissertation/edi_exports/heatmaps/eigencam/ham_diffusion_r192_20260517_115736/ISIC_0027397_eigencam_heatmap.npy,calculated,False,False,False,0.4991316664796469,,0.1764802131801843,,0.5369769767899961,,isic_0027397,ham_baseline_r192_20260517_115647,0.4991316664796469,0.1764802131801843,0.5369769767899961,0.0,0.0,0.0,True
e8f5dfb1fa8028a7cd746f30ac0188b22150f8e2426397c94eff8582f48a1f9f,eigencam,ham,ham_diffusion_r192_20260517_115736,ISIC_0070105,192,adaptive_repair,False,/content/drive/MyDrive/Dissertation/edi_exports/heatmaps/eigencam/ham_baseline_r192_20260517_115647/ISIC_0070105_eigencam_heatmap.npy,/content/drive/MyDrive/Dissertation/edi_exports/heatmaps/eigencam/ham_diffusion_r192_20260517_115736/ISIC_0070105_eigencam_heatmap.npy,calculated,False,False,False,-0.5162941930403345,,-0.4189806059002876,,1.0885638512102274,,isic_0070105,ham_baseline_r192_20260517_115647,-0.5162941930403345,-0.4189806059002876,1.0885638512102274,0.0,0.0,0.0,True
6e4356a1f16f9ba3a714a95dc7761f6f79c8bd0f03d2c86906384e9517ac5b98,eigencam,ham,ham_diffusion_r192_20260517_115736,ISIC_0028847,192,adaptive_repair,False,/content/drive/MyDrive/Dissertation/edi_exports/heatmaps/eigencam/ham_baseline_r192_20260517_115647/ISIC_0028847_eigencam_heatmap.npy,/content/drive/MyDrive/Dissertation/edi_exports/heatmaps/eigencam/ham_diffusion_r192_20260517_115736/ISIC_0028847_eigencam_heatmap.npy,calculated,False,False,False,-0.7817121042550236,,-0.7379430383443832,,1.3143995452359474,,isic_0028847,ham_baseline_r192_20260517_115647,-0.7817121042550236,-0.7379430383443832,1.3143995452359474,0.0,0.0,0.0,True
4b8f6afb193cdb4136ad6113acdc124bd280a56924a2db61cbe7323fd23a6533,eigencam,ham,ham_diffusion_r192_20260517_115736,ISIC_0068414,192,adaptive_repair,False,/content/drive/MyDrive/Dissertation/edi_exports/heatmaps/eigencam/ham_baseline_r192_20260517_115647/ISIC_0068414_eigencam_heatmap.npy,/content/drive/MyDrive/Dissertation/edi_exports/heatmaps/eigencam/ham_diffusion_r192_20260517_115736/ISIC_0068414_eigencam_heatmap.npy,calculated,False,False,False,-0.3529502386982718,,-0.2024596892297268,,0.9394674042894312,,isic_0068414,ham_baseline_r192_20260517_115647,-0.3529502386982718,-0.2024596892297268,0.9394674042894312,0.0,0.0,0.0,True
0721193d1b783084a5c65953b705c0ba0d312f1797d03e36057459d0b3223d9b,eigencam,ham,ham_diffusion_r192_20260517_115736,ISIC_0032425,192,adaptive_repair,False,/content/drive/MyDrive/Dissertation/edi_exports/heatmaps/eigencam/ham_baseline_r192_20260517_115647/ISIC_0032425_eigencam_heatmap.npy,/content/drive/MyDrive/Dissertation/edi_exports/heatmaps/eigencam/ham_diffusion_r192_20260517_115736/ISIC_0032425_eigencam_heatmap.npy,calculated,False,False,False,-0.8161314259049387,,-0.7723130285739899,,1.3401893707632295,,isic_0032425,ham_baseline_r192_20260517_115647,-0.8161314259049387,-0.7723130285739899,1.3401893707632295,0.0,0.0,0.0,True
3dd45cd57f450aa249806e509a4227d88b4634746b9da454fa43cb7087050ff7,eigencam,ham,ham_diffusion_r192_20260517_115736,ISIC_0031535,192,adaptive_repair,False,/content/drive/MyDrive/Dissertation/edi_exports/heatmaps/eigencam/ham_baseline_r192_20260517_115647/ISIC_0031535_eigencam_heatmap.npy,/content/drive/MyDrive/Dissertation/edi_exports/heatmaps/eigencam/ham_diffusion_r192_20260517_115736/ISIC_0031535_eigencam_heatmap.npy,calculated,False,False,False,0.1604622012098744,,0.265119805932045,,0.5773245467315089,,isic_0031535,ham_baseline_r192_20260517_115647,0.1604622012098744,0.265119805932045,0.5773245467315089,0.0,0.0,0.0,True
c0da83fd1cd833f188663b9f69423ceb8ed4704b3c9cd4488f5552d3ddb72da5,eigencam,ham,ham_diffusion_r192_20260517_115736,ISIC_0027102,192,adaptive_repair,False,/content/drive/MyDrive/Dissertation/edi_exports/heatmaps/eigencam/ham_baseline_r192_20260517_115647/ISIC_0027102_eigencam_heatmap.npy,/content/drive/MyDrive/Dissertation/edi_exports/heatmaps/eigencam/ham_diffusion_r192_20260517_115736/ISIC_0027102_eigencam_heatmap.npy,calculated,False,False,False,-0.5644423783497714,,-0.5530043393373489,,1.1676127642561174,,isic_0027102,ham_baseline_r192_20260517_115647,-0.5644423783497714,-0.5530043393373489,1.1676127642561174,0.0,0.0,0.0,True
921e97a3169532585634782616eb9f1e18e4b9f9a068717e81c5f28473e35045,eigencam,ham,ham_diffusion_r192_20260517_115736,ISIC_0061194,192,adaptive_repair,False,/content/drive/MyDrive/Dissertation/edi_exports/heatmaps/eigencam/ham_baseline_r192_20260517_115647/ISIC_0061194_eigencam_heatmap.npy,/content/drive/MyDrive/Dissertation/edi_exports/heatmaps/eigencam/ham_diffusion_r192_20260517_115736/ISIC_0061194_eigencam_heatmap.npy,calculated,False,False,False,-0.7275855485129621,,-0.6244944334030151,,1.2441436038297482,,isic_0061194,ham_baseline_r192_20260517_115647,-0.7275855485129621,-0.6244944334030151,1.2441436038297482,0.0,0.0,0.0,True
afd959b634acf9f47e7728a2780143b40f5c88d9265955474eb6685f3f9e155e,eigencam,ham,ham_diffusion_r192_20260517_115736,ISIC_0058285,192,adaptive_repair,False,/content/drive/MyDrive/Dissertation/edi_exports/heatmaps/eigencam/ham_baseline_r192_20260517_115647/ISIC_0058285_eigencam_heatmap.npy,/content/drive/MyDrive/Dissertation/edi_exports/heatmaps/eigencam/ham_diffusion_r192_20260517_115736/ISIC_0058285_eigencam_heatmap.npy,calculated,False,False,False,-0.425328363620037,,-0.3229133486747741,,1.0177887652423965,,isic_0058285,ham_baseline_r192_20260517_115647,-0.425328363620037,-0.3229133486747741,1.0177887652423965,0.0,0.0,0.0,True
ac5e6a79d2432bbdb8f85e9f61daf8c63330603435b4cf5775101c59358f6be4,eigencam,ham,ham_diffusion_r192_20260517_115736,ISIC_0028508,192,adaptive_repair,False,/content/drive/MyDrive/Dissertation/edi_exports/heatmaps/eigencam/ham_baseline_r192_20260517_115647/ISIC_0028508_eigencam_heatmap.npy,/content/drive/MyDrive/Dissertation/edi_exports/heatmaps/eigencam/ham_diffusion_r192_20260517_115736/ISIC_0028508_eigencam_heatmap.npy,calculated,False,False,False,-0.6371936346407407,,-0.4597214758396148,,1.1391591465799926,,isic_0028508,ham_baseline_r192_20260517_115647,-0.6371936346407407,-0.4597214758396148,1.1391591465799926,0.0,0.0,0.0,True
8ebd9a1668fb226b68e89d636e9e5cdc5ed7060093e66c634d710fac1736af60,eigencam,ham,ham_diffusion_r192_20260517_115736,ISIC_0032063,192,adaptive_repair,False,/content/drive/MyDrive/Dissertation/edi_exports/heatmaps/eigencam/ham_baseline_r192_20260517_115647/ISIC_0032063_eigencam_heatmap.npy,/content/drive/MyDrive/Dissertation/edi_exports/heatmaps/eigencam/ham_diffusion_r192_20260517_115736/ISIC_0032063_eigencam_heatmap.npy,calculated,False,False,False,-0.2133750602919916,,-0.1939961612224578,,0.9003418456842268,,isic_0032063,ham_baseline_r192_20260517_115647,-0.2133750602919916,-0.1939961612224578,0.9003418456842268,0.0,0.0,0.0,True
7b3d9094b9f642079df5d0b788272ae33f1b61d73f246dcfc60c4a2c1bc6f471,eigencam,ham,ham_diffusion_r192_20260517_115736,ISIC_0067055,192,adaptive_repair,False,/content/drive/MyDrive/Dissertation/edi_exports/heatmaps/eigencam/ham_baseline_r192_20260517_115647/ISIC_0067055_eigencam_heatmap.npy,/content/drive/MyDrive/Dissertation/edi_exports/heatmaps/eigencam/ham_diffusion_r192_20260517_115736/ISIC_0067055_eigencam_heatmap.npy,calculated,False,False,False,-0.6532585327892627,,-0.4365633726119995,,1.1315963195033154,,isic_0067055,ham_baseline_r192_20260517_115647,-0.6532585327892627,-0.4365633726119995,1.1315963195033154,0.0,0.0,0.0,True
7b2ebfc217878363f2505e7275bc0802984052c6712a2bcc60074b63453921cc,eigencam,ham,ham_diffusion_r192_20260517_115736,ISIC_0027282,192,adaptive_repair,False,/content/drive/MyDrive/Dissertation/edi_exports/heatmaps/eigencam/ham_baseline_r192_20260517_115647/ISIC_0027282_eigencam_heatmap.npy,/content/drive/MyDrive/Dissertation/edi_exports/heatmaps/eigencam/ham_diffusion_r192_20260517_115736/ISIC_0027282_eigencam_heatmap.npy,calculated,False,False,False,-0.562923607422561,,-0.5166408345103264,,1.1490513191108034,,isic_0027282,ham_baseline_r192_20260517_115647,-0.562923607422561,-0.5166408345103264,1.1490513191108034,0.0,0.0,0.0,True
d14198ce6d9205fffa397f83a02985d596ce162cc6eaadd5ad66e249f174bf57,eigencam,ham,ham_diffusion_r192_20260517_115736,ISIC_0068248,192,adaptive_repair,False,/content/drive/MyDrive/Dissertation/edi_exports/heatmaps/eigencam/ham_baseline_r192_20260517_115647/ISIC_0068248_eigencam_heatmap.npy,/content/drive/MyDrive/Dissertation/edi_exports/heatmaps/eigencam/ham_diffusion_r192_20260517_115736/ISIC_0068248_eigencam_heatmap.npy,calculated,False,False,False,-0.6752262936720347,,-0.4572625309228897,,1.1474378388794535,,isic_0068248,ham_baseline_r192_20260517_115647,-0.6752262936720347,-0.4572625309228897,1.1474378388794535,0.0,0.0,0.0,True
15caa8e34007dbcf3f2f1f8d99fcc0d1a5f756e56f7e4ff16e6db695b855a710,eigencam,ham,ham_diffusion_r192_20260517_115736,ISIC_0058003,192,adaptive_repair,False,/content/drive/MyDrive/Dissertation/edi_exports/heatmaps/eigencam/ham_baseline_r192_20260517_115647/ISIC_0058003_eigencam_heatmap.npy,/content/drive/MyDrive/Dissertation/edi_exports/heatmaps/eigencam/ham_diffusion_r192_20260517_115736/ISIC_0058003_eigencam_heatmap.npy,calculated,False,False,False,0.1527048123319673,,0.2955058217048645,,0.5640708860645759,,isic_0058003,ham_baseline_r192_20260517_115647,0.1527048123319673,0.2955058217048645,0.5640708860645759,0.0,0.0,0.0,True
a93596479b89003675de73bfe67ed34bca1fb47c4dfea6da7792dfce393ded81,eigencam,ham,ham_diffusion_r192_20260517_115736,ISIC_0010490,192,adaptive_repair,False,/content/drive/MyDrive/Dissertation/edi_exports/heatmaps/eigencam/ham_baseline_r192_20260517_115647/ISIC_0010490_eigencam_heatmap.npy,/content/drive/MyDrive/Dissertation/edi_exports/heatmaps/eigencam/ham_diffusion_r192_20260517_115736/ISIC_0010490_eigencam_heatmap.npy,calculated,False,False,False,-0.5829138038413278,,-0.4891985952854156,,1.1403277486030396,,isic_0010490,ham_baseline_r192_20260517_115647,-0.5829138038413278,-0.4891985952854156,1.1403277486030396,0.0,0.0,0.0,True
d5503db2a9dacaf9499e8175a69ef20e3e8b718121f07a2b61491c04323f43f9,eigencam,ham,ham_diffusion_r192_20260517_115736,ISIC_0033153,192,adaptive_repair,False,/content/drive/MyDrive/Dissertation/edi_exports/heatmaps/eigencam/ham_baseline_r192_20260517_115647/ISIC_0033153_eigencam_heatmap.npy,/content/drive/MyDrive/Dissertation/edi_exports/heatmaps/eigencam/ham_diffusion_r192_20260517_115736/ISIC_0033153_eigencam_heatmap.npy,calculated,False,False,False,-0.697607419901516,,-0.6378312557935715,,1.2433174828721647,,isic_0033153,ham_baseline_r192_20260517_115647,-0.697607419901516,-0.6378312557935715,1.2433174828721647,0.0,0.0,0.0,True
483c45c009333a031b98fdb5d28aba6a558a41470d479c2739e0bf94d17dc134,eigencam,ham,ham_diffusion_r192_20260517_115736,ISIC_0073194,192,adaptive_repair,False,/content/drive/MyDrive/Dissertation/edi_exports/heatmaps/eigencam/ham_baseline_r192_20260517_115647/ISIC_0073194_eigencam_heatmap.npy,/content/drive/MyDrive/Dissertation/edi_exports/heatmaps/eigencam/ham_diffusion_r192_20260517_115736/ISIC_0073194_eigencam_heatmap.npy,calculated,False,False,False,-0.6942134881708093,,-0.66072578728199,,1.2539162656836973,,isic_0073194,ham_baseline_r192_20260517_115647,-0.6942134881708093,-0.66072578728199,1.2539162656836973,0.0,0.0,0.0,True
2ac8997ab6863f3d31b29c2c7ac45dee0c71b14fffde9c1fe23865cc7498845d,eigencam,ham,ham_diffusion_r192_20260517_115736,ISIC_0028273,192,adaptive_repair,False,/content/drive/MyDrive/Dissertation/edi_exports/heatmaps/eigencam/ham_baseline_r192_20260517_115647/ISIC_0028273_eigencam_heatmap.npy,/content/drive/MyDrive/Dissertation/edi_exports/heatmaps/eigencam/ham_diffusion_r192_20260517_115736/ISIC_0028273_eigencam_heatmap.npy,calculated,False,False,False,-0.6144386322926118,,-0.4541521444916725,,1.1306857303189892,,isic_0028273,ham_baseline_r192_20260517_115647,-0.6144386322926118,-0.4541521444916725,1.1306857303189892,0.0,0.0,0.0,True
acf88f3804a6f2a7da60154719b6661950093e798447af6cdd16d52ba5aaeeda,eigencam,ham,ham_diffusion_r192_20260517_115736,ISIC_0068778,192,adaptive_repair,False,/content/drive/MyDrive/Dissertation/edi_exports/heatmaps/eigencam/ham_baseline_r192_20260517_115647/ISIC_0068778_eigencam_heatmap.npy,/content/drive/MyDrive/Dissertation/edi_exports/heatmaps/eigencam/ham_diffusion_r192_20260517_115736/ISIC_0068778_eigencam_heatmap.npy,calculated,False,False,False,-0.6473107818231093,,-0.6318240165710449,,1.2277397037412998,,isic_0068778,ham_baseline_r192_20260517_115647,-0.6473107818231093,-0.6318240165710449,1.2277397037412998,0.0,0.0,0.0,True
bfc4622a36d3db8ad03d8d123cb5ebeee90baf916e182334539d7b737e519440,eigencam,ham,ham_diffusion_r192_20260517_115736,ISIC_0033654,192,adaptive_repair,False,/content/drive/MyDrive/Dissertation/edi_exports/heatmaps/eigencam/ham_baseline_r192_20260517_115647/ISIC_0033654_eigencam_heatmap.npy,/content/drive/MyDrive/Dissertation/edi_exports/heatmaps/eigencam/ham_diffusion_r192_20260517_115736/ISIC_0033654_eigencam_heatmap.npy,calculated,False,False,False,-0.7828780371383218,,-0.7665195316076279,,1.3289792750883944,,isic_0033654,ham_baseline_r192_20260517_115647,-0.7828780371383218,-0.7665195316076279,1.3289792750883944,0.0,0.0,0.0,True
ea331a400926895ed4fb42d9cc383f0e040ea4bb1ee568b3cd47677d7a0ff8bb,eigencam,ham,ham_diffusion_r192_20260517_115736,ISIC_0028226,192,adaptive_repair,False,/content/drive/MyDrive/Dissertation/edi_exports/heatmaps/eigencam/ham_baseline_r192_20260517_115647/ISIC_0028226_eigencam_heatmap.npy,/content/drive/MyDrive/Dissertation/edi_exports/heatmaps/eigencam/ham_diffusion_r192_20260517_115736/ISIC_0028226_eigencam_heatmap.npy,calculated,False,False,False,0.5530067407889395,,0.4144490733742714,,0.4045237781156294,,isic_0028226,ham_baseline_r192_20260517_115647,0.5530067407889395,0.4144490733742714,0.4045237781156294,0.0,0.0,0.0,True
63692a1c531a78fce24c7b340dd943a5c684587bc69c7e38b9d5b98994815d38,eigencam,ham,ham_diffusion_r192_20260517_115736,ISIC_0054787,192,adaptive_repair,False,/content/drive/MyDrive/Dissertation/edi_exports/heatmaps/eigencam/ham_baseline_r192_20260517_115647/ISIC_0054787_eigencam_heatmap.npy,/content/drive/MyDrive/Dissertation/edi_exports/heatmaps/eigencam/ham_diffusion_r192_20260517_115736/ISIC_0054787_eigencam_heatmap.npy,calculated,False,False,False,-0.2710585623006472,,-0.13955651037395,,0.8875428957621367,,isic_0054787,ham_baseline_r192_20260517_115647,-0.2710585623006472,-0.13955651037395,0.8875428957621367,0.0,0.0,0.0,True
45fc2d5cd4933fe97550fb6848097753dfe37545cb2f8ed65d300fe1ace38d7e,eigencam,ham,ham_diffusion_r192_20260517_115736,ISIC_0059680,192,adaptive_repair,False,/content/drive/MyDrive/Dissertation/edi_exports/heatmaps/eigencam/ham_baseline_r192_20260517_115647/ISIC_0059680_eigencam_heatmap.npy,/content/drive/MyDrive/Dissertation/edi_exports/heatmaps/eigencam/ham_diffusion_r192_20260517_115736/ISIC_0059680_eigencam_heatmap.npy,calculated,False,False,False,-0.4935781114421942,,-0.4083892703056335,,1.0775891630133654,,isic_0059680,ham_baseline_r192_20260517_115647,-0.4935781114421942,-0.4083892703056335,1.0775891630133654,0.0,0.0,0.0,True
e1e3f8957844dee89ee2da9b5ba07a5a61d99ab408a71bfd0c945f4e6f8f208c,eigencam,ham,ham_dl_preprocess_r192_20260517_185357,ISIC_0027358,192,adaptive_repair,False,/content/drive/MyDrive/Dissertation/edi_exports/heatmaps/eigencam/ham_baseline_r192_20260517_115647/ISIC_0027358_eigencam_heatmap.npy,/content/drive/MyDrive/Dissertation/edi_exports/heatmaps/eigencam/ham_dl_preprocess_r192_20260517_185357/ISIC_0027358_eigencam_heatmap.npy,calculated,False,False,False,0.995286002761709,,0.9544194489717484,,0.0239687748236985,,isic_0027358,ham_baseline_r192_20260517_115647,0.995286002761709,0.9544194489717484,0.0239687748236985,0.0,0.0,0.0,True
9a9a77a0562570a974a9ce919b2c04e2cae473eb7f9edefda2a4b3e52ee80642,eigencam,ham,ham_dl_preprocess_r192_20260517_185357,ISIC_0030752,192,adaptive_repair,False,/content/drive/MyDrive/Dissertation/edi_exports/heatmaps/eigencam/ham_baseline_r192_20260517_115647/ISIC_0030752_eigencam_heatmap.npy,/content/drive/MyDrive/Dissertation/edi_exports/heatmaps/eigencam/ham_dl_preprocess_r192_20260517_185357/ISIC_0030752_eigencam_heatmap.npy,calculated,False,False,False,0.9757635710220404,,0.8603284507989883,,0.0758948818449957,,isic_0030752,ham_baseline_r192_20260517_115647,0.9757635710220404,0.8603284507989883,0.0758948818449957,0.0,0.0,0.0,True
3cf55e1238e2316d814b0ae976574aa62906127acad883b7eb1a2ea44606fc2a,eigencam,ham,ham_dl_preprocess_r192_20260517_185357,ISIC_0029786,192,adaptive_repair,False,/content/drive/MyDrive/Dissertation/edi_exports/heatmaps/eigencam/ham_baseline_r192_20260517_115647/ISIC_0029786_eigencam_heatmap.npy,/content/drive/MyDrive/Dissertation/edi_exports/heatmaps/eigencam/ham_dl_preprocess_r192_20260517_185357/ISIC_0029786_eigencam_heatmap.npy,calculated,False,False,False,0.990056374628493,,0.9614916145801544,,0.0217400990527995,,isic_0029786,ham_baseline_r192_20260517_115647,0.990056374628493,0.9614916145801544,0.0217400990527995,0.0,0.0,0.0,True
11d5e3b351ec2a3f61e649f2ac2851e90c74638348499843eb9616cc049c6c35,eigencam,ham,ham_dl_preprocess_r192_20260517_185357,ISIC_0026652,192,adaptive_repair,False,/content/drive/MyDrive/Dissertation/edi_exports/heatmaps/eigencam/ham_baseline_r192_20260517_115647/ISIC_0026652_eigencam_heatmap.npy,/content/drive/MyDrive/Dissertation/edi_exports/heatmaps/eigencam/ham_dl_preprocess_r192_20260517_185357/ISIC_0026652_eigencam_heatmap.npy,calculated,False,False,False,0.997389535061214,,0.9458083659410476,,0.0277484332641727,,isic_0026652,ham_baseline_r192_20260517_115647,0.997389535061214,0.9458083659410476,0.0277484332641727,0.0,0.0,0.0,True
645e3536ea15c6d0bde3d1e90e0ba6f2c24f888565020f06a2c7da58b5c89e12,eigencam,ham,ham_dl_preprocess_r192_20260517_185357,ISIC_0032833,192,adaptive_repair,False,/content/drive/MyDrive/Dissertation/edi_exports/heatmaps/eigencam/ham_baseline_r192_20260517_115647/ISIC_0032833_eigencam_heatmap.npy,/content/drive/MyDrive/Dissertation/edi_exports/heatmaps/eigencam/ham_dl_preprocess_r192_20260517_185357/ISIC_0032833_eigencam_heatmap.npy,calculated,False,False,False,0.9804712070785232,,0.9371757209300996,,0.0362943377653194,,isic_0032833,ham_baseline_r192_20260517_115647,0.9804712070785232,0.9371757209300996,0.0362943377653194,0.0,0.0,0.0,True
36504b291c698d4b014fe98f5fb430a0feb8c2267c6b27593ca1b5e558358a7f,eigencam,ham,ham_dl_preprocess_r192_20260517_185357,ISIC_0031445,192,adaptive_repair,False,/content/drive/MyDrive/Dissertation/edi_exports/heatmaps/eigencam/ham_baseline_r192_20260517_115647/ISIC_0031445_eigencam_heatmap.npy,/content/drive/MyDrive/Dissertation/edi_exports/heatmaps/eigencam/ham_dl_preprocess_r192_20260517_185357/ISIC_0031445_eigencam_heatmap.npy,calculated,False,False,False,0.930946870984001,,0.6314383521676064,,0.2015441061701965,,isic_0031445,ham_baseline_r192_20260517_115647,0.930946870984001,0.6314383521676064,0.2015441061701965,0.0,0.0,0.0,True
0cf375af2f412465be5e02f17068a48ad12f197aa20758bb81059fb2e8f8ec08,eigencam,ham,ham_dl_preprocess_r192_20260517_185357,ISIC_0063544,192,adaptive_repair,False,/content/drive/MyDrive/Dissertation/edi_exports/heatmaps/eigencam/ham_baseline_r192_20260517_115647/ISIC_0063544_eigencam_heatmap.npy,/content/drive/MyDrive/Dissertation/edi_exports/heatmaps/eigencam/ham_dl_preprocess_r192_20260517_185357/ISIC_0063544_eigencam_heatmap.npy,calculated,False,False,False,0.99103700757421,,0.9508199393749236,,0.0268307784189856,,isic_0063544,ham_baseline_r192_20260517_115647,0.99103700757421,0.9508199393749236,0.0268307784189856,0.0,0.0,0.0,True
085450b132fbf314d06ecc817455736800d5bc8ffafeff5e363c1f5624accad3,eigencam,ham,ham_dl_preprocess_r192_20260517_185357,ISIC_0053615,192,adaptive_repair,False,/content/drive/MyDrive/Dissertation/edi_exports/heatmaps/eigencam/ham_baseline_r192_20260517_115647/ISIC_0053615_eigencam_heatmap.npy,/content/drive/MyDrive/Dissertation/edi_exports/heatmaps/eigencam/ham_dl_preprocess_r192_20260517_185357/ISIC_0053615_eigencam_heatmap.npy,calculated,False,False,False,0.981267594619753,,0.8803595751523972,,0.0645033137688632,,isic_0053615,ham_baseline_r192_20260517_115647,0.981267594619753,0.8803595751523972,0.0645033137688632,0.0,0.0,0.0,True
645d5c370294fa115e5f87eac1b9086f284e31b3139b3bb8dc3f59c42fd79ae0,eigencam,ham,ham_dl_preprocess_r192_20260517_185357,ISIC_0067519,192,adaptive_repair,False,/content/drive/MyDrive/Dissertation/edi_exports/heatmaps/eigencam/ham_baseline_r192_20260517_115647/ISIC_0067519_eigencam_heatmap.npy,/content/drive/MyDrive/Dissertation/edi_exports/heatmaps/eigencam/ham_dl_preprocess_r192_20260517_185357/ISIC_0067519_eigencam_heatmap.npy,calculated,False,False,False,0.9891280420791054,,0.8516692817211151,,0.076883348619666,,isic_0067519,ham_baseline_r192_20260517_115647,0.9891280420791054,0.8516692817211151,0.076883348619666,0.0,0.0,0.0,True
9f8fc20f5b194343026305fa519af7cb1b540590bcf336c98b535643b7c28c53,eigencam,ham,ham_dl_preprocess_r192_20260517_185357,ISIC_0030653,192,adaptive_repair,False,/content/drive/MyDrive/Dissertation/edi_exports/heatmaps/eigencam/ham_baseline_r192_20260517_115647/ISIC_0030653_eigencam_heatmap.npy,/content/drive/MyDrive/Dissertation/edi_exports/heatmaps/eigencam/ham_dl_preprocess_r192_20260517_185357/ISIC_0030653_eigencam_heatmap.npy,calculated,False,False,False,0.9776015625913418,,0.9437318593263626,,0.0337336796889832,,isic_0030653,ham_baseline_r192_20260517_115647,0.9776015625913418,0.9437318593263626,0.0337336796889832,0.0,0.0,0.0,True
4517d58c225b3db9e8171ecffe1723d10aec8496661487eae669e5cf452919b9,eigencam,ham,ham_dl_preprocess_r192_20260517_185357,ISIC_0064161,192,adaptive_repair,False,/content/drive/MyDrive/Dissertation/edi_exports/heatmaps/eigencam/ham_baseline_r192_20260517_115647/ISIC_0064161_eigencam_heatmap.npy,/content/drive/MyDrive/Dissertation/edi_exports/heatmaps/eigencam/ham_dl_preprocess_r192_20260517_185357/ISIC_0064161_eigencam_heatmap.npy,calculated,False,False,False,0.9952367504724532,,0.983503356575966,,0.0094391340939037,,isic_0064161,ham_baseline_r192_20260517_115647,0.9952367504724532,0.983503356575966,0.0094391340939037,0.0,0.0,0.0,True
b2cb997045472c71475e5bc98f405e5956d7941b7015db2020670aa4d6594ee1,eigencam,ham,ham_dl_preprocess_r192_20260517_185357,ISIC_0031005,192,adaptive_repair,False,/content/drive/MyDrive/Dissertation/edi_exports/heatmaps/eigencam/ham_baseline_r192_20260517_115647/ISIC_0031005_eigencam_heatmap.npy,/content/drive/MyDrive/Dissertation/edi_exports/heatmaps/eigencam/ham_dl_preprocess_r192_20260517_185357/ISIC_0031005_eigencam_heatmap.npy,calculated,False,False,False,0.9926417797402264,,0.9123156368732452,,0.0456817366283207,,isic_0031005,ham_baseline_r192_20260517_115647,0.9926417797402264,0.9123156368732452,0.0456817366283207,0.0,0.0,0.0,True
2b8580669f09b30221c66ef6d48da33f4d6eb3a63fbcabac450fc5d0b091c50e,eigencam,ham,ham_dl_preprocess_r192_20260517_185357,ISIC_0028490,192,adaptive_repair,False,/content/drive/MyDrive/Dissertation/edi_exports/heatmaps/eigencam/ham_baseline_r192_20260517_115647/ISIC_0028490_eigencam_heatmap.npy,/content/drive/MyDrive/Dissertation/edi_exports/heatmaps/eigencam/ham_dl_preprocess_r192_20260517_185357/ISIC_0028490_eigencam_heatmap.npy,calculated,False,False,False,0.9876606940619088,,0.9564839899539948,,0.0248428315075254,,isic_0028490,ham_baseline_r192_20260517_115647,0.9876606940619088,0.9564839899539948,0.0248428315075254,0.0,0.0,0.0,True
3372b55a76b174d85d6c86a39bd08e0e2f6d31004fb590c796574549abf690f2,eigencam,ham,ham_dl_preprocess_r192_20260517_185357,ISIC_0027712,192,adaptive_repair,False,/content/drive/MyDrive/Dissertation/edi_exports/heatmaps/eigencam/ham_baseline_r192_20260517_115647/ISIC_0027712_eigencam_heatmap.npy,/content/drive/MyDrive/Dissertation/edi_exports/heatmaps/eigencam/ham_dl_preprocess_r192_20260517_185357/ISIC_0027712_eigencam_heatmap.npy,calculated,False,False,False,0.9356475516165348,,0.6289548128843307,,0.2016107056537009,,isic_0027712,ham_baseline_r192_20260517_115647,0.9356475516165348,0.6289548128843307,0.2016107056537009,0.0,0.0,0.0,True
ddda8af03a311ad826232b6efa87e6db42eed30a58664b34b10ae3c77574f361,eigencam,ham,ham_dl_preprocess_r192_20260517_185357,ISIC_0015232_DOWNSAMPLED,192,adaptive_repair,False,/content/drive/MyDrive/Dissertation/edi_exports/heatmaps/eigencam/ham_baseline_r192_20260517_115647/ISIC_0015232_downsampled_eigencam_heatmap.npy,/content/drive/MyDrive/Dissertation/edi_exports/heatmaps/eigencam/ham_dl_preprocess_r192_20260517_185357/ISIC_0015232_downsampled_eigencam_heatmap.npy,calculated,False,False,False,0.8574248629858084,,0.6521244198083878,,0.2095815743493539,,isic_0015232_downsampled,ham_baseline_r192_20260517_115647,0.8574248629858084,0.6521244198083878,0.2095815743493539,0.0,0.0,0.0,True
c9cf0d851b23fdaf27ea4484dcb8c1ea9ef8ae20689683ce0c60cb009aefe41a,eigencam,ham,ham_dl_preprocess_r192_20260517_185357,ISIC_0031745,192,adaptive_repair,False,/content/drive/MyDrive/Dissertation/edi_exports/heatmaps/eigencam/ham_baseline_r192_20260517_115647/ISIC_0031745_eigencam_heatmap.npy,/content/drive/MyDrive/Dissertation/edi_exports/heatmaps/eigencam/ham_dl_preprocess_r192_20260517_185357/ISIC_0031745_eigencam_heatmap.npy,calculated,False,False,False,0.9969359314241498,,0.9857299625873566,,0.0079010358502842,,isic_0031745,ham_baseline_r192_20260517_115647,0.9969359314241498,0.9857299625873566,0.0079010358502842,0.0,0.0,0.0,True
cd6ff604cdb19f5780610a47b04768bb7592f1037be795f3f5768652d8ed8d47,eigencam,ham,ham_dl_preprocess_r192_20260517_185357,ISIC_0027397,192,adaptive_repair,False,/content/drive/MyDrive/Dissertation/edi_exports/heatmaps/eigencam/ham_baseline_r192_20260517_115647/ISIC_0027397_eigencam_heatmap.npy,/content/drive/MyDrive/Dissertation/edi_exports/heatmaps/eigencam/ham_dl_preprocess_r192_20260517_185357/ISIC_0027397_eigencam_heatmap.npy,calculated,False,False,False,0.973559146831318,,0.7792575508356094,,0.1169814378743657,,isic_0027397,ham_baseline_r192_20260517_115647,0.973559146831318,0.7792575508356094,0.1169814378743657,0.0,0.0,0.0,True
6e3a2e63d6d79f479736e7d87a67b6e0bb7cf5b50e3fab4fec11e7277845d0d9,eigencam,ham,ham_dl_preprocess_r192_20260517_185357,ISIC_0070105,192,adaptive_repair,False,/content/drive/MyDrive/Dissertation/edi_exports/heatmaps/eigencam/ham_baseline_r192_20260517_115647/ISIC_0070105_eigencam_heatmap.npy,/content/drive/MyDrive/Dissertation/edi_exports/heatmaps/eigencam/ham_dl_preprocess_r192_20260517_185357/ISIC_0070105_eigencam_heatmap.npy,calculated,False,False,False,0.984398441413727,,0.9608373045921326,,0.0234817373505019,,isic_0070105,ham_baseline_r192_20260517_115647,0.984398441413727,0.9608373045921326,0.0234817373505019,0.0,0.0,0.0,True
8f610cee53b20e1c2ca7898fcf6cc3a48056d14e42d3b57b0500790e1bb989cc,eigencam,ham,ham_dl_preprocess_r192_20260517_185357,ISIC_0028847,192,adaptive_repair,False,/content/drive/MyDrive/Dissertation/edi_exports/heatmaps/eigencam/ham_baseline_r192_20260517_115647/ISIC_0028847_eigencam_heatmap.npy,/content/drive/MyDrive/Dissertation/edi_exports/heatmaps/eigencam/ham_dl_preprocess_r192_20260517_185357/ISIC_0028847_eigencam_heatmap.npy,calculated,False,False,False,0.9949347102476214,,0.9848498404026031,,0.008841402236793,,isic_0028847,ham_baseline_r192_20260517_115647,0.9949347102476214,0.9848498404026031,0.008841402236793,0.0,0.0,0.0,True
35e9cf2ae36fcc9881bf5e629cb694b25b9cfef746cb5e746b9207e38d3edf9e,eigencam,ham,ham_dl_preprocess_r192_20260517_185357,ISIC_0068414,192,adaptive_repair,False,/content/drive/MyDrive/Dissertation/edi_exports/heatmaps/eigencam/ham_baseline_r192_20260517_115647/ISIC_0068414_eigencam_heatmap.npy,/content/drive/MyDrive/Dissertation/edi_exports/heatmaps/eigencam/ham_dl_preprocess_r192_20260517_185357/ISIC_0068414_eigencam_heatmap.npy,calculated,False,False,False,0.8943599548966956,,0.7785530090332031,,0.1371335067592245,,isic_0068414,ham_baseline_r192_20260517_115647,0.8943599548966956,0.7785530090332031,0.1371335067592245,0.0,0.0,0.0,True
1461efd3c039c0e1e2b6eb63a3998d36dca07872c6b5b9cf5978b9fdbd999a21,eigencam,ham,ham_dl_preprocess_r192_20260517_185357,ISIC_0032425,192,adaptive_repair,False,/content/drive/MyDrive/Dissertation/edi_exports/heatmaps/eigencam/ham_baseline_r192_20260517_115647/ISIC_0032425_eigencam_heatmap.npy,/content/drive/MyDrive/Dissertation/edi_exports/heatmaps/eigencam/ham_dl_preprocess_r192_20260517_185357/ISIC_0032425_eigencam_heatmap.npy,calculated,False,False,False,0.9769577989770316,,0.9305271208286284,,0.0404969898414278,,isic_0032425,ham_baseline_r192_20260517_115647,0.9769577989770316,0.9305271208286284,0.0404969898414278,0.0,0.0,0.0,True
d86da404a9ba75a42aa34130765c41159529eeef92ebac24a351490cdbae161e,eigencam,ham,ham_dl_preprocess_r192_20260517_185357,ISIC_0031535,192,adaptive_repair,False,/content/drive/MyDrive/Dissertation/edi_exports/heatmaps/eigencam/ham_baseline_r192_20260517_115647/ISIC_0031535_eigencam_heatmap.npy,/content/drive/MyDrive/Dissertation/edi_exports/heatmaps/eigencam/ham_dl_preprocess_r192_20260517_185357/ISIC_0031535_eigencam_heatmap.npy,calculated,False,False,False,0.9005520983261087,,0.2664518011733889,,0.3916360748317783,,isic_0031535,ham_baseline_r192_20260517_115647,0.9005520983261087,0.2664518011733889,0.3916360748317783,0.0,0.0,0.0,True
cd5e3c10e64f560f492fee53d01f2c5c7092ec8e8c129d199e7b3df1080ada62,eigencam,ham,ham_dl_preprocess_r192_20260517_185357,ISIC_0027102,192,adaptive_repair,False,/content/drive/MyDrive/Dissertation/edi_exports/heatmaps/eigencam/ham_baseline_r192_20260517_115647/ISIC_0027102_eigencam_heatmap.npy,/content/drive/MyDrive/Dissertation/edi_exports/heatmaps/eigencam/ham_dl_preprocess_r192_20260517_185357/ISIC_0027102_eigencam_heatmap.npy,calculated,False,False,False,0.9906728337638612,,0.9795703440904616,,0.0125466195138038,,isic_0027102,ham_baseline_r192_20260517_115647,0.9906728337638612,0.9795703440904616,0.0125466195138038,0.0,0.0,0.0,True
481a33e2264895031965aafd603610fb635126684ebb5bb534f4fbd436841126,eigencam,ham,ham_dl_preprocess_r192_20260517_185357,ISIC_0061194,192,adaptive_repair,False,/content/drive/MyDrive/Dissertation/edi_exports/heatmaps/eigencam/ham_baseline_r192_20260517_115647/ISIC_0061194_eigencam_heatmap.npy,/content/drive/MyDrive/Dissertation/edi_exports/heatmaps/eigencam/ham_dl_preprocess_r192_20260517_185357/ISIC_0061194_eigencam_heatmap.npy,calculated,False,False,False,0.9941530927072576,,0.9912181347608566,,0.0058526594427572,,isic_0061194,ham_baseline_r192_20260517_115647,0.9941530927072576,0.9912181347608566,0.0058526594427572,0.0,0.0,0.0,True
36435a00df2215607a6ba6e8153cbc25d41998ba97436d301b17416aea4a9f84,eigencam,ham,ham_dl_preprocess_r192_20260517_185357,ISIC_0058285,192,adaptive_repair,False,/content/drive/MyDrive/Dissertation/edi_exports/heatmaps/eigencam/ham_baseline_r192_20260517_115647/ISIC_0058285_eigencam_heatmap.npy,/content/drive/MyDrive/Dissertation/edi_exports/heatmaps/eigencam/ham_dl_preprocess_r192_20260517_185357/ISIC_0058285_eigencam_heatmap.npy,calculated,False,False,False,0.9740295789349545,,0.964178279042244,,0.0244034657451394,,isic_0058285,ham_baseline_r192_20260517_115647,0.9740295789349545,0.964178279042244,0.0244034657451394,0.0,0.0,0.0,True
20ca5a9d011a2ab9718205d7ac4d6dac3c9bdce125269f799b372b8836562044,eigencam,ham,ham_dl_preprocess_r192_20260517_185357,ISIC_0028508,192,adaptive_repair,False,/content/drive/MyDrive/Dissertation/edi_exports/heatmaps/eigencam/ham_baseline_r192_20260517_115647/ISIC_0028508_eigencam_heatmap.npy,/content/drive/MyDrive/Dissertation/edi_exports/heatmaps/eigencam/ham_dl_preprocess_r192_20260517_185357/ISIC_0028508_eigencam_heatmap.npy,calculated,False,False,False,0.9908972304040206,,0.945730909705162,,0.0294102375464138,,isic_0028508,ham_baseline_r192_20260517_115647,0.9908972304040206,0.945730909705162,0.0294102375464138,0.0,0.0,0.0,True
473c411a35ecc525fd7010bf22a32c7abfdfcd65875e250c7c4b4a9e3ce68feb,eigencam,ham,ham_dl_preprocess_r192_20260517_185357,ISIC_0032063,192,adaptive_repair,False,/content/drive/MyDrive/Dissertation/edi_exports/heatmaps/eigencam/ham_baseline_r192_20260517_115647/ISIC_0032063_eigencam_heatmap.npy,/content/drive/MyDrive/Dissertation/edi_exports/heatmaps/eigencam/ham_dl_preprocess_r192_20260517_185357/ISIC_0032063_eigencam_heatmap.npy,calculated,False,False,False,0.9542422513254488,,0.9158757328987122,,0.0535015707192817,,isic_0032063,ham_baseline_r192_20260517_115647,0.9542422513254488,0.9158757328987122,0.0535015707192817,0.0,0.0,0.0,True
b419ef53172163726b4a0a2010335fe046ae58624365f8d5c8379ed5773e480e,eigencam,ham,ham_dl_preprocess_r192_20260517_185357,ISIC_0067055,192,adaptive_repair,False,/content/drive/MyDrive/Dissertation/edi_exports/heatmaps/eigencam/ham_baseline_r192_20260517_115647/ISIC_0067055_eigencam_heatmap.npy,/content/drive/MyDrive/Dissertation/edi_exports/heatmaps/eigencam/ham_dl_preprocess_r192_20260517_185357/ISIC_0067055_eigencam_heatmap.npy,calculated,False,False,False,0.9970953730380532,,0.9746806919574738,,0.0133858107617498,,isic_0067055,ham_baseline_r192_20260517_115647,0.9970953730380532,0.9746806919574738,0.0133858107617498,0.0,0.0,0.0,True
18453c628a978bf239c454053d5cbce7a6386a0218c889561e9648595e77c02f,eigencam,ham,ham_dl_preprocess_r192_20260517_185357,ISIC_0027282,192,adaptive_repair,False,/content/drive/MyDrive/Dissertation/edi_exports/heatmaps/eigencam/ham_baseline_r192_20260517_115647/ISIC_0027282_eigencam_heatmap.npy,/content/drive/MyDrive/Dissertation/edi_exports/heatmaps/eigencam/ham_dl_preprocess_r192_20260517_185357/ISIC_0027282_eigencam_heatmap.npy,calculated,False,False,False,0.979671620886597,,0.8803112208843231,,0.0649264843361892,,isic_0027282,ham_baseline_r192_20260517_115647,0.979671620886597,0.8803112208843231,0.0649264843361892,0.0,0.0,0.0,True
1cb7b92b06f94215c07e5b6512484810ce3c90cf80ee96a2fa9f7bc93c476a34,eigencam,ham,ham_dl_preprocess_r192_20260517_185357,ISIC_0068248,192,adaptive_repair,False,/content/drive/MyDrive/Dissertation/edi_exports/heatmaps/eigencam/ham_baseline_r192_20260517_115647/ISIC_0068248_eigencam_heatmap.npy,/content/drive/MyDrive/Dissertation/edi_exports/heatmaps/eigencam/ham_dl_preprocess_r192_20260517_185357/ISIC_0068248_eigencam_heatmap.npy,calculated,False,False,False,0.9579326631320936,,0.9026978313922882,,0.0591679185208324,,isic_0068248,ham_baseline_r192_20260517_115647,0.9579326631320936,0.9026978313922882,0.0591679185208324,0.0,0.0,0.0,True
53e2804d49079e52e537cb54a06c4b99cc71a76a161bbb77f0a687e5794bc39d,eigencam,ham,ham_dl_preprocess_r192_20260517_185357,ISIC_0058003,192,adaptive_repair,False,/content/drive/MyDrive/Dissertation/edi_exports/heatmaps/eigencam/ham_baseline_r192_20260517_115647/ISIC_0058003_eigencam_heatmap.npy,/content/drive/MyDrive/Dissertation/edi_exports/heatmaps/eigencam/ham_dl_preprocess_r192_20260517_185357/ISIC_0058003_eigencam_heatmap.npy,calculated,False,False,False,0.9490699059168848,,0.7932559102773666,,0.1161045683820954,,isic_0058003,ham_baseline_r192_20260517_115647,0.9490699059168848,0.7932559102773666,0.1161045683820954,0.0,0.0,0.0,True
e816024280b6968b9fa656174a5dc54d374162ddd020289ecbf8e9a05ce91518,eigencam,ham,ham_dl_preprocess_r192_20260517_185357,ISIC_0010490,192,adaptive_repair,False,/content/drive/MyDrive/Dissertation/edi_exports/heatmaps/eigencam/ham_baseline_r192_20260517_115647/ISIC_0010490_eigencam_heatmap.npy,/content/drive/MyDrive/Dissertation/edi_exports/heatmaps/eigencam/ham_dl_preprocess_r192_20260517_185357/ISIC_0010490_eigencam_heatmap.npy,calculated,False,False,False,0.9905092864122566,,0.9419927299022676,,0.0313763134458021,,isic_0010490,ham_baseline_r192_20260517_115647,0.9905092864122566,0.9419927299022676,0.0313763134458021,0.0,0.0,0.0,True
54a2887428a0bc6cdd30f3fb45b4b390cbf796ff3d7cbc1b03e0428f247b8405,eigencam,ham,ham_dl_preprocess_r192_20260517_185357,ISIC_0033153,192,adaptive_repair,False,/content/drive/MyDrive/Dissertation/edi_exports/heatmaps/eigencam/ham_baseline_r192_20260517_115647/ISIC_0033153_eigencam_heatmap.npy,/content/drive/MyDrive/Dissertation/edi_exports/heatmaps/eigencam/ham_dl_preprocess_r192_20260517_185357/ISIC_0033153_eigencam_heatmap.npy,calculated,False,False,False,0.846079508816656,,0.7029067724943161,,0.1870267365486779,,isic_0033153,ham_baseline_r192_20260517_115647,0.846079508816656,0.7029067724943161,0.1870267365486779,0.0,0.0,0.0,True
6f934516929f8be5edc7b9b549ed13411f63ac4093153061af366b96eae8e958,eigencam,ham,ham_dl_preprocess_r192_20260517_185357,ISIC_0073194,192,adaptive_repair,False,/content/drive/MyDrive/Dissertation/edi_exports/heatmaps/eigencam/ham_baseline_r192_20260517_115647/ISIC_0073194_eigencam_heatmap.npy,/content/drive/MyDrive/Dissertation/edi_exports/heatmaps/eigencam/ham_dl_preprocess_r192_20260517_185357/ISIC_0073194_eigencam_heatmap.npy,calculated,False,False,False,0.9985911313782398,,0.9950799643993378,,0.0028122349557711,,isic_0073194,ham_baseline_r192_20260517_115647,0.9985911313782398,0.9950799643993378,0.0028122349557711,0.0,0.0,0.0,True
349ee897ffd58c8e1c1f220765ea9585e716fc5a0cbb15b346bee3ce64a12e2b,eigencam,ham,ham_dl_preprocess_r192_20260517_185357,ISIC_0028273,192,adaptive_repair,False,/content/drive/MyDrive/Dissertation/edi_exports/heatmaps/eigencam/ham_baseline_r192_20260517_115647/ISIC_0028273_eigencam_heatmap.npy,/content/drive/MyDrive/Dissertation/edi_exports/heatmaps/eigencam/ham_dl_preprocess_r192_20260517_185357/ISIC_0028273_eigencam_heatmap.npy,calculated,False,False,False,0.9263388040836866,,0.6098921820521355,,0.2134692079530106,,isic_0028273,ham_baseline_r192_20260517_115647,0.9263388040836866,0.6098921820521355,0.2134692079530106,0.0,0.0,0.0,True
604d91da44241c99e52ed48978046298c6ebecd80c9cc38756bcd6623259e309,eigencam,ham,ham_dl_preprocess_r192_20260517_185357,ISIC_0068778,192,adaptive_repair,False,/content/drive/MyDrive/Dissertation/edi_exports/heatmaps/eigencam/ham_baseline_r192_20260517_115647/ISIC_0068778_eigencam_heatmap.npy,/content/drive/MyDrive/Dissertation/edi_exports/heatmaps/eigencam/ham_dl_preprocess_r192_20260517_185357/ISIC_0068778_eigencam_heatmap.npy,calculated,False,False,False,0.9879572263041368,,0.9447171092033386,,0.0306521388222965,,isic_0068778,ham_baseline_r192_20260517_115647,0.9879572263041368,0.9447171092033386,0.0306521388222965,0.0,0.0,0.0,True
1566381266a9c346274aaf1814873f1a64d4c09e00ba4a12736f6b55e24aaed7,eigencam,ham,ham_dl_preprocess_r192_20260517_185357,ISIC_0033654,192,adaptive_repair,False,/content/drive/MyDrive/Dissertation/edi_exports/heatmaps/eigencam/ham_baseline_r192_20260517_115647/ISIC_0033654_eigencam_heatmap.npy,/content/drive/MyDrive/Dissertation/edi_exports/heatmaps/eigencam/ham_dl_preprocess_r192_20260517_185357/ISIC_0033654_eigencam_heatmap.npy,calculated,False,False,False,0.9852931462623918,,0.9531662613153458,,0.0270935827767291,,isic_0033654,ham_baseline_r192_20260517_115647,0.9852931462623918,0.9531662613153458,0.0270935827767291,0.0,0.0,0.0,True
d5f0dbd82319da5392e19e784f36b8b17f10704c8dbe37ccdae7ca679722f621,eigencam,ham,ham_dl_preprocess_r192_20260517_185357,ISIC_0028226,192,adaptive_repair,False,/content/drive/MyDrive/Dissertation/edi_exports/heatmaps/eigencam/ham_baseline_r192_20260517_115647/ISIC_0028226_eigencam_heatmap.npy,/content/drive/MyDrive/Dissertation/edi_exports/heatmaps/eigencam/ham_dl_preprocess_r192_20260517_185357/ISIC_0028226_eigencam_heatmap.npy,calculated,False,False,False,0.5935687785809188,,0.4135630056262016,,0.3948263025416695,,isic_0028226,ham_baseline_r192_20260517_115647,0.5935687785809188,0.4135630056262016,0.3948263025416695,0.0,0.0,0.0,True
766398f37383d640174dd3c316b7f3b03492a428a7bb73b54c75ee890dc74fbe,eigencam,ham,ham_dl_preprocess_r192_20260517_185357,ISIC_0054787,192,adaptive_repair,False,/content/drive/MyDrive/Dissertation/edi_exports/heatmaps/eigencam/ham_baseline_r192_20260517_115647/ISIC_0054787_eigencam_heatmap.npy,/content/drive/MyDrive/Dissertation/edi_exports/heatmaps/eigencam/ham_dl_preprocess_r192_20260517_185357/ISIC_0054787_eigencam_heatmap.npy,calculated,False,False,False,0.998777410976466,,0.987713858485222,,0.0064487180132726,,isic_0054787,ham_baseline_r192_20260517_115647,0.998777410976466,0.987713858485222,0.0064487180132726,0.0,0.0,0.0,True
00998f685865fde8f95c43faba451e5fe1f865d39bcb5013b98d67b858e220b6,eigencam,ham,ham_dl_preprocess_r192_20260517_185357,ISIC_0059680,192,adaptive_repair,False,/content/drive/MyDrive/Dissertation/edi_exports/heatmaps/eigencam/ham_baseline_r192_20260517_115647/ISIC_0059680_eigencam_heatmap.npy,/content/drive/MyDrive/Dissertation/edi_exports/heatmaps/eigencam/ham_dl_preprocess_r192_20260517_185357/ISIC_0059680_eigencam_heatmap.npy,calculated,False,False,False,0.9880305671344016,,0.91990165412426,,0.0430415311542696,,isic_0059680,ham_baseline_r192_20260517_115647,0.9880305671344016,0.91990165412426,0.0430415311542696,0.0,0.0,0.0,True
f94b1e3fc06d3ed3d16f42d341be2676b32f0ef7356e62e21c64855e26d419ad,eigencam,ham,ham_dullrazor_r192_20260517_115716,ISIC_0027358,192,adaptive_repair,False,/content/drive/MyDrive/Dissertation/edi_exports/heatmaps/eigencam/ham_baseline_r192_20260517_115647/ISIC_0027358_eigencam_heatmap.npy,/content/drive/MyDrive/Dissertation/edi_exports/heatmaps/eigencam/ham_dullrazor_r192_20260517_115716/ISIC_0027358_eigencam_heatmap.npy,calculated,False,False,False,0.99798811436732,,0.9806158691644667,,0.0101950368259365,,isic_0027358,ham_baseline_r192_20260517_115647,0.99798811436732,0.9806158691644667,0.0101950368259365,0.0,0.0,0.0,True
d3429a0aa98224fcbc87f56f09a9c19ad4202e314e8b764677df03e92f50bf8a,eigencam,ham,ham_dullrazor_r192_20260517_115716,ISIC_0030752,192,adaptive_repair,False,/content/drive/MyDrive/Dissertation/edi_exports/heatmaps/eigencam/ham_baseline_r192_20260517_115647/ISIC_0030752_eigencam_heatmap.npy,/content/drive/MyDrive/Dissertation/edi_exports/heatmaps/eigencam/ham_dullrazor_r192_20260517_115716/ISIC_0030752_eigencam_heatmap.npy,calculated,False,False,False,0.9975990251387384,,0.9871075749397278,,0.0070464562454515,,isic_0030752,ham_baseline_r192_20260517_115647,0.9975990251387384,0.9871075749397278,0.0070464562454515,0.0,0.0,0.0,True
df266971adc4c04b8ba60732a9066159ce536b0f22d3037795fc85bcde352733,eigencam,ham,ham_dullrazor_r192_20260517_115716,ISIC_0029786,192,adaptive_repair,False,/content/drive/MyDrive/Dissertation/edi_exports/heatmaps/eigencam/ham_baseline_r192_20260517_115647/ISIC_0029786_eigencam_heatmap.npy,/content/drive/MyDrive/Dissertation/edi_exports/heatmaps/eigencam/ham_dullrazor_r192_20260517_115716/ISIC_0029786_eigencam_heatmap.npy,calculated,False,False,False,0.998193878881949,,0.9927601963281631,,0.0040714321154311,,isic_0029786,ham_baseline_r192_20260517_115647,0.998193878881949,0.9927601963281631,0.0040714321154311,0.0,0.0,0.0,True
bca1764f86437311caf41b2c9b535b50a0f41a6e6a8b2517a3c2d806510d5551,eigencam,ham,ham_dullrazor_r192_20260517_115716,ISIC_0026652,192,adaptive_repair,False,/content/drive/MyDrive/Dissertation/edi_exports/heatmaps/eigencam/ham_baseline_r192_20260517_115647/ISIC_0026652_eigencam_heatmap.npy,/content/drive/MyDrive/Dissertation/edi_exports/heatmaps/eigencam/ham_dullrazor_r192_20260517_115716/ISIC_0026652_eigencam_heatmap.npy,calculated,False,False,False,0.99969311181484,,0.992137685418129,,0.0040078793372255,,isic_0026652,ham_baseline_r192_20260517_115647,0.99969311181484,0.992137685418129,0.0040078793372255,0.0,0.0,0.0,True
ea80ad92d7976369620168e189a5c26131cf2934537f5b1a0d4bcb507e674504,eigencam,ham,ham_dullrazor_r192_20260517_115716,ISIC_0032833,192,adaptive_repair,False,/content/drive/MyDrive/Dissertation/edi_exports/heatmaps/eigencam/ham_baseline_r192_20260517_115647/ISIC_0032833_eigencam_heatmap.npy,/content/drive/MyDrive/Dissertation/edi_exports/heatmaps/eigencam/ham_dullrazor_r192_20260517_115716/ISIC_0032833_eigencam_heatmap.npy,calculated,False,False,False,0.9941474614974668,,0.982361137866974,,0.0102825656921463,,isic_0032833,ham_baseline_r192_20260517_115647,0.9941474614974668,0.982361137866974,0.0102825656921463,0.0,0.0,0.0,True
532556fa5d168a549b8abae038fe91be7c799ef3ceba6f357a4a4432cb7f6374,eigencam,ham,ham_dullrazor_r192_20260517_115716,ISIC_0031445,192,adaptive_repair,False,/content/drive/MyDrive/Dissertation/edi_exports/heatmaps/eigencam/ham_baseline_r192_20260517_115647/ISIC_0031445_eigencam_heatmap.npy,/content/drive/MyDrive/Dissertation/edi_exports/heatmaps/eigencam/ham_dullrazor_r192_20260517_115716/ISIC_0031445_eigencam_heatmap.npy,calculated,False,False,False,0.9822991200483076,,0.8959305137395859,,0.0564599631181301,,isic_0031445,ham_baseline_r192_20260517_115647,0.9822991200483076,0.8959305137395859,0.0564599631181301,0.0,0.0,0.0,True
b95ab217ff52600edf39c3130c2bc0161584c3482537a41d3d26c187ed192040,eigencam,ham,ham_dullrazor_r192_20260517_115716,ISIC_0063544,192,adaptive_repair,False,/content/drive/MyDrive/Dissertation/edi_exports/heatmaps/eigencam/ham_baseline_r192_20260517_115647/ISIC_0063544_eigencam_heatmap.npy,/content/drive/MyDrive/Dissertation/edi_exports/heatmaps/eigencam/ham_dullrazor_r192_20260517_115716/ISIC_0063544_eigencam_heatmap.npy,calculated,False,False,False,0.9988078999454866,,0.9944892674684525,,0.0030533912794021,,isic_0063544,ham_baseline_r192_20260517_115647,0.9988078999454866,0.9944892674684525,0.0030533912794021,0.0,0.0,0.0,True
98e03e3fe079a97ae7a8029dee11b91e3e8bad6de990bec02211fa0c9304732b,eigencam,ham,ham_dullrazor_r192_20260517_115716,ISIC_0053615,192,adaptive_repair,False,/content/drive/MyDrive/Dissertation/edi_exports/heatmaps/eigencam/ham_baseline_r192_20260517_115647/ISIC_0053615_eigencam_heatmap.npy,/content/drive/MyDrive/Dissertation/edi_exports/heatmaps/eigencam/ham_dullrazor_r192_20260517_115716/ISIC_0053615_eigencam_heatmap.npy,calculated,False,False,False,0.9946425162900258,,0.9753833413124084,,0.0136477002712893,,isic_0053615,ham_baseline_r192_20260517_115647,0.9946425162900258,0.9753833413124084,0.0136477002712893,0.0,0.0,0.0,True
ad71b8f1049a37a875b64bcd37c40612679ad2adbb0e5a71812c5876c0466c35,eigencam,ham,ham_dullrazor_r192_20260517_115716,ISIC_0067519,192,adaptive_repair,False,/content/drive/MyDrive/Dissertation/edi_exports/heatmaps/eigencam/ham_baseline_r192_20260517_115647/ISIC_0067519_eigencam_heatmap.npy,/content/drive/MyDrive/Dissertation/edi_exports/heatmaps/eigencam/ham_dullrazor_r192_20260517_115716/ISIC_0067519_eigencam_heatmap.npy,calculated,False,False,False,0.9980200282755004,,0.9751992523670197,,0.012895366747615,,isic_0067519,ham_baseline_r192_20260517_115647,0.9980200282755004,0.9751992523670197,0.012895366747615,0.0,0.0,0.0,True
aa8ea8375fa38bc2f1725d5e852fe6eac8526dabd4107549cd2e7f8a807d6a8f,eigencam,ham,ham_dullrazor_r192_20260517_115716,ISIC_0030653,192,adaptive_repair,False,/content/drive/MyDrive/Dissertation/edi_exports/heatmaps/eigencam/ham_baseline_r192_20260517_115647/ISIC_0030653_eigencam_heatmap.npy,/content/drive/MyDrive/Dissertation/edi_exports/heatmaps/eigencam/ham_dullrazor_r192_20260517_115716/ISIC_0030653_eigencam_heatmap.npy,calculated,False,False,False,0.9955386209266176,,0.9854388535022736,,0.0083959180172087,,isic_0030653,ham_baseline_r192_20260517_115647,0.9955386209266176,0.9854388535022736,0.0083959180172087,0.0,0.0,0.0,True
363d7c0191eea0a9ba1f33adee51ad2cfe90d6bfaad24866172f2066ca115db4,eigencam,ham,ham_dullrazor_r192_20260517_115716,ISIC_0064161,192,adaptive_repair,False,/content/drive/MyDrive/Dissertation/edi_exports/heatmaps/eigencam/ham_baseline_r192_20260517_115647/ISIC_0064161_eigencam_heatmap.npy,/content/drive/MyDrive/Dissertation/edi_exports/heatmaps/eigencam/ham_dullrazor_r192_20260517_115716/ISIC_0064161_eigencam_heatmap.npy,calculated,False,False,False,0.9975551397048338,,0.9870731830596924,,0.0070746235439453,,isic_0064161,ham_baseline_r192_20260517_115647,0.9975551397048338,0.9870731830596924,0.0070746235439453,0.0,0.0,0.0,True
d83413d19112c2741c09ad9221d44cec1c371c63fa2fb3779aac24af2615d76d,eigencam,ham,ham_dullrazor_r192_20260517_115716,ISIC_0031005,192,adaptive_repair,False,/content/drive/MyDrive/Dissertation/edi_exports/heatmaps/eigencam/ham_baseline_r192_20260517_115647/ISIC_0031005_eigencam_heatmap.npy,/content/drive/MyDrive/Dissertation/edi_exports/heatmaps/eigencam/ham_dullrazor_r192_20260517_115716/ISIC_0031005_eigencam_heatmap.npy,calculated,False,False,False,0.997797745356598,,0.97727932035923,,0.0119109034812354,,isic_0031005,ham_baseline_r192_20260517_115647,0.997797745356598,0.97727932035923,0.0119109034812354,0.0,0.0,0.0,True
534cbc776ec6e53d90120e1628e578cbbb71257a1424b076b8dd798306e19ddd,eigencam,ham,ham_dullrazor_r192_20260517_115716,ISIC_0028490,192,adaptive_repair,False,/content/drive/MyDrive/Dissertation/edi_exports/heatmaps/eigencam/ham_baseline_r192_20260517_115647/ISIC_0028490_eigencam_heatmap.npy,/content/drive/MyDrive/Dissertation/edi_exports/heatmaps/eigencam/ham_dullrazor_r192_20260517_115716/ISIC_0028490_eigencam_heatmap.npy,calculated,False,False,False,0.995952414403886,,0.983673945069313,,0.009174923864372,,isic_0028490,ham_baseline_r192_20260517_115647,0.995952414403886,0.983673945069313,0.009174923864372,0.0,0.0,0.0,True
512824fe52254df2bcdc147a0d5f688a150110468df8fa183e4b72ece63325d5,eigencam,ham,ham_dullrazor_r192_20260517_115716,ISIC_0027712,192,adaptive_repair,False,/content/drive/MyDrive/Dissertation/edi_exports/heatmaps/eigencam/ham_baseline_r192_20260517_115647/ISIC_0027712_eigencam_heatmap.npy,/content/drive/MyDrive/Dissertation/edi_exports/heatmaps/eigencam/ham_dullrazor_r192_20260517_115716/ISIC_0027712_eigencam_heatmap.npy,calculated,False,False,False,0.9819533298554322,,0.8906860500574112,,0.0591686425074363,,isic_0027712,ham_baseline_r192_20260517_115647,0.9819533298554322,0.8906860500574112,0.0591686425074363,0.0,0.0,0.0,True
ba7085b33dfa71ea35f17565c558d190b3bfa02925d618e9ce0de7fed591106e,eigencam,ham,ham_dullrazor_r192_20260517_115716,ISIC_0015232_DOWNSAMPLED,192,adaptive_repair,False,/content/drive/MyDrive/Dissertation/edi_exports/heatmaps/eigencam/ham_baseline_r192_20260517_115647/ISIC_0015232_downsampled_eigencam_heatmap.npy,/content/drive/MyDrive/Dissertation/edi_exports/heatmaps/eigencam/ham_dullrazor_r192_20260517_115716/ISIC_0015232_downsampled_eigencam_heatmap.npy,calculated,False,False,False,0.990447929984248,,0.97223562002182,,0.0162702074930279,,isic_0015232_downsampled,ham_baseline_r192_20260517_115647,0.990447929984248,0.97223562002182,0.0162702074930279,0.0,0.0,0.0,True
837eeb0bbee50058aedf16b88ee90ef8ac1aa1bdd491d22d5b3ce627b7f3cc0c,eigencam,ham,ham_dullrazor_r192_20260517_115716,ISIC_0031745,192,adaptive_repair,False,/content/drive/MyDrive/Dissertation/edi_exports/heatmaps/eigencam/ham_baseline_r192_20260517_115647/ISIC_0031745_eigencam_heatmap.npy,/content/drive/MyDrive/Dissertation/edi_exports/heatmaps/eigencam/ham_dullrazor_r192_20260517_115716/ISIC_0031745_eigencam_heatmap.npy,calculated,False,False,False,0.9976082551428508,,0.9871665388345718,,0.0070146667970013,,isic_0031745,ham_baseline_r192_20260517_115647,0.9976082551428508,0.9871665388345718,0.0070146667970013,0.0,0.0,0.0,True
44f93225800f3276869b77a546c687f6929763ed37ed9713790837c999eb370e,eigencam,ham,ham_dullrazor_r192_20260517_115716,ISIC_0027397,192,adaptive_repair,False,/content/drive/MyDrive/Dissertation/edi_exports/heatmaps/eigencam/ham_baseline_r192_20260517_115647/ISIC_0027397_eigencam_heatmap.npy,/content/drive/MyDrive/Dissertation/edi_exports/heatmaps/eigencam/ham_dullrazor_r192_20260517_115716/ISIC_0027397_eigencam_heatmap.npy,calculated,False,False,False,0.9863775457387468,,0.8804361671209335,,0.0631875300048465,,isic_0027397,ham_baseline_r192_20260517_115647,0.9863775457387468,0.8804361671209335,0.0631875300048465,0.0,0.0,0.0,True
427b05bf9f9c9791219003c777ea5b3f46ec9f0c30e6e32451c1a9fd03d10fed,eigencam,ham,ham_dullrazor_r192_20260517_115716,ISIC_0070105,192,adaptive_repair,False,/content/drive/MyDrive/Dissertation/edi_exports/heatmaps/eigencam/ham_baseline_r192_20260517_115647/ISIC_0070105_eigencam_heatmap.npy,/content/drive/MyDrive/Dissertation/edi_exports/heatmaps/eigencam/ham_dullrazor_r192_20260517_115716/ISIC_0070105_eigencam_heatmap.npy,calculated,False,False,False,0.9929768460650172,,0.9825798869132996,,0.0104658450270959,,isic_0070105,ham_baseline_r192_20260517_115647,0.9929768460650172,0.9825798869132996,0.0104658450270959,0.0,0.0,0.0,True
ac4ce227bc2e5b24b7dc524e5176441a985964d8487eae21cb5086a336716b82,eigencam,ham,ham_dullrazor_r192_20260517_115716,ISIC_0028847,192,adaptive_repair,False,/content/drive/MyDrive/Dissertation/edi_exports/heatmaps/eigencam/ham_baseline_r192_20260517_115647/ISIC_0028847_eigencam_heatmap.npy,/content/drive/MyDrive/Dissertation/edi_exports/heatmaps/eigencam/ham_dullrazor_r192_20260517_115716/ISIC_0028847_eigencam_heatmap.npy,calculated,False,False,False,0.9986689720138991,,0.9978833049535752,,0.0013911045197376,,isic_0028847,ham_baseline_r192_20260517_115647,0.9986689720138991,0.9978833049535752,0.0013911045197376,0.0,0.0,0.0,True
dd3142684736a5e409a53e596e89d81d3e763f3edd9f55f5267cf40a0e28be98,eigencam,ham,ham_dullrazor_r192_20260517_115716,ISIC_0068414,192,adaptive_repair,False,/content/drive/MyDrive/Dissertation/edi_exports/heatmaps/eigencam/ham_baseline_r192_20260517_115647/ISIC_0068414_eigencam_heatmap.npy,/content/drive/MyDrive/Dissertation/edi_exports/heatmaps/eigencam/ham_dullrazor_r192_20260517_115716/ISIC_0068414_eigencam_heatmap.npy,calculated,False,False,False,0.9872702224969068,,0.9750007539987564,,0.0156820673763951,,isic_0068414,ham_baseline_r192_20260517_115647,0.9872702224969068,0.9750007539987564,0.0156820673763951,0.0,0.0,0.0,True
1ebfd048a0cc0f6e1fcd4ccf94b1df296f118cc97ff7f5f45ea94847a13e115d,eigencam,ham,ham_dullrazor_r192_20260517_115716,ISIC_0032425,192,adaptive_repair,False,/content/drive/MyDrive/Dissertation/edi_exports/heatmaps/eigencam/ham_baseline_r192_20260517_115647/ISIC_0032425_eigencam_heatmap.npy,/content/drive/MyDrive/Dissertation/edi_exports/heatmaps/eigencam/ham_dullrazor_r192_20260517_115716/ISIC_0032425_eigencam_heatmap.npy,calculated,False,False,False,0.9985601994554422,,0.9973760694265366,,0.0016719154228711,,isic_0032425,ham_baseline_r192_20260517_115647,0.9985601994554422,0.9973760694265366,0.0016719154228711,0.0,0.0,0.0,True
fadfd1c24679c9712a3d68d83754eff15edae86d2b7ea868fcac32e98f6ff648,eigencam,ham,ham_dullrazor_r192_20260517_115716,ISIC_0031535,192,adaptive_repair,False,/content/drive/MyDrive/Dissertation/edi_exports/heatmaps/eigencam/ham_baseline_r192_20260517_115647/ISIC_0031535_eigencam_heatmap.npy,/content/drive/MyDrive/Dissertation/edi_exports/heatmaps/eigencam/ham_dullrazor_r192_20260517_115716/ISIC_0031535_eigencam_heatmap.npy,calculated,False,False,False,0.9682342941747358,,0.6877188086509705,,0.1640820221308307,,isic_0031535,ham_baseline_r192_20260517_115647,0.9682342941747358,0.6877188086509705,0.1640820221308307,0.0,0.0,0.0,True
de6ac40a78cc9a3b1884895ee868faae33705e4e976e97113563fd27edea10f4,eigencam,ham,ham_dullrazor_r192_20260517_115716,ISIC_0027102,192,adaptive_repair,False,/content/drive/MyDrive/Dissertation/edi_exports/heatmaps/eigencam/ham_baseline_r192_20260517_115647/ISIC_0027102_eigencam_heatmap.npy,/content/drive/MyDrive/Dissertation/edi_exports/heatmaps/eigencam/ham_dullrazor_r192_20260517_115716/ISIC_0027102_eigencam_heatmap.npy,calculated,False,False,False,0.9972826237895244,,0.995711624622345,,0.0028235317414464,,isic_0027102,ham_baseline_r192_20260517_115647,0.9972826237895244,0.995711624622345,0.0028235317414464,0.0,0.0,0.0,True
e6b0322ad315cfd57ee1533b7c36ff834c6b0eeb80f2dd7f51c08040de85e36b,eigencam,ham,ham_dullrazor_r192_20260517_115716,ISIC_0061194,192,adaptive_repair,False,/content/drive/MyDrive/Dissertation/edi_exports/heatmaps/eigencam/ham_baseline_r192_20260517_115647/ISIC_0061194_eigencam_heatmap.npy,/content/drive/MyDrive/Dissertation/edi_exports/heatmaps/eigencam/ham_dullrazor_r192_20260517_115716/ISIC_0061194_eigencam_heatmap.npy,calculated,False,False,False,0.9989683718068408,,0.9986583888530732,,0.0009287126217532,,isic_0061194,ham_baseline_r192_20260517_115647,0.9989683718068408,0.9986583888530732,0.0009287126217532,0.0,0.0,0.0,True
a05587eb5ea29a113ee9f7e627311448e333be5ce168136764e418ee36ce8955,eigencam,ham,ham_dullrazor_r192_20260517_115716,ISIC_0058285,192,adaptive_repair,False,/content/drive/MyDrive/Dissertation/edi_exports/heatmaps/eigencam/ham_baseline_r192_20260517_115647/ISIC_0058285_eigencam_heatmap.npy,/content/drive/MyDrive/Dissertation/edi_exports/heatmaps/eigencam/ham_dullrazor_r192_20260517_115716/ISIC_0058285_eigencam_heatmap.npy,calculated,False,False,False,0.9954949800244242,,0.9918289482593536,,0.0052117808642171,,isic_0058285,ham_baseline_r192_20260517_115647,0.9954949800244242,0.9918289482593536,0.0052117808642171,0.0,0.0,0.0,True
970363e9efe92a5f551927061f5a886843729a6756a485baef58bdd514b144a5,eigencam,ham,ham_dullrazor_r192_20260517_115716,ISIC_0028508,192,adaptive_repair,False,/content/drive/MyDrive/Dissertation/edi_exports/heatmaps/eigencam/ham_baseline_r192_20260517_115647/ISIC_0028508_eigencam_heatmap.npy,/content/drive/MyDrive/Dissertation/edi_exports/heatmaps/eigencam/ham_dullrazor_r192_20260517_115716/ISIC_0028508_eigencam_heatmap.npy,calculated,False,False,False,0.9983177501364884,,0.9960240721702576,,0.0024085263807491,,isic_0028508,ham_baseline_r192_20260517_115647,0.9983177501364884,0.9960240721702576,0.0024085263807491,0.0,0.0,0.0,True
77824f2bd5403ebfa466415769718864cdc872ac79064da6563356cdb79fd1d0,eigencam,ham,ham_dullrazor_r192_20260517_115716,ISIC_0032063,192,adaptive_repair,False,/content/drive/MyDrive/Dissertation/edi_exports/heatmaps/eigencam/ham_baseline_r192_20260517_115647/ISIC_0032063_eigencam_heatmap.npy,/content/drive/MyDrive/Dissertation/edi_exports/heatmaps/eigencam/ham_dullrazor_r192_20260517_115716/ISIC_0032063_eigencam_heatmap.npy,calculated,False,False,False,0.992839197006646,,0.9897528439760208,,0.006913778760328,,isic_0032063,ham_baseline_r192_20260517_115647,0.992839197006646,0.9897528439760208,0.006913778760328,0.0,0.0,0.0,True
4a05eb14b7c277ac5f375609268ec6ae4e1565930a578e64ef23b44ed9ad55c1,eigencam,ham,ham_dullrazor_r192_20260517_115716,ISIC_0067055,192,adaptive_repair,False,/content/drive/MyDrive/Dissertation/edi_exports/heatmaps/eigencam/ham_baseline_r192_20260517_115647/ISIC_0067055_eigencam_heatmap.npy,/content/drive/MyDrive/Dissertation/edi_exports/heatmaps/eigencam/ham_dullrazor_r192_20260517_115716/ISIC_0067055_eigencam_heatmap.npy,calculated,False,False,False,0.9995154168334724,,0.9962146431207656,,0.002013824231249,,isic_0067055,ham_baseline_r192_20260517_115647,0.9995154168334724,0.9962146431207656,0.002013824231249,0.0,0.0,0.0,True
227367fa47100df8718579496778d20b4572403d8b2a040603f0fd39e94a7343,eigencam,ham,ham_dullrazor_r192_20260517_115716,ISIC_0027282,192,adaptive_repair,False,/content/drive/MyDrive/Dissertation/edi_exports/heatmaps/eigencam/ham_baseline_r192_20260517_115647/ISIC_0027282_eigencam_heatmap.npy,/content/drive/MyDrive/Dissertation/edi_exports/heatmaps/eigencam/ham_dullrazor_r192_20260517_115716/ISIC_0027282_eigencam_heatmap.npy,calculated,False,False,False,0.996853965259246,,0.9868739098310472,,0.007349553769665,,isic_0027282,ham_baseline_r192_20260517_115647,0.996853965259246,0.9868739098310472,0.007349553769665,0.0,0.0,0.0,True
fdb8e263409faee07cae02fc04e1fd0b59dc82de3935f8e6d6b201491f9e1617,eigencam,ham,ham_dullrazor_r192_20260517_115716,ISIC_0068248,192,adaptive_repair,False,/content/drive/MyDrive/Dissertation/edi_exports/heatmaps/eigencam/ham_baseline_r192_20260517_115647/ISIC_0068248_eigencam_heatmap.npy,/content/drive/MyDrive/Dissertation/edi_exports/heatmaps/eigencam/ham_dullrazor_r192_20260517_115716/ISIC_0068248_eigencam_heatmap.npy,calculated,False,False,False,0.9907088559223916,,0.9769658893346786,,0.0138398413520627,,isic_0068248,ham_baseline_r192_20260517_115647,0.9907088559223916,0.9769658893346786,0.0138398413520627,0.0,0.0,0.0,True
fc8e41cf93f34a83d948bc8421329d15d7b00b2c3e369991440f0fe2ae8e712f,eigencam,ham,ham_dullrazor_r192_20260517_115716,ISIC_0058003,192,adaptive_repair,False,/content/drive/MyDrive/Dissertation/edi_exports/heatmaps/eigencam/ham_baseline_r192_20260517_115647/ISIC_0058003_eigencam_heatmap.npy,/content/drive/MyDrive/Dissertation/edi_exports/heatmaps/eigencam/ham_dullrazor_r192_20260517_115716/ISIC_0058003_eigencam_heatmap.npy,calculated,False,False,False,0.9968202196826246,,0.9894965142011642,,0.0060466879787617,,isic_0058003,ham_baseline_r192_20260517_115647,0.9968202196826246,0.9894965142011642,0.0060466879787617,0.0,0.0,0.0,True
4ba1efb2bc0082853118e1349bad36c12a0d3afae27076d20dfb7f7942e946ba,eigencam,ham,ham_dullrazor_r192_20260517_115716,ISIC_0010490,192,adaptive_repair,False,/content/drive/MyDrive/Dissertation/edi_exports/heatmaps/eigencam/ham_baseline_r192_20260517_115647/ISIC_0010490_eigencam_heatmap.npy,/content/drive/MyDrive/Dissertation/edi_exports/heatmaps/eigencam/ham_dullrazor_r192_20260517_115716/ISIC_0010490_eigencam_heatmap.npy,calculated,False,False,False,0.99839238065204,,0.9898190200328828,,0.0054923948205486,,isic_0010490,ham_baseline_r192_20260517_115647,0.99839238065204,0.9898190200328828,0.0054923948205486,0.0,0.0,0.0,True
86cd5f72cd62a364d40fa6207c2b339f52a6f84064e943da64138a765c68d5f6,eigencam,ham,ham_dullrazor_r192_20260517_115716,ISIC_0033153,192,adaptive_repair,False,/content/drive/MyDrive/Dissertation/edi_exports/heatmaps/eigencam/ham_baseline_r192_20260517_115647/ISIC_0033153_eigencam_heatmap.npy,/content/drive/MyDrive/Dissertation/edi_exports/heatmaps/eigencam/ham_dullrazor_r192_20260517_115716/ISIC_0033153_eigencam_heatmap.npy,calculated,False,False,False,0.9651291113518284,,0.941322699189186,,0.0380563725674498,,isic_0033153,ham_baseline_r192_20260517_115647,0.9651291113518284,0.941322699189186,0.0380563725674498,0.0,0.0,0.0,True
bc5dc860ae5eb0d9f377681fd176c86e8544b0569b1820bf34ce3600f3b05121,eigencam,ham,ham_dullrazor_r192_20260517_115716,ISIC_0073194,192,adaptive_repair,False,/content/drive/MyDrive/Dissertation/edi_exports/heatmaps/eigencam/ham_baseline_r192_20260517_115647/ISIC_0073194_eigencam_heatmap.npy,/content/drive/MyDrive/Dissertation/edi_exports/heatmaps/eigencam/ham_dullrazor_r192_20260517_115716/ISIC_0073194_eigencam_heatmap.npy,calculated,False,False,False,0.9998275149220732,,0.9998101145029068,,0.0001380640180282,,isic_0073194,ham_baseline_r192_20260517_115647,0.9998275149220732,0.9998101145029068,0.0001380640180282,0.0,0.0,0.0,True
661a259f94630962bb678db62974f7e9db39293f90fad2e9b50b35cf37f2c5b6,eigencam,ham,ham_dullrazor_r192_20260517_115716,ISIC_0028273,192,adaptive_repair,False,/content/drive/MyDrive/Dissertation/edi_exports/heatmaps/eigencam/ham_baseline_r192_20260517_115647/ISIC_0028273_eigencam_heatmap.npy,/content/drive/MyDrive/Dissertation/edi_exports/heatmaps/eigencam/ham_dullrazor_r192_20260517_115716/ISIC_0028273_eigencam_heatmap.npy,calculated,False,False,False,0.9728442743470228,,0.847401425242424,,0.0830882187920322,,isic_0028273,ham_baseline_r192_20260517_115647,0.9728442743470228,0.847401425242424,0.0830882187920322,0.0,0.0,0.0,True
a5d63f004be8f97eabec128f9ec7f54af904bfe8fc872597e4610d729ebe22e6,eigencam,ham,ham_dullrazor_r192_20260517_115716,ISIC_0068778,192,adaptive_repair,False,/content/drive/MyDrive/Dissertation/edi_exports/heatmaps/eigencam/ham_baseline_r192_20260517_115647/ISIC_0068778_eigencam_heatmap.npy,/content/drive/MyDrive/Dissertation/edi_exports/heatmaps/eigencam/ham_dullrazor_r192_20260517_115716/ISIC_0068778_eigencam_heatmap.npy,calculated,False,False,False,0.993144141839688,,0.9619189351797104,,0.0207544969502228,,isic_0068778,ham_baseline_r192_20260517_115647,0.993144141839688,0.9619189351797104,0.0207544969502228,0.0,0.0,0.0,True
dba46c8583bb06d07058fb875f26f8be6ffa9e6f74d55f4fc2ac1b92971ad483,eigencam,ham,ham_dullrazor_r192_20260517_115716,ISIC_0033654,192,adaptive_repair,False,/content/drive/MyDrive/Dissertation/edi_exports/heatmaps/eigencam/ham_baseline_r192_20260517_115647/ISIC_0033654_eigencam_heatmap.npy,/content/drive/MyDrive/Dissertation/edi_exports/heatmaps/eigencam/ham_dullrazor_r192_20260517_115716/ISIC_0033654_eigencam_heatmap.npy,calculated,False,False,False,0.9997178757163044,,0.9994818568229676,,0.0003296026594401,,isic_0033654,ham_baseline_r192_20260517_115647,0.9997178757163044,0.9994818568229676,0.0003296026594401,0.0,0.0,0.0,True
cf9248d7aa49617be5241e3fb8cf37a39efffdad9b7e84a1d02027df06075978,eigencam,ham,ham_dullrazor_r192_20260517_115716,ISIC_0028226,192,adaptive_repair,False,/content/drive/MyDrive/Dissertation/edi_exports/heatmaps/eigencam/ham_baseline_r192_20260517_115647/ISIC_0028226_eigencam_heatmap.npy,/content/drive/MyDrive/Dissertation/edi_exports/heatmaps/eigencam/ham_dullrazor_r192_20260517_115716/ISIC_0028226_eigencam_heatmap.npy,calculated,False,False,False,0.9199554210150226,,0.9182909727096558,,0.0608656583914164,,isic_0028226,ham_baseline_r192_20260517_115647,0.9199554210150226,0.9182909727096558,0.0608656583914164,0.0,0.0,0.0,True
9221481bc8417a301b1ace9e489ecf048e6f9ae8c98b278145fdc4a6533fc61f,eigencam,ham,ham_dullrazor_r192_20260517_115716,ISIC_0054787,192,adaptive_repair,False,/content/drive/MyDrive/Dissertation/edi_exports/heatmaps/eigencam/ham_baseline_r192_20260517_115647/ISIC_0054787_eigencam_heatmap.npy,/content/drive/MyDrive/Dissertation/edi_exports/heatmaps/eigencam/ham_dullrazor_r192_20260517_115716/ISIC_0054787_eigencam_heatmap.npy,calculated,False,False,False,0.9988581702874424,,0.986520379781723,,0.0070252675372778,,isic_0054787,ham_baseline_r192_20260517_115647,0.9988581702874424,0.986520379781723,0.0070252675372778,0.0,0.0,0.0,True
adf9d4cf958d0c3b3db511c6a59b0822aed786304c128ab66e74ead06e32de32,eigencam,ham,ham_dullrazor_r192_20260517_115716,ISIC_0059680,192,adaptive_repair,False,/content/drive/MyDrive/Dissertation/edi_exports/heatmaps/eigencam/ham_baseline_r192_20260517_115647/ISIC_0059680_eigencam_heatmap.npy,/content/drive/MyDrive/Dissertation/edi_exports/heatmaps/eigencam/ham_dullrazor_r192_20260517_115716/ISIC_0059680_eigencam_heatmap.npy,calculated,False,False,False,0.9997179047879994,,0.99898961186409,,0.0005757178709551,,isic_0059680,ham_baseline_r192_20260517_115647,0.9997179047879994,0.99898961186409,0.0005757178709551,0.0,0.0,0.0,True
bbc6163462112aadf3d1a9015cfa84eb66fde36891e525e60f6f6752c41f8881,eigencam,ham,ham_hdbmie_r192_20260517_160918,ISIC_0027358,192,adaptive_repair,False,/content/drive/MyDrive/Dissertation/edi_exports/heatmaps/eigencam/ham_baseline_r192_20260517_115647/ISIC_0027358_eigencam_heatmap.npy,/content/drive/MyDrive/Dissertation/edi_exports/heatmaps/eigencam/ham_hdbmie_r192_20260517_160918/ISIC_0027358_eigencam_heatmap.npy,calculated,False,False,False,0.9965749127255678,,0.9666484296321868,,0.0175320570025145,,isic_0027358,ham_baseline_r192_20260517_115647,0.9965749127255678,0.9666484296321868,0.0175320570025145,0.0,0.0,0.0,True
8b264c3a2af73719a99292866e60d0e7cd749e0f9b0d42757c7a673a903367b5,eigencam,ham,ham_hdbmie_r192_20260517_160918,ISIC_0030752,192,adaptive_repair,False,/content/drive/MyDrive/Dissertation/edi_exports/heatmaps/eigencam/ham_baseline_r192_20260517_115647/ISIC_0030752_eigencam_heatmap.npy,/content/drive/MyDrive/Dissertation/edi_exports/heatmaps/eigencam/ham_hdbmie_r192_20260517_160918/ISIC_0030752_eigencam_heatmap.npy,calculated,False,False,False,0.9850430820814824,,0.9108035564422609,,0.048337451258499,,isic_0030752,ham_baseline_r192_20260517_115647,0.9850430820814824,0.9108035564422609,0.048337451258499,0.0,0.0,0.0,True
a3e86cfa6fad71e1bf41744b9cf7c3a6814f68b89efbcd52a60cf3885776d5d2,eigencam,ham,ham_hdbmie_r192_20260517_160918,ISIC_0029786,192,adaptive_repair,False,/content/drive/MyDrive/Dissertation/edi_exports/heatmaps/eigencam/ham_baseline_r192_20260517_115647/ISIC_0029786_eigencam_heatmap.npy,/content/drive/MyDrive/Dissertation/edi_exports/heatmaps/eigencam/ham_hdbmie_r192_20260517_160918/ISIC_0029786_eigencam_heatmap.npy,calculated,False,False,False,0.9948583422922356,,0.9801567941904068,,0.0112070173317376,,isic_0029786,ham_baseline_r192_20260517_115647,0.9948583422922356,0.9801567941904068,0.0112070173317376,0.0,0.0,0.0,True
c9f2736a59841ecdd13eea7a5d805e10a39078902666707ae95729dd480ccabb,eigencam,ham,ham_hdbmie_r192_20260517_160918,ISIC_0026652,192,adaptive_repair,False,/content/drive/MyDrive/Dissertation/edi_exports/heatmaps/eigencam/ham_baseline_r192_20260517_115647/ISIC_0026652_eigencam_heatmap.npy,/content/drive/MyDrive/Dissertation/edi_exports/heatmaps/eigencam/ham_hdbmie_r192_20260517_160918/ISIC_0026652_eigencam_heatmap.npy,calculated,False,False,False,0.9983958198392372,,0.9671206176280976,,0.0168407362261419,,isic_0026652,ham_baseline_r192_20260517_115647,0.9983958198392372,0.9671206176280976,0.0168407362261419,0.0,0.0,0.0,True
5563c2093cbc28b24c260bbbbab085d6e341775980b1588a5890cc96c53cf65f,eigencam,ham,ham_hdbmie_r192_20260517_160918,ISIC_0032833,192,adaptive_repair,False,/content/drive/MyDrive/Dissertation/edi_exports/heatmaps/eigencam/ham_baseline_r192_20260517_115647/ISIC_0032833_eigencam_heatmap.npy,/content/drive/MyDrive/Dissertation/edi_exports/heatmaps/eigencam/ham_hdbmie_r192_20260517_160918/ISIC_0032833_eigencam_heatmap.npy,calculated,False,False,False,0.9871218573902016,,0.9559965282678604,,0.0252212715185193,,isic_0032833,ham_baseline_r192_20260517_115647,0.9871218573902016,0.9559965282678604,0.0252212715185193,0.0,0.0,0.0,True
f906e26869cb0b8e01c2ec7d00bd9094554e66918947a3e3af563a5d9cb5bb61,eigencam,ham,ham_hdbmie_r192_20260517_160918,ISIC_0031445,192,adaptive_repair,False,/content/drive/MyDrive/Dissertation/edi_exports/heatmaps/eigencam/ham_baseline_r192_20260517_115647/ISIC_0031445_eigencam_heatmap.npy,/content/drive/MyDrive/Dissertation/edi_exports/heatmaps/eigencam/ham_hdbmie_r192_20260517_160918/ISIC_0031445_eigencam_heatmap.npy,calculated,False,False,False,0.9522835941272136,,0.7447104305028915,,0.1395738862167508,,isic_0031445,ham_baseline_r192_20260517_115647,0.9522835941272136,0.7447104305028915,0.1395738862167508,0.0,0.0,0.0,True
85491abcde5adc14183a0b286dbda93dede8af2a437b5585cb58b4a2d0c62e48,eigencam,ham,ham_hdbmie_r192_20260517_160918,ISIC_0063544,192,adaptive_repair,False,/content/drive/MyDrive/Dissertation/edi_exports/heatmaps/eigencam/ham_baseline_r192_20260517_115647/ISIC_0063544_eigencam_heatmap.npy,/content/drive/MyDrive/Dissertation/edi_exports/heatmaps/eigencam/ham_hdbmie_r192_20260517_160918/ISIC_0063544_eigencam_heatmap.npy,calculated,False,False,False,0.9948712945427566,,0.9700314253568648,,0.0162664636858783,,isic_0063544,ham_baseline_r192_20260517_115647,0.9948712945427566,0.9700314253568648,0.0162664636858783,0.0,0.0,0.0,True
07e510c01e9c0a7ae09190abc76792462f5c75436b92c30a1a758838664b644e,eigencam,ham,ham_hdbmie_r192_20260517_160918,ISIC_0053615,192,adaptive_repair,False,/content/drive/MyDrive/Dissertation/edi_exports/heatmaps/eigencam/ham_baseline_r192_20260517_115647/ISIC_0053615_eigencam_heatmap.npy,/content/drive/MyDrive/Dissertation/edi_exports/heatmaps/eigencam/ham_hdbmie_r192_20260517_160918/ISIC_0053615_eigencam_heatmap.npy,calculated,False,False,False,0.9863477186985689,,0.9042158871889114,,0.051305126730902,,isic_0053615,ham_baseline_r192_20260517_115647,0.9863477186985689,0.9042158871889114,0.051305126730902,0.0,0.0,0.0,True
0b9f1ba6bc5e64629719b7a2cd513f18afe6478dbe5116e1fd0b6fce7d58809f,eigencam,ham,ham_hdbmie_r192_20260517_160918,ISIC_0067519,192,adaptive_repair,False,/content/drive/MyDrive/Dissertation/edi_exports/heatmaps/eigencam/ham_baseline_r192_20260517_115647/ISIC_0067519_eigencam_heatmap.npy,/content/drive/MyDrive/Dissertation/edi_exports/heatmaps/eigencam/ham_hdbmie_r192_20260517_160918/ISIC_0067519_eigencam_heatmap.npy,calculated,False,False,False,0.992965447228791,,0.8993656039237976,,0.0520758362309034,,isic_0067519,ham_baseline_r192_20260517_115647,0.992965447228791,0.8993656039237976,0.0520758362309034,0.0,0.0,0.0,True
dc42c0d23d5623f9dc8da320f272f44ce68f1dfffdcf86efd3695d86108a6444,eigencam,ham,ham_hdbmie_r192_20260517_160918,ISIC_0030653,192,adaptive_repair,False,/content/drive/MyDrive/Dissertation/edi_exports/heatmaps/eigencam/ham_baseline_r192_20260517_115647/ISIC_0030653_eigencam_heatmap.npy,/content/drive/MyDrive/Dissertation/edi_exports/heatmaps/eigencam/ham_hdbmie_r192_20260517_160918/ISIC_0030653_eigencam_heatmap.npy,calculated,False,False,False,0.982665161636466,,0.9542884081602095,,0.0271895055107787,,isic_0030653,ham_baseline_r192_20260517_115647,0.982665161636466,0.9542884081602095,0.0271895055107787,0.0,0.0,0.0,True
db813c562aa9baf93d45e6908ff36bbacef99ee129a3910ae6375f5b91c71424,eigencam,ham,ham_hdbmie_r192_20260517_160918,ISIC_0064161,192,adaptive_repair,False,/content/drive/MyDrive/Dissertation/edi_exports/heatmaps/eigencam/ham_baseline_r192_20260517_115647/ISIC_0064161_eigencam_heatmap.npy,/content/drive/MyDrive/Dissertation/edi_exports/heatmaps/eigencam/ham_hdbmie_r192_20260517_160918/ISIC_0064161_eigencam_heatmap.npy,calculated,False,False,False,0.9967633732822048,,0.98196741938591,,0.0098254469864937,,isic_0064161,ham_baseline_r192_20260517_115647,0.9967633732822048,0.98196741938591,0.0098254469864937,0.0,0.0,0.0,True
236da27926cd31664a326e43e16d027c1d205aee2a5f2a93fd26a4637589b8ab,eigencam,ham,ham_hdbmie_r192_20260517_160918,ISIC_0031005,192,adaptive_repair,False,/content/drive/MyDrive/Dissertation/edi_exports/heatmaps/eigencam/ham_baseline_r192_20260517_115647/ISIC_0031005_eigencam_heatmap.npy,/content/drive/MyDrive/Dissertation/edi_exports/heatmaps/eigencam/ham_hdbmie_r192_20260517_160918/ISIC_0031005_eigencam_heatmap.npy,calculated,False,False,False,0.9951769751286824,,0.939736232161522,,0.0313376401370684,,isic_0031005,ham_baseline_r192_20260517_115647,0.9951769751286824,0.939736232161522,0.0313376401370684,0.0,0.0,0.0,True
15345e1c786e8d3fc9eb511b79517d557f040c1bf7f9f95f0a710ed3a8244d67,eigencam,ham,ham_hdbmie_r192_20260517_160918,ISIC_0028490,192,adaptive_repair,False,/content/drive/MyDrive/Dissertation/edi_exports/heatmaps/eigencam/ham_baseline_r192_20260517_115647/ISIC_0028490_eigencam_heatmap.npy,/content/drive/MyDrive/Dissertation/edi_exports/heatmaps/eigencam/ham_hdbmie_r192_20260517_160918/ISIC_0028490_eigencam_heatmap.npy,calculated,False,False,False,0.9919928003183848,,0.9732673168182372,,0.0153681415112851,,isic_0028490,ham_baseline_r192_20260517_115647,0.9919928003183848,0.9732673168182372,0.0153681415112851,0.0,0.0,0.0,True
7e7d22e629635fc0550ce658c2135ce26fae2894c783e9f5646b9da86a7e448f,eigencam,ham,ham_hdbmie_r192_20260517_160918,ISIC_0027712,192,adaptive_repair,False,/content/drive/MyDrive/Dissertation/edi_exports/heatmaps/eigencam/ham_baseline_r192_20260517_115647/ISIC_0027712_eigencam_heatmap.npy,/content/drive/MyDrive/Dissertation/edi_exports/heatmaps/eigencam/ham_hdbmie_r192_20260517_160918/ISIC_0027712_eigencam_heatmap.npy,calculated,False,False,False,0.9510922607301336,,0.7212933301925659,,0.1515802697211836,,isic_0027712,ham_baseline_r192_20260517_115647,0.9510922607301336,0.7212933301925659,0.1515802697211836,0.0,0.0,0.0,True
a1b3789f8f997e1e143f7e0ceea3b49f7239d1c5b0ec4508112a775ace4b4e10,eigencam,ham,ham_hdbmie_r192_20260517_160918,ISIC_0015232_DOWNSAMPLED,192,adaptive_repair,False,/content/drive/MyDrive/Dissertation/edi_exports/heatmaps/eigencam/ham_baseline_r192_20260517_115647/ISIC_0015232_downsampled_eigencam_heatmap.npy,/content/drive/MyDrive/Dissertation/edi_exports/heatmaps/eigencam/ham_hdbmie_r192_20260517_160918/ISIC_0015232_downsampled_eigencam_heatmap.npy,calculated,False,False,False,0.920209190655834,,0.7907096594572067,,0.1245928726074381,,isic_0015232_downsampled,ham_baseline_r192_20260517_115647,0.920209190655834,0.7907096594572067,0.1245928726074381,0.0,0.0,0.0,True
7ce54fdefd817bfaf1b8cbe91c4b039f37690bf4159ae35a5ee17a263e8f6bce,eigencam,ham,ham_hdbmie_r192_20260517_160918,ISIC_0031745,192,adaptive_repair,False,/content/drive/MyDrive/Dissertation/edi_exports/heatmaps/eigencam/ham_baseline_r192_20260517_115647/ISIC_0031745_eigencam_heatmap.npy,/content/drive/MyDrive/Dissertation/edi_exports/heatmaps/eigencam/ham_hdbmie_r192_20260517_160918/ISIC_0031745_eigencam_heatmap.npy,calculated,False,False,False,0.9983149376336926,,0.99079430103302,,0.0050241150750668,,isic_0031745,ham_baseline_r192_20260517_115647,0.9983149376336926,0.99079430103302,0.0050241150750668,0.0,0.0,0.0,True
4621fee4fd58a6e53601caffb5ab00a0e2b163326a4c5f4f114659f92c41ddbb,eigencam,ham,ham_hdbmie_r192_20260517_160918,ISIC_0027397,192,adaptive_repair,False,/content/drive/MyDrive/Dissertation/edi_exports/heatmaps/eigencam/ham_baseline_r192_20260517_115647/ISIC_0027397_eigencam_heatmap.npy,/content/drive/MyDrive/Dissertation/edi_exports/heatmaps/eigencam/ham_hdbmie_r192_20260517_160918/ISIC_0027397_eigencam_heatmap.npy,calculated,False,False,False,0.9804527052674664,,0.8317955136299133,,0.0889890668681767,,isic_0027397,ham_baseline_r192_20260517_115647,0.9804527052674664,0.8317955136299133,0.0889890668681767,0.0,0.0,0.0,True
7c85d2f64cc5765690e6ce7d016f35733c580a13f262481de4cc251db8c56d6d,eigencam,ham,ham_hdbmie_r192_20260517_160918,ISIC_0070105,192,adaptive_repair,False,/content/drive/MyDrive/Dissertation/edi_exports/heatmaps/eigencam/ham_baseline_r192_20260517_115647/ISIC_0070105_eigencam_heatmap.npy,/content/drive/MyDrive/Dissertation/edi_exports/heatmaps/eigencam/ham_hdbmie_r192_20260517_160918/ISIC_0070105_eigencam_heatmap.npy,calculated,False,False,False,0.9893868471986726,,0.9730996191501616,,0.0161034786252509,,isic_0070105,ham_baseline_r192_20260517_115647,0.9893868471986726,0.9730996191501616,0.0161034786252509,0.0,0.0,0.0,True
552439aca65257354cea93631dc7207e342a1b3196b12e85cdfd8ac96fafdd63,eigencam,ham,ham_hdbmie_r192_20260517_160918,ISIC_0028847,192,adaptive_repair,False,/content/drive/MyDrive/Dissertation/edi_exports/heatmaps/eigencam/ham_baseline_r192_20260517_115647/ISIC_0028847_eigencam_heatmap.npy,/content/drive/MyDrive/Dissertation/edi_exports/heatmaps/eigencam/ham_hdbmie_r192_20260517_160918/ISIC_0028847_eigencam_heatmap.npy,calculated,False,False,False,0.9980417186455882,,0.9943586736917496,,0.0033102334927281,,isic_0028847,ham_baseline_r192_20260517_115647,0.9980417186455882,0.9943586736917496,0.0033102334927281,0.0,0.0,0.0,True
bddf9d0f66d6b849b465b9626addd4ce9cd580611205d71eeca0c0684fe64052,eigencam,ham,ham_hdbmie_r192_20260517_160918,ISIC_0068414,192,adaptive_repair,False,/content/drive/MyDrive/Dissertation/edi_exports/heatmaps/eigencam/ham_baseline_r192_20260517_115647/ISIC_0068414_eigencam_heatmap.npy,/content/drive/MyDrive/Dissertation/edi_exports/heatmaps/eigencam/ham_hdbmie_r192_20260517_160918/ISIC_0068414_eigencam_heatmap.npy,calculated,False,False,False,0.931527236225662,,0.8612672835588455,,0.0864845491641617,,isic_0068414,ham_baseline_r192_20260517_115647,0.931527236225662,0.8612672835588455,0.0864845491641617,0.0,0.0,0.0,True
414113cc563301ac76a8b0e8d75b7527ab54f0403aa5161818ec17c6657994bb,eigencam,ham,ham_hdbmie_r192_20260517_160918,ISIC_0032425,192,adaptive_repair,False,/content/drive/MyDrive/Dissertation/edi_exports/heatmaps/eigencam/ham_baseline_r192_20260517_115647/ISIC_0032425_eigencam_heatmap.npy,/content/drive/MyDrive/Dissertation/edi_exports/heatmaps/eigencam/ham_hdbmie_r192_20260517_160918/ISIC_0032425_eigencam_heatmap.npy,calculated,False,False,False,0.9872071292141348,,0.9613489061594008,,0.0225237646167658,,isic_0032425,ham_baseline_r192_20260517_115647,0.9872071292141348,0.9613489061594008,0.0225237646167658,0.0,0.0,0.0,True
866c360bb5922197b2322b7fcc6a47b17aff8906a1beb3b29cfd4757a087a493,eigencam,ham,ham_hdbmie_r192_20260517_160918,ISIC_0031535,192,adaptive_repair,False,/content/drive/MyDrive/Dissertation/edi_exports/heatmaps/eigencam/ham_baseline_r192_20260517_115647/ISIC_0031535_eigencam_heatmap.npy,/content/drive/MyDrive/Dissertation/edi_exports/heatmaps/eigencam/ham_hdbmie_r192_20260517_160918/ISIC_0031535_eigencam_heatmap.npy,calculated,False,False,False,0.9082478980282296,,0.3114198688417673,,0.3672280910720589,,isic_0031535,ham_baseline_r192_20260517_115647,0.9082478980282296,0.3114198688417673,0.3672280910720589,0.0,0.0,0.0,True
b383f5b68a50349551861f5e18b3ddc7a838204b3eca9cfaf0d54ccaf9d62b1d,eigencam,ham,ham_hdbmie_r192_20260517_160918,ISIC_0027102,192,adaptive_repair,False,/content/drive/MyDrive/Dissertation/edi_exports/heatmaps/eigencam/ham_baseline_r192_20260517_115647/ISIC_0027102_eigencam_heatmap.npy,/content/drive/MyDrive/Dissertation/edi_exports/heatmaps/eigencam/ham_hdbmie_r192_20260517_160918/ISIC_0027102_eigencam_heatmap.npy,calculated,False,False,False,0.9961678630371766,,0.9906966984272004,,0.0056096850271056,,isic_0027102,ham_baseline_r192_20260517_115647,0.9961678630371766,0.9906966984272004,0.0056096850271056,0.0,0.0,0.0,True
131fd065ea7471744f8917738f4aad10a66e36deb4d5dcc1de3d4ef5cf80943f,eigencam,ham,ham_hdbmie_r192_20260517_160918,ISIC_0061194,192,adaptive_repair,False,/content/drive/MyDrive/Dissertation/edi_exports/heatmaps/eigencam/ham_baseline_r192_20260517_115647/ISIC_0061194_eigencam_heatmap.npy,/content/drive/MyDrive/Dissertation/edi_exports/heatmaps/eigencam/ham_hdbmie_r192_20260517_160918/ISIC_0061194_eigencam_heatmap.npy,calculated,False,False,False,0.9958282581720036,,0.993798166513443,,0.0041438522002776,,isic_0061194,ham_baseline_r192_20260517_115647,0.9958282581720036,0.993798166513443,0.0041438522002776,0.0,0.0,0.0,True
5406f40b1305d07eca3041b24008f5b2e2a1b309db79e24b6039ed107570ce3b,eigencam,ham,ham_hdbmie_r192_20260517_160918,ISIC_0058285,192,adaptive_repair,False,/content/drive/MyDrive/Dissertation/edi_exports/heatmaps/eigencam/ham_baseline_r192_20260517_115647/ISIC_0058285_eigencam_heatmap.npy,/content/drive/MyDrive/Dissertation/edi_exports/heatmaps/eigencam/ham_hdbmie_r192_20260517_160918/ISIC_0058285_eigencam_heatmap.npy,calculated,False,False,False,0.9805562868390524,,0.9705620259046556,,0.0195799153379092,,isic_0058285,ham_baseline_r192_20260517_115647,0.9805562868390524,0.9705620259046556,0.0195799153379092,0.0,0.0,0.0,True
b9e607c5999c5bf1e1dafabcbe6b0ca45bb289efcd550a97ea05c60212e933bb,eigencam,ham,ham_hdbmie_r192_20260517_160918,ISIC_0028508,192,adaptive_repair,False,/content/drive/MyDrive/Dissertation/edi_exports/heatmaps/eigencam/ham_baseline_r192_20260517_115647/ISIC_0028508_eigencam_heatmap.npy,/content/drive/MyDrive/Dissertation/edi_exports/heatmaps/eigencam/ham_hdbmie_r192_20260517_160918/ISIC_0028508_eigencam_heatmap.npy,calculated,False,False,False,0.9946598398309914,,0.970544934272766,,0.0160625729058691,,isic_0028508,ham_baseline_r192_20260517_115647,0.9946598398309914,0.970544934272766,0.0160625729058691,0.0,0.0,0.0,True
620a5a9689e21a3042967755bd671f7a1db5d90038bb03a890763ad5cdeded41,eigencam,ham,ham_hdbmie_r192_20260517_160918,ISIC_0032063,192,adaptive_repair,False,/content/drive/MyDrive/Dissertation/edi_exports/heatmaps/eigencam/ham_baseline_r192_20260517_115647/ISIC_0032063_eigencam_heatmap.npy,/content/drive/MyDrive/Dissertation/edi_exports/heatmaps/eigencam/ham_hdbmie_r192_20260517_160918/ISIC_0032063_eigencam_heatmap.npy,calculated,False,False,False,0.9695879301329342,,0.9395479261875151,,0.0378290543730088,,isic_0032063,ham_baseline_r192_20260517_115647,0.9695879301329342,0.9395479261875151,0.0378290543730088,0.0,0.0,0.0,True
fae47391c6483a101f05a169d3aea03750f6739ee77c73399a9ae9c6d71b6031,eigencam,ham,ham_hdbmie_r192_20260517_160918,ISIC_0067055,192,adaptive_repair,False,/content/drive/MyDrive/Dissertation/edi_exports/heatmaps/eigencam/ham_baseline_r192_20260517_115647/ISIC_0067055_eigencam_heatmap.npy,/content/drive/MyDrive/Dissertation/edi_exports/heatmaps/eigencam/ham_hdbmie_r192_20260517_160918/ISIC_0067055_eigencam_heatmap.npy,calculated,False,False,False,0.998560085644641,,0.9873832613229752,,0.0066683479273521,,isic_0067055,ham_baseline_r192_20260517_115647,0.998560085644641,0.9873832613229752,0.0066683479273521,0.0,0.0,0.0,True
25ebffd881f761292eccae698d5fd8497aab927f7fc6b4488c291ec4be816939,eigencam,ham,ham_hdbmie_r192_20260517_160918,ISIC_0027282,192,adaptive_repair,False,/content/drive/MyDrive/Dissertation/edi_exports/heatmaps/eigencam/ham_baseline_r192_20260517_115647/ISIC_0027282_eigencam_heatmap.npy,/content/drive/MyDrive/Dissertation/edi_exports/heatmaps/eigencam/ham_hdbmie_r192_20260517_160918/ISIC_0027282_eigencam_heatmap.npy,calculated,False,False,False,0.9875622232078382,,0.9245871752500534,,0.0408158565730137,,isic_0027282,ham_baseline_r192_20260517_115647,0.9875622232078382,0.9245871752500534,0.0408158565730137,0.0,0.0,0.0,True
a5e807f172534b5bd801d75f9ecc700d03afd928a0c1fcfcf5ed95b80d11e946,eigencam,ham,ham_hdbmie_r192_20260517_160918,ISIC_0068248,192,adaptive_repair,False,/content/drive/MyDrive/Dissertation/edi_exports/heatmaps/eigencam/ham_baseline_r192_20260517_115647/ISIC_0068248_eigencam_heatmap.npy,/content/drive/MyDrive/Dissertation/edi_exports/heatmaps/eigencam/ham_hdbmie_r192_20260517_160918/ISIC_0068248_eigencam_heatmap.npy,calculated,False,False,False,0.9703537545908772,,0.9286554604768752,,0.043083831113843,,isic_0068248,ham_baseline_r192_20260517_115647,0.9703537545908772,0.9286554604768752,0.043083831113843,0.0,0.0,0.0,True
fcaf120346a940a64f509d896d098e2e813172d3c048efa31ff4b7a55462364c,eigencam,ham,ham_hdbmie_r192_20260517_160918,ISIC_0058003,192,adaptive_repair,False,/content/drive/MyDrive/Dissertation/edi_exports/heatmaps/eigencam/ham_baseline_r192_20260517_115647/ISIC_0058003_eigencam_heatmap.npy,/content/drive/MyDrive/Dissertation/edi_exports/heatmaps/eigencam/ham_hdbmie_r192_20260517_160918/ISIC_0058003_eigencam_heatmap.npy,calculated,False,False,False,0.976054185684436,,0.8980872184038162,,0.0569428443769828,,isic_0058003,ham_baseline_r192_20260517_115647,0.976054185684436,0.8980872184038162,0.0569428443769828,0.0,0.0,0.0,True
f120b0ec43216ef6cfeede941d5b15295a9364fe55a2ecdfcb27a8644a28491b,eigencam,ham,ham_hdbmie_r192_20260517_160918,ISIC_0010490,192,adaptive_repair,False,/content/drive/MyDrive/Dissertation/edi_exports/heatmaps/eigencam/ham_baseline_r192_20260517_115647/ISIC_0010490_eigencam_heatmap.npy,/content/drive/MyDrive/Dissertation/edi_exports/heatmaps/eigencam/ham_hdbmie_r192_20260517_160918/ISIC_0010490_eigencam_heatmap.npy,calculated,False,False,False,0.9940061106345686,,0.9621168226003648,,0.0204400610411755,,isic_0010490,ham_baseline_r192_20260517_115647,0.9940061106345686,0.9621168226003648,0.0204400610411755,0.0,0.0,0.0,True
73f05da21ed589fa92c71be6c63d26ce58c4b7db4625a73263bddc82b2abd2cb,eigencam,ham,ham_hdbmie_r192_20260517_160918,ISIC_0033153,192,adaptive_repair,False,/content/drive/MyDrive/Dissertation/edi_exports/heatmaps/eigencam/ham_baseline_r192_20260517_115647/ISIC_0033153_eigencam_heatmap.npy,/content/drive/MyDrive/Dissertation/edi_exports/heatmaps/eigencam/ham_hdbmie_r192_20260517_160918/ISIC_0033153_eigencam_heatmap.npy,calculated,False,False,False,0.8897987600284051,,0.7898810505867004,,0.1326097846995485,,isic_0033153,ham_baseline_r192_20260517_115647,0.8897987600284051,0.7898810505867004,0.1326097846995485,0.0,0.0,0.0,True
dcc26654f14248695cd136664f70478bdd8863754c3fee7f7cd837caac5a3435,eigencam,ham,ham_hdbmie_r192_20260517_160918,ISIC_0073194,192,adaptive_repair,False,/content/drive/MyDrive/Dissertation/edi_exports/heatmaps/eigencam/ham_baseline_r192_20260517_115647/ISIC_0073194_eigencam_heatmap.npy,/content/drive/MyDrive/Dissertation/edi_exports/heatmaps/eigencam/ham_hdbmie_r192_20260517_160918/ISIC_0073194_eigencam_heatmap.npy,calculated,False,False,False,0.9995594979559284,,0.9982398003339767,,0.0009902253440294,,isic_0073194,ham_baseline_r192_20260517_115647,0.9995594979559284,0.9982398003339767,0.0009902253440294,0.0,0.0,0.0,True
b8830292de1d796a65fe83f796918802b3bb5e4863659a8f9bbb9e7f0a449d6e,eigencam,ham,ham_hdbmie_r192_20260517_160918,ISIC_0028273,192,adaptive_repair,False,/content/drive/MyDrive/Dissertation/edi_exports/heatmaps/eigencam/ham_baseline_r192_20260517_115647/ISIC_0028273_eigencam_heatmap.npy,/content/drive/MyDrive/Dissertation/edi_exports/heatmaps/eigencam/ham_hdbmie_r192_20260517_160918/ISIC_0028273_eigencam_heatmap.npy,calculated,False,False,False,0.9527075411486744,,0.7418807148933411,,0.1408827572661608,,isic_0028273,ham_baseline_r192_20260517_115647,0.9527075411486744,0.7418807148933411,0.1408827572661608,0.0,0.0,0.0,True
54314dfdf566e5e9e6b3dc01350d74bf0b0afedb5e56539bb7d907739a41644e,eigencam,ham,ham_hdbmie_r192_20260517_160918,ISIC_0068778,192,adaptive_repair,False,/content/drive/MyDrive/Dissertation/edi_exports/heatmaps/eigencam/ham_baseline_r192_20260517_115647/ISIC_0068778_eigencam_heatmap.npy,/content/drive/MyDrive/Dissertation/edi_exports/heatmaps/eigencam/ham_hdbmie_r192_20260517_160918/ISIC_0068778_eigencam_heatmap.npy,calculated,False,False,False,0.98925393987423,,0.949318900704384,,0.0280270646792505,,isic_0068778,ham_baseline_r192_20260517_115647,0.98925393987423,0.949318900704384,0.0280270646792505,0.0,0.0,0.0,True
f35fcf2794060ebfc54b32387f579802ce681c5ed28421f0e4fd08c841f06c0a,eigencam,ham,ham_hdbmie_r192_20260517_160918,ISIC_0033654,192,adaptive_repair,False,/content/drive/MyDrive/Dissertation/edi_exports/heatmaps/eigencam/ham_baseline_r192_20260517_115647/ISIC_0033654_eigencam_heatmap.npy,/content/drive/MyDrive/Dissertation/edi_exports/heatmaps/eigencam/ham_hdbmie_r192_20260517_160918/ISIC_0033654_eigencam_heatmap.npy,calculated,False,False,False,0.9933014925992206,,0.9764382392168044,,0.0134555072417925,,isic_0033654,ham_baseline_r192_20260517_115647,0.9933014925992206,0.9764382392168044,0.0134555072417925,0.0,0.0,0.0,True
e90ba5da965445488333e421ea40c5a540f140d500c13f9bd325c61814cd5a27,eigencam,ham,ham_hdbmie_r192_20260517_160918,ISIC_0028226,192,adaptive_repair,False,/content/drive/MyDrive/Dissertation/edi_exports/heatmaps/eigencam/ham_baseline_r192_20260517_115647/ISIC_0028226_eigencam_heatmap.npy,/content/drive/MyDrive/Dissertation/edi_exports/heatmaps/eigencam/ham_hdbmie_r192_20260517_160918/ISIC_0028226_eigencam_heatmap.npy,calculated,False,False,False,0.6824844758596579,,0.5598144829273224,,0.2994716395714243,,isic_0028226,ham_baseline_r192_20260517_115647,0.6824844758596579,0.5598144829273224,0.2994716395714243,0.0,0.0,0.0,True
e7c2573c72621bb0a0a68edeeaf17e1a6b2f147617420f93d5d0a45e28e0efa7,eigencam,ham,ham_hdbmie_r192_20260517_160918,ISIC_0054787,192,adaptive_repair,False,/content/drive/MyDrive/Dissertation/edi_exports/heatmaps/eigencam/ham_baseline_r192_20260517_115647/ISIC_0054787_eigencam_heatmap.npy,/content/drive/MyDrive/Dissertation/edi_exports/heatmaps/eigencam/ham_hdbmie_r192_20260517_160918/ISIC_0054787_eigencam_heatmap.npy,calculated,False,False,False,0.9989943624470866,,0.9929297417402267,,0.0037865385181149,,isic_0054787,ham_baseline_r192_20260517_115647,0.9989943624470866,0.9929297417402267,0.0037865385181149,0.0,0.0,0.0,True
06e578c0160c25cfcd7150dd77e41d90f9dcd09424eb1ebda6a3fbce48f192d6,eigencam,ham,ham_hdbmie_r192_20260517_160918,ISIC_0059680,192,adaptive_repair,False,/content/drive/MyDrive/Dissertation/edi_exports/heatmaps/eigencam/ham_baseline_r192_20260517_115647/ISIC_0059680_eigencam_heatmap.npy,/content/drive/MyDrive/Dissertation/edi_exports/heatmaps/eigencam/ham_hdbmie_r192_20260517_160918/ISIC_0059680_eigencam_heatmap.npy,calculated,False,False,False,0.9946463962353594,,0.966064229607582,,0.018306286137369,,isic_0059680,ham_baseline_r192_20260517_115647,0.9946463962353594,0.966064229607582,0.018306286137369,0.0,0.0,0.0,True
8c79e8ab1f63ce7edc9df5b5db1a74b0165ca216b3b5b0687e4e842b01622e5c,eigencam,ham,ham_navier_stokes_r192_20260517_160842,ISIC_0027358,192,adaptive_repair,False,/content/drive/MyDrive/Dissertation/edi_exports/heatmaps/eigencam/ham_baseline_r192_20260517_115647/ISIC_0027358_eigencam_heatmap.npy,/content/drive/MyDrive/Dissertation/edi_exports/heatmaps/eigencam/ham_navier_stokes_r192_20260517_160842/ISIC_0027358_eigencam_heatmap.npy,calculated,False,False,False,0.9997951454546644,,0.999004602432251,,0.0005489124202083,,isic_0027358,ham_baseline_r192_20260517_115647,0.9997951454546644,0.999004602432251,0.0005489124202083,0.0,0.0,0.0,True
ba5b56d598d46d737bbb673f775d4cb24082bba461fd9365e1ba6f6c6b5f9883,eigencam,ham,ham_navier_stokes_r192_20260517_160842,ISIC_0030752,192,adaptive_repair,False,/content/drive/MyDrive/Dissertation/edi_exports/heatmaps/eigencam/ham_baseline_r192_20260517_115647/ISIC_0030752_eigencam_heatmap.npy,/content/drive/MyDrive/Dissertation/edi_exports/heatmaps/eigencam/ham_navier_stokes_r192_20260517_160842/ISIC_0030752_eigencam_heatmap.npy,calculated,False,False,False,0.996484031155157,,0.98652546107769,,0.0076162616723656,,isic_0030752,ham_baseline_r192_20260517_115647,0.996484031155157,0.98652546107769,0.0076162616723656,0.0,0.0,0.0,True
1ec85689bb2bef0534c2bf95727d12912f4641dfdc8a822d70047e78c7a119fa,eigencam,ham,ham_navier_stokes_r192_20260517_160842,ISIC_0029786,192,adaptive_repair,False,/content/drive/MyDrive/Dissertation/edi_exports/heatmaps/eigencam/ham_baseline_r192_20260517_115647/ISIC_0029786_eigencam_heatmap.npy,/content/drive/MyDrive/Dissertation/edi_exports/heatmaps/eigencam/ham_navier_stokes_r192_20260517_160842/ISIC_0029786_eigencam_heatmap.npy,calculated,False,False,False,0.999421566154046,,0.9981627762317656,,0.0010632203456056,,isic_0029786,ham_baseline_r192_20260517_115647,0.999421566154046,0.9981627762317656,0.0010632203456056,0.0,0.0,0.0,True
630c4cf002770c08e1fa89510f04195d8605a4261e352d6df0441f6c6c87fa3c,eigencam,ham,ham_navier_stokes_r192_20260517_160842,ISIC_0026652,192,adaptive_repair,False,/content/drive/MyDrive/Dissertation/edi_exports/heatmaps/eigencam/ham_baseline_r192_20260517_115647/ISIC_0026652_eigencam_heatmap.npy,/content/drive/MyDrive/Dissertation/edi_exports/heatmaps/eigencam/ham_navier_stokes_r192_20260517_160842/ISIC_0026652_eigencam_heatmap.npy,calculated,False,False,False,0.9996448596921989,,0.9952271729707718,,0.0024751985915644,,isic_0026652,ham_baseline_r192_20260517_115647,0.9996448596921989,0.9952271729707718,0.0024751985915644,0.0,0.0,0.0,True
b41b9889ec79a9485e8c73b1665a4504619fdbdb1099f5f72fb0e3f006749cb7,eigencam,ham,ham_navier_stokes_r192_20260517_160842,ISIC_0032833,192,adaptive_repair,False,/content/drive/MyDrive/Dissertation/edi_exports/heatmaps/eigencam/ham_baseline_r192_20260517_115647/ISIC_0032833_eigencam_heatmap.npy,/content/drive/MyDrive/Dissertation/edi_exports/heatmaps/eigencam/ham_navier_stokes_r192_20260517_160842/ISIC_0032833_eigencam_heatmap.npy,calculated,False,False,False,0.9988812454124352,,0.9983316361904144,,0.0011138705516839,,isic_0032833,ham_baseline_r192_20260517_115647,0.9988812454124352,0.9983316361904144,0.0011138705516839,0.0,0.0,0.0,True
16d01c24195bcf7a8ec7ba30d27df49a54718d90af423513ef9ef11f01fbe7cd,eigencam,ham,ham_navier_stokes_r192_20260517_160842,ISIC_0031445,192,adaptive_repair,False,/content/drive/MyDrive/Dissertation/edi_exports/heatmaps/eigencam/ham_baseline_r192_20260517_115647/ISIC_0031445_eigencam_heatmap.npy,/content/drive/MyDrive/Dissertation/edi_exports/heatmaps/eigencam/ham_navier_stokes_r192_20260517_160842/ISIC_0031445_eigencam_heatmap.npy,calculated,False,False,False,0.9961848688369456,,0.9855086356401443,,0.0081994649706914,,isic_0031445,ham_baseline_r192_20260517_115647,0.9961848688369456,0.9855086356401443,0.0081994649706914,0.0,0.0,0.0,True
c6349dbbc30c9818ce3f73c4d4e82955fc0f292bc10ce0bf1849c57a408556cb,eigencam,ham,ham_navier_stokes_r192_20260517_160842,ISIC_0063544,192,adaptive_repair,False,/content/drive/MyDrive/Dissertation/edi_exports/heatmaps/eigencam/ham_baseline_r192_20260517_115647/ISIC_0063544_eigencam_heatmap.npy,/content/drive/MyDrive/Dissertation/edi_exports/heatmaps/eigencam/ham_navier_stokes_r192_20260517_160842/ISIC_0063544_eigencam_heatmap.npy,calculated,False,False,False,0.9995987664444246,,0.999067172408104,,0.0005667221848418,,isic_0063544,ham_baseline_r192_20260517_115647,0.9995987664444246,0.999067172408104,0.0005667221848418,0.0,0.0,0.0,True
80b91c4c1e5a7a896b6289931c828c5a89707201dc599748672bf6791d817aa9,eigencam,ham,ham_navier_stokes_r192_20260517_160842,ISIC_0053615,192,adaptive_repair,False,/content/drive/MyDrive/Dissertation/edi_exports/heatmaps/eigencam/ham_baseline_r192_20260517_115647/ISIC_0053615_eigencam_heatmap.npy,/content/drive/MyDrive/Dissertation/edi_exports/heatmaps/eigencam/ham_navier_stokes_r192_20260517_160842/ISIC_0053615_eigencam_heatmap.npy,calculated,False,False,False,0.9985341032734052,,0.9971712231636048,,0.0017808625998463,,isic_0053615,ham_baseline_r192_20260517_115647,0.9985341032734052,0.9971712231636048,0.0017808625998463,0.0,0.0,0.0,True
9c5b05fae745dd71221aa4a60c55f67bf38a3a07ca28c49ae2cb8b5da5b38da3,eigencam,ham,ham_navier_stokes_r192_20260517_160842,ISIC_0067519,192,adaptive_repair,False,/content/drive/MyDrive/Dissertation/edi_exports/heatmaps/eigencam/ham_baseline_r192_20260517_115647/ISIC_0067519_eigencam_heatmap.npy,/content/drive/MyDrive/Dissertation/edi_exports/heatmaps/eigencam/ham_navier_stokes_r192_20260517_160842/ISIC_0067519_eigencam_heatmap.npy,calculated,False,False,False,0.9991324363840192,,0.9886932522058488,,0.0058702648010708,,isic_0067519,ham_baseline_r192_20260517_115647,0.9991324363840192,0.9886932522058488,0.0058702648010708,0.0,0.0,0.0,True
5563b625acf83642d098e288d16cd84e4b92a05fd26a30d3f4eee030fbf35760,eigencam,ham,ham_navier_stokes_r192_20260517_160842,ISIC_0030653,192,adaptive_repair,False,/content/drive/MyDrive/Dissertation/edi_exports/heatmaps/eigencam/ham_baseline_r192_20260517_115647/ISIC_0030653_eigencam_heatmap.npy,/content/drive/MyDrive/Dissertation/edi_exports/heatmaps/eigencam/ham_navier_stokes_r192_20260517_160842/ISIC_0030653_eigencam_heatmap.npy,calculated,False,False,False,0.998513089518722,,0.9949477165937424,,0.0028978693234482,,isic_0030653,ham_baseline_r192_20260517_115647,0.998513089518722,0.9949477165937424,0.0028978693234482,0.0,0.0,0.0,True
d4027d6af8e574850f24548a6ce75cee69cecbd895c2309fe3d33ebec338bc60,eigencam,ham,ham_navier_stokes_r192_20260517_160842,ISIC_0064161,192,adaptive_repair,False,/content/drive/MyDrive/Dissertation/edi_exports/heatmaps/eigencam/ham_baseline_r192_20260517_115647/ISIC_0064161_eigencam_heatmap.npy,/content/drive/MyDrive/Dissertation/edi_exports/heatmaps/eigencam/ham_navier_stokes_r192_20260517_160842/ISIC_0064161_eigencam_heatmap.npy,calculated,False,False,False,0.9994264815777864,,0.9989998042583466,,0.0006434774763801,,isic_0064161,ham_baseline_r192_20260517_115647,0.9994264815777864,0.9989998042583466,0.0006434774763801,0.0,0.0,0.0,True
be5fc91a8f7c03c8d083ed71774e8689afab6c89219d361279cccc4a89b7813a,eigencam,ham,ham_navier_stokes_r192_20260517_160842,ISIC_0031005,192,adaptive_repair,False,/content/drive/MyDrive/Dissertation/edi_exports/heatmaps/eigencam/ham_baseline_r192_20260517_115647/ISIC_0031005_eigencam_heatmap.npy,/content/drive/MyDrive/Dissertation/edi_exports/heatmaps/eigencam/ham_navier_stokes_r192_20260517_160842/ISIC_0031005_eigencam_heatmap.npy,calculated,False,False,False,0.9987093593755312,,0.9949219971895218,,0.0028616615613563,,isic_0031005,ham_baseline_r192_20260517_115647,0.9987093593755312,0.9949219971895218,0.0028616615613563,0.0,0.0,0.0,True
9cee1595a8adc8ea2b35dbc4fc9e0ea6b8942037cba7d9e8984a6121250dd53d,eigencam,ham,ham_navier_stokes_r192_20260517_160842,ISIC_0028490,192,adaptive_repair,False,/content/drive/MyDrive/Dissertation/edi_exports/heatmaps/eigencam/ham_baseline_r192_20260517_115647/ISIC_0028490_eigencam_heatmap.npy,/content/drive/MyDrive/Dissertation/edi_exports/heatmaps/eigencam/ham_navier_stokes_r192_20260517_160842/ISIC_0028490_eigencam_heatmap.npy,calculated,False,False,False,0.9994624041834508,,0.99699367582798,,0.0016375610401472,,isic_0028490,ham_baseline_r192_20260517_115647,0.9994624041834508,0.99699367582798,0.0016375610401472,0.0,0.0,0.0,True
38737d15aced439dd8f332c78c1c07aa94ccfdadcdc1317bf89df7c2689aa523,eigencam,ham,ham_navier_stokes_r192_20260517_160842,ISIC_0027712,192,adaptive_repair,False,/content/drive/MyDrive/Dissertation/edi_exports/heatmaps/eigencam/ham_baseline_r192_20260517_115647/ISIC_0027712_eigencam_heatmap.npy,/content/drive/MyDrive/Dissertation/edi_exports/heatmaps/eigencam/ham_navier_stokes_r192_20260517_160842/ISIC_0027712_eigencam_heatmap.npy,calculated,False,False,False,0.9935859484537566,,0.985240027308464,,0.0089834992323288,,isic_0027712,ham_baseline_r192_20260517_115647,0.9935859484537566,0.985240027308464,0.0089834992323288,0.0,0.0,0.0,True
1d2bbd350fcd8c8cf47c11115ed081fca3b7d93145da55897033f53bc5e379c9,eigencam,ham,ham_navier_stokes_r192_20260517_160842,ISIC_0015232_DOWNSAMPLED,192,adaptive_repair,False,/content/drive/MyDrive/Dissertation/edi_exports/heatmaps/eigencam/ham_baseline_r192_20260517_115647/ISIC_0015232_downsampled_eigencam_heatmap.npy,/content/drive/MyDrive/Dissertation/edi_exports/heatmaps/eigencam/ham_navier_stokes_r192_20260517_160842/ISIC_0015232_downsampled_eigencam_heatmap.npy,calculated,False,False,False,0.9951524821876552,,0.9937833845615388,,0.0043201871723168,,isic_0015232_downsampled,ham_baseline_r192_20260517_115647,0.9951524821876552,0.9937833845615388,0.0043201871723168,0.0,0.0,0.0,True
c224be91583eb5ac6a3c423577c4f7c21d122c519f0ae68267e1903a23fb8fcd,eigencam,ham,ham_navier_stokes_r192_20260517_160842,ISIC_0031745,192,adaptive_repair,False,/content/drive/MyDrive/Dissertation/edi_exports/heatmaps/eigencam/ham_baseline_r192_20260517_115647/ISIC_0031745_eigencam_heatmap.npy,/content/drive/MyDrive/Dissertation/edi_exports/heatmaps/eigencam/ham_navier_stokes_r192_20260517_160842/ISIC_0031745_eigencam_heatmap.npy,calculated,False,False,False,0.999262866953141,,0.9981983155012132,,0.0010851255111081,,isic_0031745,ham_baseline_r192_20260517_115647,0.999262866953141,0.9981983155012132,0.0010851255111081,0.0,0.0,0.0,True
c5363bc8621f71627a751cb4255fe1fb9cfa5f91df24bff4108b9aaf3c1a6c2f,eigencam,ham,ham_navier_stokes_r192_20260517_160842,ISIC_0027397,192,adaptive_repair,False,/content/drive/MyDrive/Dissertation/edi_exports/heatmaps/eigencam/ham_baseline_r192_20260517_115647/ISIC_0027397_eigencam_heatmap.npy,/content/drive/MyDrive/Dissertation/edi_exports/heatmaps/eigencam/ham_navier_stokes_r192_20260517_160842/ISIC_0027397_eigencam_heatmap.npy,calculated,False,False,False,0.99362149277995,,0.9534791707992554,,0.0248550414053848,,isic_0027397,ham_baseline_r192_20260517_115647,0.99362149277995,0.9534791707992554,0.0248550414053848,0.0,0.0,0.0,True
789806474f6b80efc6b07c6fde6cd2e03698b309c2a39e67fc4c96efea67fdfa,eigencam,ham,ham_navier_stokes_r192_20260517_160842,ISIC_0070105,192,adaptive_repair,False,/content/drive/MyDrive/Dissertation/edi_exports/heatmaps/eigencam/ham_baseline_r192_20260517_115647/ISIC_0070105_eigencam_heatmap.npy,/content/drive/MyDrive/Dissertation/edi_exports/heatmaps/eigencam/ham_navier_stokes_r192_20260517_160842/ISIC_0070105_eigencam_heatmap.npy,calculated,False,False,False,0.9983819268395644,,0.9963318109512328,,0.0022386128144924,,isic_0070105,ham_baseline_r192_20260517_115647,0.9983819268395644,0.9963318109512328,0.0022386128144924,0.0,0.0,0.0,True
e0f22ea6e47c0556c5b5bc8bf7c82fda2a87f5c4771d8bc30eacd4e51762589a,eigencam,ham,ham_navier_stokes_r192_20260517_160842,ISIC_0028847,192,adaptive_repair,False,/content/drive/MyDrive/Dissertation/edi_exports/heatmaps/eigencam/ham_baseline_r192_20260517_115647/ISIC_0028847_eigencam_heatmap.npy,/content/drive/MyDrive/Dissertation/edi_exports/heatmaps/eigencam/ham_navier_stokes_r192_20260517_160842/ISIC_0028847_eigencam_heatmap.npy,calculated,False,False,False,0.9967491499113654,,0.993206351995468,,0.0042095365244245,,isic_0028847,ham_baseline_r192_20260517_115647,0.9967491499113654,0.993206351995468,0.0042095365244245,0.0,0.0,0.0,True
b7ad99e22b3935ebd00382b65bc7781a15b2606c40ff9dd67929065048d2dac8,eigencam,ham,ham_navier_stokes_r192_20260517_160842,ISIC_0068414,192,adaptive_repair,False,/content/drive/MyDrive/Dissertation/edi_exports/heatmaps/eigencam/ham_baseline_r192_20260517_115647/ISIC_0068414_eigencam_heatmap.npy,/content/drive/MyDrive/Dissertation/edi_exports/heatmaps/eigencam/ham_navier_stokes_r192_20260517_160842/ISIC_0068414_eigencam_heatmap.npy,calculated,False,False,False,0.9968126819134996,,0.9958802759647368,,0.0028566915392566,,isic_0068414,ham_baseline_r192_20260517_115647,0.9968126819134996,0.9958802759647368,0.0028566915392566,0.0,0.0,0.0,True
ed2d14dd4a33b1b4eaceaf115ac5cba64cb9ff8e753637b42cdcd532f3e83161,eigencam,ham,ham_navier_stokes_r192_20260517_160842,ISIC_0032425,192,adaptive_repair,False,/content/drive/MyDrive/Dissertation/edi_exports/heatmaps/eigencam/ham_baseline_r192_20260517_115647/ISIC_0032425_eigencam_heatmap.npy,/content/drive/MyDrive/Dissertation/edi_exports/heatmaps/eigencam/ham_navier_stokes_r192_20260517_160842/ISIC_0032425_eigencam_heatmap.npy,calculated,False,False,False,0.9967722636652336,,0.9924816489219666,,0.0045661096227083,,isic_0032425,ham_baseline_r192_20260517_115647,0.9967722636652336,0.9924816489219666,0.0045661096227083,0.0,0.0,0.0,True
171b78d313d84daa0618028897e73a4bcfabf0161129b8cde60a949abe288493,eigencam,ham,ham_navier_stokes_r192_20260517_160842,ISIC_0031535,192,adaptive_repair,False,/content/drive/MyDrive/Dissertation/edi_exports/heatmaps/eigencam/ham_baseline_r192_20260517_115647/ISIC_0031535_eigencam_heatmap.npy,/content/drive/MyDrive/Dissertation/edi_exports/heatmaps/eigencam/ham_navier_stokes_r192_20260517_160842/ISIC_0031535_eigencam_heatmap.npy,calculated,False,False,False,0.9843090740806716,,0.8566910028457642,,0.07557723005695,,isic_0031535,ham_baseline_r192_20260517_115647,0.9843090740806716,0.8566910028457642,0.07557723005695,0.0,0.0,0.0,True
ebc1679bf540ff4095a5abc38c34e7ec36d0eb08593a01acc6c2d95f96fc3893,eigencam,ham,ham_navier_stokes_r192_20260517_160842,ISIC_0027102,192,adaptive_repair,False,/content/drive/MyDrive/Dissertation/edi_exports/heatmaps/eigencam/ham_baseline_r192_20260517_115647/ISIC_0027102_eigencam_heatmap.npy,/content/drive/MyDrive/Dissertation/edi_exports/heatmaps/eigencam/ham_navier_stokes_r192_20260517_160842/ISIC_0027102_eigencam_heatmap.npy,calculated,False,False,False,0.9940825975155853,,0.9888641238212584,,0.0070472887104744,,isic_0027102,ham_baseline_r192_20260517_115647,0.9940825975155853,0.9888641238212584,0.0070472887104744,0.0,0.0,0.0,True
c38d49d7574cc3f58746cea0d5998207396794c62dfb4b5ab0a168466c52d625,eigencam,ham,ham_navier_stokes_r192_20260517_160842,ISIC_0061194,192,adaptive_repair,False,/content/drive/MyDrive/Dissertation/edi_exports/heatmaps/eigencam/ham_baseline_r192_20260517_115647/ISIC_0061194_eigencam_heatmap.npy,/content/drive/MyDrive/Dissertation/edi_exports/heatmaps/eigencam/ham_navier_stokes_r192_20260517_160842/ISIC_0061194_eigencam_heatmap.npy,calculated,False,False,False,0.998089916745868,,0.9972615092992784,,0.0018467661638938,,isic_0061194,ham_baseline_r192_20260517_115647,0.998089916745868,0.9972615092992784,0.0018467661638938,0.0,0.0,0.0,True
78498c897199cc5e1e5507ef5e19fa60fd7a2116ecf2423f1f300ce7f4ed4e19,eigencam,ham,ham_navier_stokes_r192_20260517_160842,ISIC_0058285,192,adaptive_repair,False,/content/drive/MyDrive/Dissertation/edi_exports/heatmaps/eigencam/ham_baseline_r192_20260517_115647/ISIC_0058285_eigencam_heatmap.npy,/content/drive/MyDrive/Dissertation/edi_exports/heatmaps/eigencam/ham_navier_stokes_r192_20260517_160842/ISIC_0058285_eigencam_heatmap.npy,calculated,False,False,False,0.9965036724858284,,0.9938699007034302,,0.0039391315268278,,isic_0058285,ham_baseline_r192_20260517_115647,0.9965036724858284,0.9938699007034302,0.0039391315268278,0.0,0.0,0.0,True
1db126e33f31b8f09e26208bca53414ca71af8d9c35dce533c2c30e1790a7d23,eigencam,ham,ham_navier_stokes_r192_20260517_160842,ISIC_0028508,192,adaptive_repair,False,/content/drive/MyDrive/Dissertation/edi_exports/heatmaps/eigencam/ham_baseline_r192_20260517_115647/ISIC_0028508_eigencam_heatmap.npy,/content/drive/MyDrive/Dissertation/edi_exports/heatmaps/eigencam/ham_navier_stokes_r192_20260517_160842/ISIC_0028508_eigencam_heatmap.npy,calculated,False,False,False,0.9978713130077866,,0.9916179329156876,,0.0047232052902095,,isic_0028508,ham_baseline_r192_20260517_115647,0.9978713130077866,0.9916179329156876,0.0047232052902095,0.0,0.0,0.0,True
a22890c16cbc40d3baa0f810286b2979962b5111b1c0ca13ce02e85ad44acddb,eigencam,ham,ham_navier_stokes_r192_20260517_160842,ISIC_0032063,192,adaptive_repair,False,/content/drive/MyDrive/Dissertation/edi_exports/heatmaps/eigencam/ham_baseline_r192_20260517_115647/ISIC_0032063_eigencam_heatmap.npy,/content/drive/MyDrive/Dissertation/edi_exports/heatmaps/eigencam/ham_navier_stokes_r192_20260517_160842/ISIC_0032063_eigencam_heatmap.npy,calculated,False,False,False,0.989934583907015,,0.9819010496139526,,0.0115658292162699,,isic_0032063,ham_baseline_r192_20260517_115647,0.989934583907015,0.9819010496139526,0.0115658292162699,0.0,0.0,0.0,True
75e0bd40ea8e22752b8c8befd7c405e5a00c1699a78fad1d77d7e18ccd32754b,eigencam,ham,ham_navier_stokes_r192_20260517_160842,ISIC_0067055,192,adaptive_repair,False,/content/drive/MyDrive/Dissertation/edi_exports/heatmaps/eigencam/ham_baseline_r192_20260517_115647/ISIC_0067055_eigencam_heatmap.npy,/content/drive/MyDrive/Dissertation/edi_exports/heatmaps/eigencam/ham_navier_stokes_r192_20260517_160842/ISIC_0067055_eigencam_heatmap.npy,calculated,False,False,False,0.9996538236436564,,0.9973956197500228,,0.0013887342140744,,isic_0067055,ham_baseline_r192_20260517_115647,0.9996538236436564,0.9973956197500228,0.0013887342140744,0.0,0.0,0.0,True
b333e4cbe85c0d7e3e27368b334960094c391a38e7bfe3c602a7f13ab9d2269c,eigencam,ham,ham_navier_stokes_r192_20260517_160842,ISIC_0027282,192,adaptive_repair,False,/content/drive/MyDrive/Dissertation/edi_exports/heatmaps/eigencam/ham_baseline_r192_20260517_115647/ISIC_0027282_eigencam_heatmap.npy,/content/drive/MyDrive/Dissertation/edi_exports/heatmaps/eigencam/ham_navier_stokes_r192_20260517_160842/ISIC_0027282_eigencam_heatmap.npy,calculated,False,False,False,0.9977536449337308,,0.9944980889558792,,0.0033125442886277,,isic_0027282,ham_baseline_r192_20260517_115647,0.9977536449337308,0.9944980889558792,0.0033125442886277,0.0,0.0,0.0,True
7e00a4aa185b72b4c59225aca1bb94f9078a272a45eebf9956ce17f95620403b,eigencam,ham,ham_navier_stokes_r192_20260517_160842,ISIC_0068248,192,adaptive_repair,False,/content/drive/MyDrive/Dissertation/edi_exports/heatmaps/eigencam/ham_baseline_r192_20260517_115647/ISIC_0068248_eigencam_heatmap.npy,/content/drive/MyDrive/Dissertation/edi_exports/heatmaps/eigencam/ham_navier_stokes_r192_20260517_160842/ISIC_0068248_eigencam_heatmap.npy,calculated,False,False,False,0.9955880023080412,,0.9907824248075484,,0.0057117870192154,,isic_0068248,ham_baseline_r192_20260517_115647,0.9955880023080412,0.9907824248075484,0.0057117870192154,0.0,0.0,0.0,True
87308404a96db2b70f097dec645ced042830f1f03f003a8c56e1e83d9dc1fa48,eigencam,ham,ham_navier_stokes_r192_20260517_160842,ISIC_0058003,192,adaptive_repair,False,/content/drive/MyDrive/Dissertation/edi_exports/heatmaps/eigencam/ham_baseline_r192_20260517_115647/ISIC_0058003_eigencam_heatmap.npy,/content/drive/MyDrive/Dissertation/edi_exports/heatmaps/eigencam/ham_navier_stokes_r192_20260517_160842/ISIC_0058003_eigencam_heatmap.npy,calculated,False,False,False,0.996436717938702,,0.986754909157753,,0.007513365936448,,isic_0058003,ham_baseline_r192_20260517_115647,0.996436717938702,0.986754909157753,0.007513365936448,0.0,0.0,0.0,True
741c2925fcc1508f4074e96e737c3a84e1c14d8c0d6565908a33e3cabe85e825,eigencam,ham,ham_navier_stokes_r192_20260517_160842,ISIC_0010490,192,adaptive_repair,False,/content/drive/MyDrive/Dissertation/edi_exports/heatmaps/eigencam/ham_baseline_r192_20260517_115647/ISIC_0010490_eigencam_heatmap.npy,/content/drive/MyDrive/Dissertation/edi_exports/heatmaps/eigencam/ham_navier_stokes_r192_20260517_160842/ISIC_0010490_eigencam_heatmap.npy,calculated,False,False,False,0.9994546471831804,,0.998475268483162,,0.0008987039626239,,isic_0010490,ham_baseline_r192_20260517_115647,0.9994546471831804,0.998475268483162,0.0008987039626239,0.0,0.0,0.0,True
9d118ceed1fad42cfff48e07b9d04fabccf5e58f3fb74c9d7c5b950c74639164,eigencam,ham,ham_navier_stokes_r192_20260517_160842,ISIC_0033153,192,adaptive_repair,False,/content/drive/MyDrive/Dissertation/edi_exports/heatmaps/eigencam/ham_baseline_r192_20260517_115647/ISIC_0033153_eigencam_heatmap.npy,/content/drive/MyDrive/Dissertation/edi_exports/heatmaps/eigencam/ham_navier_stokes_r192_20260517_160842/ISIC_0033153_eigencam_heatmap.npy,calculated,False,False,False,0.9924334398835536,,0.9891025274991988,,0.0073403762795121,,isic_0033153,ham_baseline_r192_20260517_115647,0.9924334398835536,0.9891025274991988,0.0073403762795121,0.0,0.0,0.0,True
2e7d14fdef9b0ea07d1a42fda5ec86419dbbd8ff65ffed4a9e649e49b1d62756,eigencam,ham,ham_navier_stokes_r192_20260517_160842,ISIC_0073194,192,adaptive_repair,False,/content/drive/MyDrive/Dissertation/edi_exports/heatmaps/eigencam/ham_baseline_r192_20260517_115647/ISIC_0073194_eigencam_heatmap.npy,/content/drive/MyDrive/Dissertation/edi_exports/heatmaps/eigencam/ham_navier_stokes_r192_20260517_160842/ISIC_0073194_eigencam_heatmap.npy,calculated,False,False,False,0.9981426814458304,,0.9950020611286164,,0.0029632990742342,,isic_0073194,ham_baseline_r192_20260517_115647,0.9981426814458304,0.9950020611286164,0.0029632990742342,0.0,0.0,0.0,True
f28af40e91a73bf8a83ac6413f62cac115c29c0f75bed344928acd5a553d0989,eigencam,ham,ham_navier_stokes_r192_20260517_160842,ISIC_0028273,192,adaptive_repair,False,/content/drive/MyDrive/Dissertation/edi_exports/heatmaps/eigencam/ham_baseline_r192_20260517_115647/ISIC_0028273_eigencam_heatmap.npy,/content/drive/MyDrive/Dissertation/edi_exports/heatmaps/eigencam/ham_navier_stokes_r192_20260517_160842/ISIC_0028273_eigencam_heatmap.npy,calculated,False,False,False,0.9925054969622414,,0.9732409119606018,,0.0152531697791387,,isic_0028273,ham_baseline_r192_20260517_115647,0.9925054969622414,0.9732409119606018,0.0152531697791387,0.0,0.0,0.0,True
4d965ffba0d3c99540a5366a53aabc9ee76beb367a08d7314461df2ab1bed25d,eigencam,ham,ham_navier_stokes_r192_20260517_160842,ISIC_0068778,192,adaptive_repair,False,/content/drive/MyDrive/Dissertation/edi_exports/heatmaps/eigencam/ham_baseline_r192_20260517_115647/ISIC_0068778_eigencam_heatmap.npy,/content/drive/MyDrive/Dissertation/edi_exports/heatmaps/eigencam/ham_navier_stokes_r192_20260517_160842/ISIC_0068778_eigencam_heatmap.npy,calculated,False,False,False,0.9975676599519332,,0.9898911118507384,,0.0056625290866474,,isic_0068778,ham_baseline_r192_20260517_115647,0.9975676599519332,0.9898911118507384,0.0056625290866474,0.0,0.0,0.0,True
6de236c81058f52f509f026f79c12a4f819072af98bf7542efc9f14c63b8153f,eigencam,ham,ham_navier_stokes_r192_20260517_160842,ISIC_0033654,192,adaptive_repair,False,/content/drive/MyDrive/Dissertation/edi_exports/heatmaps/eigencam/ham_baseline_r192_20260517_115647/ISIC_0033654_eigencam_heatmap.npy,/content/drive/MyDrive/Dissertation/edi_exports/heatmaps/eigencam/ham_navier_stokes_r192_20260517_160842/ISIC_0033654_eigencam_heatmap.npy,calculated,False,False,False,0.993255160009119,,0.9858500212430954,,0.0087611993761725,,isic_0033654,ham_baseline_r192_20260517_115647,0.993255160009119,0.9858500212430954,0.0087611993761725,0.0,0.0,0.0,True
a8784f3268e962dc1267132a8543ff84b2a1f43770214cd1fe64322140551685,eigencam,ham,ham_navier_stokes_r192_20260517_160842,ISIC_0028226,192,adaptive_repair,False,/content/drive/MyDrive/Dissertation/edi_exports/heatmaps/eigencam/ham_baseline_r192_20260517_115647/ISIC_0028226_eigencam_heatmap.npy,/content/drive/MyDrive/Dissertation/edi_exports/heatmaps/eigencam/ham_navier_stokes_r192_20260517_160842/ISIC_0028226_eigencam_heatmap.npy,calculated,False,False,False,0.98370359135284,,0.981098473072052,,0.013524865625764,,isic_0028226,ham_baseline_r192_20260517_115647,0.98370359135284,0.981098473072052,0.013524865625764,0.0,0.0,0.0,True
64ede56b6f0cb3a049b556f32cb7c432f81bb087ae24c7b2521e377a2ec2cc94,eigencam,ham,ham_navier_stokes_r192_20260517_160842,ISIC_0054787,192,adaptive_repair,False,/content/drive/MyDrive/Dissertation/edi_exports/heatmaps/eigencam/ham_baseline_r192_20260517_115647/ISIC_0054787_eigencam_heatmap.npy,/content/drive/MyDrive/Dissertation/edi_exports/heatmaps/eigencam/ham_navier_stokes_r192_20260517_160842/ISIC_0054787_eigencam_heatmap.npy,calculated,False,False,False,0.9992900534382636,,0.998034805059433,,0.0011600841107176,,isic_0054787,ham_baseline_r192_20260517_115647,0.9992900534382636,0.998034805059433,0.0011600841107176,0.0,0.0,0.0,True
bfe13dc90f25945359da5787dc6e3ca3c764b359ca99df8dfebbaeb21b6ed2fb,eigencam,ham,ham_navier_stokes_r192_20260517_160842,ISIC_0059680,192,adaptive_repair,False,/content/drive/MyDrive/Dissertation/edi_exports/heatmaps/eigencam/ham_baseline_r192_20260517_115647/ISIC_0059680_eigencam_heatmap.npy,/content/drive/MyDrive/Dissertation/edi_exports/heatmaps/eigencam/ham_navier_stokes_r192_20260517_160842/ISIC_0059680_eigencam_heatmap.npy,calculated,False,False,False,0.9946987923439354,,0.9737883806228638,,0.0144311116025842,,isic_0059680,ham_baseline_r192_20260517_115647,0.9946987923439354,0.9737883806228638,0.0144311116025842,0.0,0.0,0.0,True
19939e3498bbcafade5cd3b576fe3177b5f480e9d1a133b82a6b3aa78d44be8c,eigencam,ham,ham_telea_r192_20260517_160859,ISIC_0027358,192,adaptive_repair,False,/content/drive/MyDrive/Dissertation/edi_exports/heatmaps/eigencam/ham_baseline_r192_20260517_115647/ISIC_0027358_eigencam_heatmap.npy,/content/drive/MyDrive/Dissertation/edi_exports/heatmaps/eigencam/ham_telea_r192_20260517_160859/ISIC_0027358_eigencam_heatmap.npy,calculated,False,False,False,0.9997607805204288,,0.9982937276363372,,0.0009129410517241,,isic_0027358,ham_baseline_r192_20260517_115647,0.9997607805204288,0.9982937276363372,0.0009129410517241,0.0,0.0,0.0,True
29f0215944da485b0cb25a1f585713e933490b4a1949c4e1cd57555cc8cfe589,eigencam,ham,ham_telea_r192_20260517_160859,ISIC_0030752,192,adaptive_repair,False,/content/drive/MyDrive/Dissertation/edi_exports/heatmaps/eigencam/ham_baseline_r192_20260517_115647/ISIC_0030752_eigencam_heatmap.npy,/content/drive/MyDrive/Dissertation/edi_exports/heatmaps/eigencam/ham_telea_r192_20260517_160859/ISIC_0030752_eigencam_heatmap.npy,calculated,False,False,False,0.9968911820711752,,0.989533469080925,,0.0060104699417437,,isic_0030752,ham_baseline_r192_20260517_115647,0.9968911820711752,0.989533469080925,0.0060104699417437,0.0,0.0,0.0,True
1e6f24fbfaed2cb46070d48cf7b1ec55727552b92d0ec30ec8e12268973db120,eigencam,ham,ham_telea_r192_20260517_160859,ISIC_0029786,192,adaptive_repair,False,/content/drive/MyDrive/Dissertation/edi_exports/heatmaps/eigencam/ham_baseline_r192_20260517_115647/ISIC_0029786_eigencam_heatmap.npy,/content/drive/MyDrive/Dissertation/edi_exports/heatmaps/eigencam/ham_telea_r192_20260517_160859/ISIC_0029786_eigencam_heatmap.npy,calculated,False,False,False,0.9988051936029104,,0.9977584630250932,,0.0014194700867258,,isic_0029786,ham_baseline_r192_20260517_115647,0.9988051936029104,0.9977584630250932,0.0014194700867258,0.0,0.0,0.0,True
c28e951f1bb73ca0ba02167c2aa0dc6cec0a85913f8c3eea58c65d410b1a714e,eigencam,ham,ham_telea_r192_20260517_160859,ISIC_0026652,192,adaptive_repair,False,/content/drive/MyDrive/Dissertation/edi_exports/heatmaps/eigencam/ham_baseline_r192_20260517_115647/ISIC_0026652_eigencam_heatmap.npy,/content/drive/MyDrive/Dissertation/edi_exports/heatmaps/eigencam/ham_telea_r192_20260517_160859/ISIC_0026652_eigencam_heatmap.npy,calculated,False,False,False,0.9998943685585704,,0.998747393488884,,0.0006527111159153,,isic_0026652,ham_baseline_r192_20260517_115647,0.9998943685585704,0.998747393488884,0.0006527111159153,0.0,0.0,0.0,True
c2a42a3cfb4bf3d7b51f2b45b7c82fbff01c2ed6e3b5a306b096107de2b623a8,eigencam,ham,ham_telea_r192_20260517_160859,ISIC_0032833,192,adaptive_repair,False,/content/drive/MyDrive/Dissertation/edi_exports/heatmaps/eigencam/ham_baseline_r192_20260517_115647/ISIC_0032833_eigencam_heatmap.npy,/content/drive/MyDrive/Dissertation/edi_exports/heatmaps/eigencam/ham_telea_r192_20260517_160859/ISIC_0032833_eigencam_heatmap.npy,calculated,False,False,False,0.997241943618506,,0.9938742220401764,,0.0037524030752853,,isic_0032833,ham_baseline_r192_20260517_115647,0.997241943618506,0.9938742220401764,0.0037524030752853,0.0,0.0,0.0,True
6923b6208a9c770edb8bee6f8afb0872489e2791e1859755fc774813042c8b12,eigencam,ham,ham_telea_r192_20260517_160859,ISIC_0031445,192,adaptive_repair,False,/content/drive/MyDrive/Dissertation/edi_exports/heatmaps/eigencam/ham_baseline_r192_20260517_115647/ISIC_0031445_eigencam_heatmap.npy,/content/drive/MyDrive/Dissertation/edi_exports/heatmaps/eigencam/ham_telea_r192_20260517_160859/ISIC_0031445_eigencam_heatmap.npy,calculated,False,False,False,0.9886045264827148,,0.9406240284442902,,0.0325368541571762,,isic_0031445,ham_baseline_r192_20260517_115647,0.9886045264827148,0.9406240284442902,0.0325368541571762,0.0,0.0,0.0,True
5c8b2036f4df305985f4d642f3cff2c297b75d1fd464f5ea9bb225941d4a66d0,eigencam,ham,ham_telea_r192_20260517_160859,ISIC_0063544,192,adaptive_repair,False,/content/drive/MyDrive/Dissertation/edi_exports/heatmaps/eigencam/ham_baseline_r192_20260517_115647/ISIC_0063544_eigencam_heatmap.npy,/content/drive/MyDrive/Dissertation/edi_exports/heatmaps/eigencam/ham_telea_r192_20260517_160859/ISIC_0063544_eigencam_heatmap.npy,calculated,False,False,False,0.9990884890956584,,0.996574342250824,,0.0019407066006733,,isic_0063544,ham_baseline_r192_20260517_115647,0.9990884890956584,0.996574342250824,0.0019407066006733,0.0,0.0,0.0,True
2cea37dc50319c12a641902580874c979745678ff21e0a578d5b98b0e1354ee1,eigencam,ham,ham_telea_r192_20260517_160859,ISIC_0053615,192,adaptive_repair,False,/content/drive/MyDrive/Dissertation/edi_exports/heatmaps/eigencam/ham_baseline_r192_20260517_115647/ISIC_0053615_eigencam_heatmap.npy,/content/drive/MyDrive/Dissertation/edi_exports/heatmaps/eigencam/ham_telea_r192_20260517_160859/ISIC_0053615_eigencam_heatmap.npy,calculated,False,False,False,0.9941462282217076,,0.9811124801635742,,0.010907202862786,,isic_0053615,ham_baseline_r192_20260517_115647,0.9941462282217076,0.9811124801635742,0.010907202862786,0.0,0.0,0.0,True
d55c899de85cf777013c6d51aa9c8468b2729c9d5477494d92c33f90846397b6,eigencam,ham,ham_telea_r192_20260517_160859,ISIC_0067519,192,adaptive_repair,False,/content/drive/MyDrive/Dissertation/edi_exports/heatmaps/eigencam/ham_baseline_r192_20260517_115647/ISIC_0067519_eigencam_heatmap.npy,/content/drive/MyDrive/Dissertation/edi_exports/heatmaps/eigencam/ham_telea_r192_20260517_160859/ISIC_0067519_eigencam_heatmap.npy,calculated,False,False,False,0.9989660215352324,,0.9951148182153702,,0.0027010855085068,,isic_0067519,ham_baseline_r192_20260517_115647,0.9989660215352324,0.9951148182153702,0.0027010855085068,0.0,0.0,0.0,True
b1c24a80f3b51eb1815c59aae1b38de9fe08defbe9cf4b671beeeb8919109061,eigencam,ham,ham_telea_r192_20260517_160859,ISIC_0030653,192,adaptive_repair,False,/content/drive/MyDrive/Dissertation/edi_exports/heatmaps/eigencam/ham_baseline_r192_20260517_115647/ISIC_0030653_eigencam_heatmap.npy,/content/drive/MyDrive/Dissertation/edi_exports/heatmaps/eigencam/ham_telea_r192_20260517_160859/ISIC_0030653_eigencam_heatmap.npy,calculated,False,False,False,0.9907957485960484,,0.9775938093662262,,0.0135041581678747,,isic_0030653,ham_baseline_r192_20260517_115647,0.9907957485960484,0.9775938093662262,0.0135041581678747,0.0,0.0,0.0,True
95e8916ac094e6b5d036b724b620c54193acf942c189f80b7f185e48d560a219,eigencam,ham,ham_telea_r192_20260517_160859,ISIC_0064161,192,adaptive_repair,False,/content/drive/MyDrive/Dissertation/edi_exports/heatmaps/eigencam/ham_baseline_r192_20260517_115647/ISIC_0064161_eigencam_heatmap.npy,/content/drive/MyDrive/Dissertation/edi_exports/heatmaps/eigencam/ham_telea_r192_20260517_160859/ISIC_0064161_eigencam_heatmap.npy,calculated,False,False,False,0.9997792999605384,,0.9995649605989456,,0.0002726947103925,,isic_0064161,ham_baseline_r192_20260517_115647,0.9997792999605384,0.9995649605989456,0.0002726947103925,0.0,0.0,0.0,True
d5fb7e928810c6f3921886318296df81555dfad5b97a4f69b35da09a05b38b4b,eigencam,ham,ham_telea_r192_20260517_160859,ISIC_0031005,192,adaptive_repair,False,/content/drive/MyDrive/Dissertation/edi_exports/heatmaps/eigencam/ham_baseline_r192_20260517_115647/ISIC_0031005_eigencam_heatmap.npy,/content/drive/MyDrive/Dissertation/edi_exports/heatmaps/eigencam/ham_telea_r192_20260517_160859/ISIC_0031005_eigencam_heatmap.npy,calculated,False,False,False,0.9984508462090844,,0.9884208589792252,,0.0061768589581163,,isic_0031005,ham_baseline_r192_20260517_115647,0.9984508462090844,0.9884208589792252,0.0061768589581163,0.0,0.0,0.0,True
2f2822588528b65580878b6ed29242728450ba1eba27b3dbb847e489f89be121,eigencam,ham,ham_telea_r192_20260517_160859,ISIC_0028490,192,adaptive_repair,False,/content/drive/MyDrive/Dissertation/edi_exports/heatmaps/eigencam/ham_baseline_r192_20260517_115647/ISIC_0028490_eigencam_heatmap.npy,/content/drive/MyDrive/Dissertation/edi_exports/heatmaps/eigencam/ham_telea_r192_20260517_160859/ISIC_0028490_eigencam_heatmap.npy,calculated,False,False,False,0.9963639284031668,,0.9845050871372224,,0.0086564743305971,,isic_0028490,ham_baseline_r192_20260517_115647,0.9963639284031668,0.9845050871372224,0.0086564743305971,0.0,0.0,0.0,True
89c52adef5691b8f3335314bb9d3ea8c423890c191ce065be1fde66170c12dff,eigencam,ham,ham_telea_r192_20260517_160859,ISIC_0027712,192,adaptive_repair,False,/content/drive/MyDrive/Dissertation/edi_exports/heatmaps/eigencam/ham_baseline_r192_20260517_115647/ISIC_0027712_eigencam_heatmap.npy,/content/drive/MyDrive/Dissertation/edi_exports/heatmaps/eigencam/ham_telea_r192_20260517_160859/ISIC_0027712_eigencam_heatmap.npy,calculated,False,False,False,0.9842781504146196,,0.9305716305971146,,0.0386446470977878,,isic_0027712,ham_baseline_r192_20260517_115647,0.9842781504146196,0.9305716305971146,0.0386446470977878,0.0,0.0,0.0,True
51457b1346f89073cfedec46c067cc7a67d43dfb3a1bc5e30f4aec59420c1fde,eigencam,ham,ham_telea_r192_20260517_160859,ISIC_0015232_DOWNSAMPLED,192,adaptive_repair,False,/content/drive/MyDrive/Dissertation/edi_exports/heatmaps/eigencam/ham_baseline_r192_20260517_115647/ISIC_0015232_downsampled_eigencam_heatmap.npy,/content/drive/MyDrive/Dissertation/edi_exports/heatmaps/eigencam/ham_telea_r192_20260517_160859/ISIC_0015232_downsampled_eigencam_heatmap.npy,calculated,False,False,False,0.9836620875964508,,0.9685235619544984,,0.0198226971236381,,isic_0015232_downsampled,ham_baseline_r192_20260517_115647,0.9836620875964508,0.9685235619544984,0.0198226971236381,0.0,0.0,0.0,True
259711a4fbf912b62673ea1a17005ccd5e28dfba097dfb480dd14be70c76761a,eigencam,ham,ham_telea_r192_20260517_160859,ISIC_0031745,192,adaptive_repair,False,/content/drive/MyDrive/Dissertation/edi_exports/heatmaps/eigencam/ham_baseline_r192_20260517_115647/ISIC_0031745_eigencam_heatmap.npy,/content/drive/MyDrive/Dissertation/edi_exports/heatmaps/eigencam/ham_telea_r192_20260517_160859/ISIC_0031745_eigencam_heatmap.npy,calculated,False,False,False,0.9994232955202768,,0.9983927458524704,,0.0009478031936955,,isic_0031745,ham_baseline_r192_20260517_115647,0.9994232955202768,0.9983927458524704,0.0009478031936955,0.0,0.0,0.0,True
0d21ad62492dbfb4816221c95996c7ec218e9b0114fb80282c2ec66a7bb83b6d,eigencam,ham,ham_telea_r192_20260517_160859,ISIC_0027397,192,adaptive_repair,False,/content/drive/MyDrive/Dissertation/edi_exports/heatmaps/eigencam/ham_baseline_r192_20260517_115647/ISIC_0027397_eigencam_heatmap.npy,/content/drive/MyDrive/Dissertation/edi_exports/heatmaps/eigencam/ham_telea_r192_20260517_160859/ISIC_0027397_eigencam_heatmap.npy,calculated,False,False,False,0.989460259085531,,0.9223157912492752,,0.0414770396039796,,isic_0027397,ham_baseline_r192_20260517_115647,0.989460259085531,0.9223157912492752,0.0414770396039796,0.0,0.0,0.0,True
2c6c07d58001d01719cc776915eeb2adaf9afe4bb0611ee9fe507471e97ed9f9,eigencam,ham,ham_telea_r192_20260517_160859,ISIC_0070105,192,adaptive_repair,False,/content/drive/MyDrive/Dissertation/edi_exports/heatmaps/eigencam/ham_baseline_r192_20260517_115647/ISIC_0070105_eigencam_heatmap.npy,/content/drive/MyDrive/Dissertation/edi_exports/heatmaps/eigencam/ham_telea_r192_20260517_160859/ISIC_0070105_eigencam_heatmap.npy,calculated,False,False,False,0.9963599576553596,,0.9915956258773804,,0.0051121976474698,,isic_0070105,ham_baseline_r192_20260517_115647,0.9963599576553596,0.9915956258773804,0.0051121976474698,0.0,0.0,0.0,True
e655fe3c29e6d2fbc0694d1996904d4791680b6fa69a82407269963740397201,eigencam,ham,ham_telea_r192_20260517_160859,ISIC_0028847,192,adaptive_repair,False,/content/drive/MyDrive/Dissertation/edi_exports/heatmaps/eigencam/ham_baseline_r192_20260517_115647/ISIC_0028847_eigencam_heatmap.npy,/content/drive/MyDrive/Dissertation/edi_exports/heatmaps/eigencam/ham_telea_r192_20260517_160859/ISIC_0028847_eigencam_heatmap.npy,calculated,False,False,False,0.9992293193631449,,0.9990147799253464,,0.0006852801965405,,isic_0028847,ham_baseline_r192_20260517_115647,0.9992293193631449,0.9990147799253464,0.0006852801965405,0.0,0.0,0.0,True
e963cdf349d224b51e874b5aa9f1fcf346387719b0373dfb2ba9e11c2ab661bc,eigencam,ham,ham_telea_r192_20260517_160859,ISIC_0068414,192,adaptive_repair,False,/content/drive/MyDrive/Dissertation/edi_exports/heatmaps/eigencam/ham_baseline_r192_20260517_115647/ISIC_0068414_eigencam_heatmap.npy,/content/drive/MyDrive/Dissertation/edi_exports/heatmaps/eigencam/ham_telea_r192_20260517_160859/ISIC_0068414_eigencam_heatmap.npy,calculated,False,False,False,0.9764829575689168,,0.9618514180183412,,0.0249535515986002,,isic_0068414,ham_baseline_r192_20260517_115647,0.9764829575689168,0.9618514180183412,0.0249535515986002,0.0,0.0,0.0,True
2fe2e15cb97a029201657f3776ac04f181adcdbb0ccf9d5d7c592f0b347f635d,eigencam,ham,ham_telea_r192_20260517_160859,ISIC_0032425,192,adaptive_repair,False,/content/drive/MyDrive/Dissertation/edi_exports/heatmaps/eigencam/ham_baseline_r192_20260517_115647/ISIC_0032425_eigencam_heatmap.npy,/content/drive/MyDrive/Dissertation/edi_exports/heatmaps/eigencam/ham_telea_r192_20260517_160859/ISIC_0032425_eigencam_heatmap.npy,calculated,False,False,False,0.9982641533127998,,0.9977674931287766,,0.0015502151074117,,isic_0032425,ham_baseline_r192_20260517_115647,0.9982641533127998,0.9977674931287766,0.0015502151074117,0.0,0.0,0.0,True
3361c5ac89e779bd0f6f6374919ab4a50e6eed0ecdae65aaf8379701023a15aa,eigencam,ham,ham_telea_r192_20260517_160859,ISIC_0031535,192,adaptive_repair,False,/content/drive/MyDrive/Dissertation/edi_exports/heatmaps/eigencam/ham_baseline_r192_20260517_115647/ISIC_0031535_eigencam_heatmap.npy,/content/drive/MyDrive/Dissertation/edi_exports/heatmaps/eigencam/ham_telea_r192_20260517_160859/ISIC_0031535_eigencam_heatmap.npy,calculated,False,False,False,0.956507732062324,,0.6524713337421417,,0.1846374001133481,,isic_0031535,ham_baseline_r192_20260517_115647,0.956507732062324,0.6524713337421417,0.1846374001133481,0.0,0.0,0.0,True
ce9bf9bf2d9434a5fb511e0b8ea07ab9f956580394b7c6092f2a94dd9cf44f1f,eigencam,ham,ham_telea_r192_20260517_160859,ISIC_0027102,192,adaptive_repair,False,/content/drive/MyDrive/Dissertation/edi_exports/heatmaps/eigencam/ham_baseline_r192_20260517_115647/ISIC_0027102_eigencam_heatmap.npy,/content/drive/MyDrive/Dissertation/edi_exports/heatmaps/eigencam/ham_telea_r192_20260517_160859/ISIC_0027102_eigencam_heatmap.npy,calculated,False,False,False,0.9970884476110244,,0.9953089356422424,,0.0030734202761226,,isic_0027102,ham_baseline_r192_20260517_115647,0.9970884476110244,0.9953089356422424,0.0030734202761226,0.0,0.0,0.0,True
90d7754fcae7c2bab083028bb77ecd23ef0e2f5363519d90a0e5787a86d2e2f1,eigencam,ham,ham_telea_r192_20260517_160859,ISIC_0061194,192,adaptive_repair,False,/content/drive/MyDrive/Dissertation/edi_exports/heatmaps/eigencam/ham_baseline_r192_20260517_115647/ISIC_0061194_eigencam_heatmap.npy,/content/drive/MyDrive/Dissertation/edi_exports/heatmaps/eigencam/ham_telea_r192_20260517_160859/ISIC_0061194_eigencam_heatmap.npy,calculated,False,False,False,0.9991669734957008,,0.9987433701753616,,0.000836571538394,,isic_0061194,ham_baseline_r192_20260517_115647,0.9991669734957008,0.9987433701753616,0.000836571538394,0.0,0.0,0.0,True
3f0d66a5b1380c0b17883f7b3e2d1b17ec97079cd0d6695cb62234dae5c8cf2f,eigencam,ham,ham_telea_r192_20260517_160859,ISIC_0058285,192,adaptive_repair,False,/content/drive/MyDrive/Dissertation/edi_exports/heatmaps/eigencam/ham_baseline_r192_20260517_115647/ISIC_0058285_eigencam_heatmap.npy,/content/drive/MyDrive/Dissertation/edi_exports/heatmaps/eigencam/ham_telea_r192_20260517_160859/ISIC_0058285_eigencam_heatmap.npy,calculated,False,False,False,0.9942714902793788,,0.9894435852766036,,0.0067103347918534,,isic_0058285,ham_baseline_r192_20260517_115647,0.9942714902793788,0.9894435852766036,0.0067103347918534,0.0,0.0,0.0,True
db17681265334a69abf0030809506428af281537752384a4ef1a90f416a49014,eigencam,ham,ham_telea_r192_20260517_160859,ISIC_0028508,192,adaptive_repair,False,/content/drive/MyDrive/Dissertation/edi_exports/heatmaps/eigencam/ham_baseline_r192_20260517_115647/ISIC_0028508_eigencam_heatmap.npy,/content/drive/MyDrive/Dissertation/edi_exports/heatmaps/eigencam/ham_telea_r192_20260517_160859/ISIC_0028508_eigencam_heatmap.npy,calculated,False,False,False,0.9986535521682464,,0.9978652149438858,,0.0014040044859954,,isic_0028508,ham_baseline_r192_20260517_115647,0.9986535521682464,0.9978652149438858,0.0014040044859954,0.0,0.0,0.0,True
eff6ce2b46bae7e015ac9845f48ccec70547600b3a575b95514d54ec4f3101ab,eigencam,ham,ham_telea_r192_20260517_160859,ISIC_0032063,192,adaptive_repair,False,/content/drive/MyDrive/Dissertation/edi_exports/heatmaps/eigencam/ham_baseline_r192_20260517_115647/ISIC_0032063_eigencam_heatmap.npy,/content/drive/MyDrive/Dissertation/edi_exports/heatmaps/eigencam/ham_telea_r192_20260517_160859/ISIC_0032063_eigencam_heatmap.npy,calculated,False,False,False,0.9921718952037664,,0.9897531419992448,,0.007080455199436,,isic_0032063,ham_baseline_r192_20260517_115647,0.9921718952037664,0.9897531419992448,0.007080455199436,0.0,0.0,0.0,True
2bc91ca764e18f86288c185170de80fa125af118c6faa60dc93d1dfda16ea43c,eigencam,ham,ham_telea_r192_20260517_160859,ISIC_0067055,192,adaptive_repair,False,/content/drive/MyDrive/Dissertation/edi_exports/heatmaps/eigencam/ham_baseline_r192_20260517_115647/ISIC_0067055_eigencam_heatmap.npy,/content/drive/MyDrive/Dissertation/edi_exports/heatmaps/eigencam/ham_telea_r192_20260517_160859/ISIC_0067055_eigencam_heatmap.npy,calculated,False,False,False,0.999836630360048,,0.9993508458137512,,0.0003654195031123,,isic_0067055,ham_baseline_r192_20260517_115647,0.999836630360048,0.9993508458137512,0.0003654195031123,0.0,0.0,0.0,True
ef1e5739e558d6ea2b3fb36014c75dfae79129bcd2a8d34850cbc4c9a386218e,eigencam,ham,ham_telea_r192_20260517_160859,ISIC_0027282,192,adaptive_repair,False,/content/drive/MyDrive/Dissertation/edi_exports/heatmaps/eigencam/ham_baseline_r192_20260517_115647/ISIC_0027282_eigencam_heatmap.npy,/content/drive/MyDrive/Dissertation/edi_exports/heatmaps/eigencam/ham_telea_r192_20260517_160859/ISIC_0027282_eigencam_heatmap.npy,calculated,False,False,False,0.9979091716183328,,0.9937586188316344,,0.0036433976795995,,isic_0027282,ham_baseline_r192_20260517_115647,0.9979091716183328,0.9937586188316344,0.0036433976795995,0.0,0.0,0.0,True
1fc082d2254f8846a6e6035125f2be1b6952651f52f7b8383b7d0a1a1ac9e46f,eigencam,ham,ham_telea_r192_20260517_160859,ISIC_0068248,192,adaptive_repair,False,/content/drive/MyDrive/Dissertation/edi_exports/heatmaps/eigencam/ham_baseline_r192_20260517_115647/ISIC_0068248_eigencam_heatmap.npy,/content/drive/MyDrive/Dissertation/edi_exports/heatmaps/eigencam/ham_telea_r192_20260517_160859/ISIC_0068248_eigencam_heatmap.npy,calculated,False,False,False,0.9828008684865388,,0.964900240302086,,0.0218496627273223,,isic_0068248,ham_baseline_r192_20260517_115647,0.9828008684865388,0.964900240302086,0.0218496627273223,0.0,0.0,0.0,True
19dcfd0673c3072310bc9479c05d2055633b5a72b6fb71a300340379790c0427,eigencam,ham,ham_telea_r192_20260517_160859,ISIC_0058003,192,adaptive_repair,False,/content/drive/MyDrive/Dissertation/edi_exports/heatmaps/eigencam/ham_baseline_r192_20260517_115647/ISIC_0058003_eigencam_heatmap.npy,/content/drive/MyDrive/Dissertation/edi_exports/heatmaps/eigencam/ham_telea_r192_20260517_160859/ISIC_0058003_eigencam_heatmap.npy,calculated,False,False,False,0.9960586519626432,,0.9914709627628326,,0.0052498556279229,,isic_0058003,ham_baseline_r192_20260517_115647,0.9960586519626432,0.9914709627628326,0.0052498556279229,0.0,0.0,0.0,True
6d3de8947b5180c913679ca81c747eb1e58a5d9552acc3ee16382038b102a8ac,eigencam,ham,ham_telea_r192_20260517_160859,ISIC_0010490,192,adaptive_repair,False,/content/drive/MyDrive/Dissertation/edi_exports/heatmaps/eigencam/ham_baseline_r192_20260517_115647/ISIC_0010490_eigencam_heatmap.npy,/content/drive/MyDrive/Dissertation/edi_exports/heatmaps/eigencam/ham_telea_r192_20260517_160859/ISIC_0010490_eigencam_heatmap.npy,calculated,False,False,False,0.9991614573181156,,0.9969190508127213,,0.0017501102641105,,isic_0010490,ham_baseline_r192_20260517_115647,0.9991614573181156,0.9969190508127213,0.0017501102641105,0.0,0.0,0.0,True
7ce9fe8c35433eaace2dc4d072f72458f88003754fdb1613f79662c9831874c5,eigencam,ham,ham_telea_r192_20260517_160859,ISIC_0033153,192,adaptive_repair,False,/content/drive/MyDrive/Dissertation/edi_exports/heatmaps/eigencam/ham_baseline_r192_20260517_115647/ISIC_0033153_eigencam_heatmap.npy,/content/drive/MyDrive/Dissertation/edi_exports/heatmaps/eigencam/ham_telea_r192_20260517_160859/ISIC_0033153_eigencam_heatmap.npy,calculated,False,False,False,0.9770900473653104,,0.9630333781242372,,0.0242107990965538,,isic_0033153,ham_baseline_r192_20260517_115647,0.9770900473653104,0.9630333781242372,0.0242107990965538,0.0,0.0,0.0,True
3bdcadc6544456a02a0cfa2d7b2ed14e83ee0ba07e3164f174c23f97a691844a,eigencam,ham,ham_telea_r192_20260517_160859,ISIC_0073194,192,adaptive_repair,False,/content/drive/MyDrive/Dissertation/edi_exports/heatmaps/eigencam/ham_baseline_r192_20260517_115647/ISIC_0073194_eigencam_heatmap.npy,/content/drive/MyDrive/Dissertation/edi_exports/heatmaps/eigencam/ham_telea_r192_20260517_160859/ISIC_0073194_eigencam_heatmap.npy,calculated,False,False,False,0.9991208205274448,,0.9980946928262712,,0.0011724484550033,,isic_0073194,ham_baseline_r192_20260517_115647,0.9991208205274448,0.9980946928262712,0.0011724484550033,0.0,0.0,0.0,True
e89dc7cbbd2065c5b0c05fc580df2457b29f01c88e364e8bf3b39c582baa948f,eigencam,ham,ham_telea_r192_20260517_160859,ISIC_0028273,192,adaptive_repair,False,/content/drive/MyDrive/Dissertation/edi_exports/heatmaps/eigencam/ham_baseline_r192_20260517_115647/ISIC_0028273_eigencam_heatmap.npy,/content/drive/MyDrive/Dissertation/edi_exports/heatmaps/eigencam/ham_telea_r192_20260517_160859/ISIC_0028273_eigencam_heatmap.npy,calculated,False,False,False,0.9793911432453296,,0.9013588726520538,,0.0544727778626407,,isic_0028273,ham_baseline_r192_20260517_115647,0.9793911432453296,0.9013588726520538,0.0544727778626407,0.0,0.0,0.0,True
a6f4a3b2ba3627e0ba75c0bb8a0b95a884339c2abf77b79622bc0fe7d3a7d763,eigencam,ham,ham_telea_r192_20260517_160859,ISIC_0068778,192,adaptive_repair,False,/content/drive/MyDrive/Dissertation/edi_exports/heatmaps/eigencam/ham_baseline_r192_20260517_115647/ISIC_0068778_eigencam_heatmap.npy,/content/drive/MyDrive/Dissertation/edi_exports/heatmaps/eigencam/ham_telea_r192_20260517_160859/ISIC_0068778_eigencam_heatmap.npy,calculated,False,False,False,0.99474848763188,,0.9749694019556046,,0.0138281771142277,,isic_0068778,ham_baseline_r192_20260517_115647,0.99474848763188,0.9749694019556046,0.0138281771142277,0.0,0.0,0.0,True
6093e228bb3eb3528be45965270638c01b9c243b985fac77a40dad6156f25f23,eigencam,ham,ham_telea_r192_20260517_160859,ISIC_0033654,192,adaptive_repair,False,/content/drive/MyDrive/Dissertation/edi_exports/heatmaps/eigencam/ham_baseline_r192_20260517_115647/ISIC_0033654_eigencam_heatmap.npy,/content/drive/MyDrive/Dissertation/edi_exports/heatmaps/eigencam/ham_telea_r192_20260517_160859/ISIC_0033654_eigencam_heatmap.npy,calculated,False,False,False,0.999274852171338,,0.9988480806350708,,0.00075724663963,,isic_0033654,ham_baseline_r192_20260517_115647,0.999274852171338,0.9988480806350708,0.00075724663963,0.0,0.0,0.0,True
7417fffcce8fd957883a60b0b52a625f06980d2abaf9e67752e8eb00fd19d1e9,eigencam,ham,ham_telea_r192_20260517_160859,ISIC_0028226,192,adaptive_repair,False,/content/drive/MyDrive/Dissertation/edi_exports/heatmaps/eigencam/ham_baseline_r192_20260517_115647/ISIC_0028226_eigencam_heatmap.npy,/content/drive/MyDrive/Dissertation/edi_exports/heatmaps/eigencam/ham_telea_r192_20260517_160859/ISIC_0028226_eigencam_heatmap.npy,calculated,False,False,False,0.9198075453956124,,0.9195121079683304,,0.0602920596669316,,isic_0028226,ham_baseline_r192_20260517_115647,0.9198075453956124,0.9195121079683304,0.0602920596669316,0.0,0.0,0.0,True
9e8bb4e812656fd34675207ba652b29b8b4e79dd5c911435f639b7d79ec689b7,eigencam,ham,ham_telea_r192_20260517_160859,ISIC_0054787,192,adaptive_repair,False,/content/drive/MyDrive/Dissertation/edi_exports/heatmaps/eigencam/ham_baseline_r192_20260517_115647/ISIC_0054787_eigencam_heatmap.npy,/content/drive/MyDrive/Dissertation/edi_exports/heatmaps/eigencam/ham_telea_r192_20260517_160859/ISIC_0054787_eigencam_heatmap.npy,calculated,False,False,False,0.9995917168529458,,0.9991274625062944,,0.0005383395336164,,isic_0054787,ham_baseline_r192_20260517_115647,0.9995917168529458,0.9991274625062944,0.0005383395336164,0.0,0.0,0.0,True
8039c471df007ae9fcbb8d70d71405b0e431f760e2e9b25bdb9bc20d46d10f7a,eigencam,ham,ham_telea_r192_20260517_160859,ISIC_0059680,192,adaptive_repair,False,/content/drive/MyDrive/Dissertation/edi_exports/heatmaps/eigencam/ham_baseline_r192_20260517_115647/ISIC_0059680_eigencam_heatmap.npy,/content/drive/MyDrive/Dissertation/edi_exports/heatmaps/eigencam/ham_telea_r192_20260517_160859/ISIC_0059680_eigencam_heatmap.npy,calculated,False,False,False,0.999407762314784,,0.9984142482280732,,0.0009409353072674,,isic_0059680,ham_baseline_r192_20260517_115647,0.999407762314784,0.9984142482280732,0.0009409353072674,0.0,0.0,0.0,True
ead4b64444b1bf68845ed2c37b8cf735fd9fcb0eadc597ca5eda8e70464e0388,eigencam,train_ham_test_isic,train_ham_test_isic_diffusion_r128_20260521_204628,ISIC_0027358,128,adaptive_repair,False,/content/drive/MyDrive/Dissertation/edi_exports/heatmaps/eigencam/train_ham_test_isic_baseline_r128_20260521_223809/ISIC_0027358_eigencam_heatmap.npy,/content/drive/MyDrive/Dissertation/edi_exports/heatmaps/eigencam/train_ham_test_isic_diffusion_r128_20260521_204628/ISIC_0027358_eigencam_heatmap.npy,calculated,False,False,False,0.9998788985832056,,0.9993511438369752,,0.000354703435711,,isic_0027358,train_ham_test_isic_baseline_r128_20260521_223809,0.9998788985832056,0.9993511438369752,0.000354703435711,0.0,0.0,0.0,True
67fe53221676e278332183e52821937395d66355c509d6e0f19b095a57822b69,eigencam,train_ham_test_isic,train_ham_test_isic_diffusion_r128_20260521_204628,ISIC_0030752,128,adaptive_repair,False,/content/drive/MyDrive/Dissertation/edi_exports/heatmaps/eigencam/train_ham_test_isic_baseline_r128_20260521_223809/ISIC_0030752_eigencam_heatmap.npy,/content/drive/MyDrive/Dissertation/edi_exports/heatmaps/eigencam/train_ham_test_isic_diffusion_r128_20260521_204628/ISIC_0030752_eigencam_heatmap.npy,calculated,False,False,False,0.9990429283902168,,0.993608057498932,,0.0034352391529798,,isic_0030752,train_ham_test_isic_baseline_r128_20260521_223809,0.9990429283902168,0.993608057498932,0.0034352391529798,0.0,0.0,0.0,True
23be55a0713f4c467653b18850536dc36a57f52ecbb17f59fdef5ffae8c2754c,eigencam,train_ham_test_isic,train_ham_test_isic_diffusion_r128_20260521_204628,ISIC_0029786,128,adaptive_repair,False,/content/drive/MyDrive/Dissertation/edi_exports/heatmaps/eigencam/train_ham_test_isic_baseline_r128_20260521_223809/ISIC_0029786_eigencam_heatmap.npy,/content/drive/MyDrive/Dissertation/edi_exports/heatmaps/eigencam/train_ham_test_isic_diffusion_r128_20260521_204628/ISIC_0029786_eigencam_heatmap.npy,calculated,False,False,False,0.999740286993144,,0.9985487461090088,,0.0007905551972096,,isic_0029786,train_ham_test_isic_baseline_r128_20260521_223809,0.999740286993144,0.9985487461090088,0.0007905551972096,0.0,0.0,0.0,True
a75fc99c8e9855451e71fef8359a8aba08552c7b2931d8794ed03382962b76ce,eigencam,train_ham_test_isic,train_ham_test_isic_diffusion_r128_20260521_204628,ISIC_0026652,128,adaptive_repair,False,/content/drive/MyDrive/Dissertation/edi_exports/heatmaps/eigencam/train_ham_test_isic_baseline_r128_20260521_223809/ISIC_0026652_eigencam_heatmap.npy,/content/drive/MyDrive/Dissertation/edi_exports/heatmaps/eigencam/train_ham_test_isic_diffusion_r128_20260521_204628/ISIC_0026652_eigencam_heatmap.npy,calculated,False,False,False,0.9997468297431702,,0.9974954426288604,,0.0013155712497772,,isic_0026652,train_ham_test_isic_baseline_r128_20260521_223809,0.9997468297431702,0.9974954426288604,0.0013155712497772,0.0,0.0,0.0,True
80b1a7b959229e21e0ea8499875244309222075088a80a35b7b83cbbea5bda2f,eigencam,train_ham_test_isic,train_ham_test_isic_diffusion_r128_20260521_204628,ISIC_0032833,128,adaptive_repair,False,/content/drive/MyDrive/Dissertation/edi_exports/heatmaps/eigencam/train_ham_test_isic_baseline_r128_20260521_223809/ISIC_0032833_eigencam_heatmap.npy,/content/drive/MyDrive/Dissertation/edi_exports/heatmaps/eigencam/train_ham_test_isic_diffusion_r128_20260521_204628/ISIC_0032833_eigencam_heatmap.npy,calculated,False,False,False,0.9995715017416678,,0.9992095232009888,,0.0005023629640886,,isic_0032833,train_ham_test_isic_baseline_r128_20260521_223809,0.9995715017416678,0.9992095232009888,0.0005023629640886,0.0,0.0,0.0,True
3790db0909bced9cb378dfdd77c4ba8cade2d604c197fefe77dfaef735d5158f,eigencam,train_ham_test_isic,train_ham_test_isic_diffusion_r128_20260521_204628,ISIC_0031445,128,adaptive_repair,False,/content/drive/MyDrive/Dissertation/edi_exports/heatmaps/eigencam/train_ham_test_isic_baseline_r128_20260521_223809/ISIC_0031445_eigencam_heatmap.npy,/content/drive/MyDrive/Dissertation/edi_exports/heatmaps/eigencam/train_ham_test_isic_diffusion_r128_20260521_204628/ISIC_0031445_eigencam_heatmap.npy,calculated,False,False,False,0.99192633969087,,0.9345335960388184,,0.0347516170578733,,isic_0031445,train_ham_test_isic_baseline_r128_20260521_223809,0.99192633969087,0.9345335960388184,0.0347516170578733,0.0,0.0,0.0,True
e9a8b13f19f1105a1973e9600e34cf37f7713296a5287f3bbbcdd491067855f8,eigencam,train_ham_test_isic,train_ham_test_isic_diffusion_r128_20260521_204628,ISIC_0063544,128,adaptive_repair,False,/content/drive/MyDrive/Dissertation/edi_exports/heatmaps/eigencam/train_ham_test_isic_baseline_r128_20260521_223809/ISIC_0063544_eigencam_heatmap.npy,/content/drive/MyDrive/Dissertation/edi_exports/heatmaps/eigencam/train_ham_test_isic_diffusion_r128_20260521_204628/ISIC_0063544_eigencam_heatmap.npy,calculated,False,False,False,0.9996679699189364,,0.9992971867322922,,0.0004344141541198,,isic_0063544,train_ham_test_isic_baseline_r128_20260521_223809,0.9996679699189364,0.9992971867322922,0.0004344141541198,0.0,0.0,0.0,True
2472ac4c226415df193e5e310822bbaccc3fcd76080c4669148b5a673774d6e0,eigencam,train_ham_test_isic,train_ham_test_isic_diffusion_r128_20260521_204628,ISIC_0053615,128,adaptive_repair,False,/content/drive/MyDrive/Dissertation/edi_exports/heatmaps/eigencam/train_ham_test_isic_baseline_r128_20260521_223809/ISIC_0053615_eigencam_heatmap.npy,/content/drive/MyDrive/Dissertation/edi_exports/heatmaps/eigencam/train_ham_test_isic_diffusion_r128_20260521_204628/ISIC_0053615_eigencam_heatmap.npy,calculated,False,False,False,0.9996839967890688,,0.9995815306901932,,0.0002882354576361,,isic_0053615,train_ham_test_isic_baseline_r128_20260521_223809,0.9996839967890688,0.9995815306901932,0.0002882354576361,0.0,0.0,0.0,True
d1eeebdbc4f882b1036fbacc6b0bd7be19a9166d6e2264010c8311e2afadca35,eigencam,train_ham_test_isic,train_ham_test_isic_diffusion_r128_20260521_204628,ISIC_0067519,128,adaptive_repair,False,/content/drive/MyDrive/Dissertation/edi_exports/heatmaps/eigencam/train_ham_test_isic_baseline_r128_20260521_223809/ISIC_0067519_eigencam_heatmap.npy,/content/drive/MyDrive/Dissertation/edi_exports/heatmaps/eigencam/train_ham_test_isic_diffusion_r128_20260521_204628/ISIC_0067519_eigencam_heatmap.npy,calculated,False,False,False,0.999832731512217,,0.9957243502140044,,0.0021796420149434,,isic_0067519,train_ham_test_isic_baseline_r128_20260521_223809,0.999832731512217,0.9957243502140044,0.0021796420149434,0.0,0.0,0.0,True
9a12864044c6f5e77f939be4b6f219213cf778c13d49b6877163bdc6811b8bbb,eigencam,train_ham_test_isic,train_ham_test_isic_diffusion_r128_20260521_204628,ISIC_0030653,128,adaptive_repair,False,/content/drive/MyDrive/Dissertation/edi_exports/heatmaps/eigencam/train_ham_test_isic_baseline_r128_20260521_223809/ISIC_0030653_eigencam_heatmap.npy,/content/drive/MyDrive/Dissertation/edi_exports/heatmaps/eigencam/train_ham_test_isic_diffusion_r128_20260521_204628/ISIC_0030653_eigencam_heatmap.npy,calculated,False,False,False,0.9985668183588218,,0.9963168054819108,,0.0021998926693391,,isic_0030653,train_ham_test_isic_baseline_r128_20260521_223809,0.9985668183588218,0.9963168054819108,0.0021998926693391,0.0,0.0,0.0,True
add7c1db5b25473a4fee15328f2eff1ef6b73ad6d75ae613bd77e5b9fa7df3bd,eigencam,train_ham_test_isic,train_ham_test_isic_diffusion_r128_20260521_204628,ISIC_0064161,128,adaptive_repair,False,/content/drive/MyDrive/Dissertation/edi_exports/heatmaps/eigencam/train_ham_test_isic_baseline_r128_20260521_223809/ISIC_0064161_eigencam_heatmap.npy,/content/drive/MyDrive/Dissertation/edi_exports/heatmaps/eigencam/train_ham_test_isic_diffusion_r128_20260521_204628/ISIC_0064161_eigencam_heatmap.npy,calculated,False,False,False,0.9997325162606108,,0.99929741024971,,0.0004181658099923,,isic_0064161,train_ham_test_isic_baseline_r128_20260521_223809,0.9997325162606108,0.99929741024971,0.0004181658099923,0.0,0.0,0.0,True
622613dc2d14957f36a5d5a6e032a84e646589d512d69da0ca7b56cc5fc1fd3a,eigencam,train_ham_test_isic,train_ham_test_isic_diffusion_r128_20260521_204628,ISIC_0031005,128,adaptive_repair,False,/content/drive/MyDrive/Dissertation/edi_exports/heatmaps/eigencam/train_ham_test_isic_baseline_r128_20260521_223809/ISIC_0031005_eigencam_heatmap.npy,/content/drive/MyDrive/Dissertation/edi_exports/heatmaps/eigencam/train_ham_test_isic_diffusion_r128_20260521_204628/ISIC_0031005_eigencam_heatmap.npy,calculated,False,False,False,0.9992027164020204,,0.9968448877334596,,0.0017768770327651,,isic_0031005,train_ham_test_isic_baseline_r128_20260521_223809,0.9992027164020204,0.9968448877334596,0.0017768770327651,0.0,0.0,0.0,True
052062427a3f1cd31ff33257a92cc23b8d01b4546ba402d67be27b5de5b75486,eigencam,train_ham_test_isic,train_ham_test_isic_diffusion_r128_20260521_204628,ISIC_0028490,128,adaptive_repair,False,/content/drive/MyDrive/Dissertation/edi_exports/heatmaps/eigencam/train_ham_test_isic_baseline_r128_20260521_223809/ISIC_0028490_eigencam_heatmap.npy,/content/drive/MyDrive/Dissertation/edi_exports/heatmaps/eigencam/train_ham_test_isic_diffusion_r128_20260521_204628/ISIC_0028490_eigencam_heatmap.npy,calculated,False,False,False,0.9991779829940376,,0.997110679745674,,0.0016501643786535,,isic_0028490,train_ham_test_isic_baseline_r128_20260521_223809,0.9991779829940376,0.997110679745674,0.0016501643786535,0.0,0.0,0.0,True
b8c1808b165986633e8d9e50d91afeddf25d265b528a348ff433b02e3dc175e5,eigencam,train_ham_test_isic,train_ham_test_isic_diffusion_r128_20260521_204628,ISIC_0027712,128,adaptive_repair,False,/content/drive/MyDrive/Dissertation/edi_exports/heatmaps/eigencam/train_ham_test_isic_baseline_r128_20260521_223809/ISIC_0027712_eigencam_heatmap.npy,/content/drive/MyDrive/Dissertation/edi_exports/heatmaps/eigencam/train_ham_test_isic_diffusion_r128_20260521_204628/ISIC_0027712_eigencam_heatmap.npy,calculated,False,False,False,0.9983299500259696,,0.9892396777868272,,0.005797673600094,,isic_0027712,train_ham_test_isic_baseline_r128_20260521_223809,0.9983299500259696,0.9892396777868272,0.005797673600094,0.0,0.0,0.0,True
b3f2b77ac6db4d1b1fd964a172a305c87d9150adb8104dd0b9e9e0c609ba1b17,eigencam,train_ham_test_isic,train_ham_test_isic_diffusion_r128_20260521_204628,ISIC_0015232_DOWNSAMPLED,128,adaptive_repair,False,/content/drive/MyDrive/Dissertation/edi_exports/heatmaps/eigencam/train_ham_test_isic_baseline_r128_20260521_223809/ISIC_0015232_downsampled_eigencam_heatmap.npy,/content/drive/MyDrive/Dissertation/edi_exports/heatmaps/eigencam/train_ham_test_isic_diffusion_r128_20260521_204628/ISIC_0015232_downsampled_eigencam_heatmap.npy,calculated,False,False,False,0.9922004004552468,,0.9741661995649338,,0.0148668001037213,,isic_0015232_downsampled,train_ham_test_isic_baseline_r128_20260521_223809,0.9922004004552468,0.9741661995649338,0.0148668001037213,0.0,0.0,0.0,True
eb77d3545ca3bd229cdeff4036308d385507ce5b88f9d1b80ce56eba9aa023e9,eigencam,train_ham_test_isic,train_ham_test_isic_diffusion_r128_20260521_204628,ISIC_0031745,128,adaptive_repair,False,/content/drive/MyDrive/Dissertation/edi_exports/heatmaps/eigencam/train_ham_test_isic_baseline_r128_20260521_223809/ISIC_0031745_eigencam_heatmap.npy,/content/drive/MyDrive/Dissertation/edi_exports/heatmaps/eigencam/train_ham_test_isic_diffusion_r128_20260521_204628/ISIC_0031745_eigencam_heatmap.npy,calculated,False,False,False,0.9998020989921416,,0.9993649870157242,,0.0003669817441025,,isic_0031745,train_ham_test_isic_baseline_r128_20260521_223809,0.9998020989921416,0.9993649870157242,0.0003669817441025,0.0,0.0,0.0,True
50343e3ce66d14d3e0822d50470161b8028b99279ae9bbbe557c68ab16f1ab40,eigencam,train_ham_test_isic,train_ham_test_isic_diffusion_r128_20260521_204628,ISIC_0027397,128,adaptive_repair,False,/content/drive/MyDrive/Dissertation/edi_exports/heatmaps/eigencam/train_ham_test_isic_baseline_r128_20260521_223809/ISIC_0027397_eigencam_heatmap.npy,/content/drive/MyDrive/Dissertation/edi_exports/heatmaps/eigencam/train_ham_test_isic_diffusion_r128_20260521_204628/ISIC_0027397_eigencam_heatmap.npy,calculated,False,False,False,0.9995402026344556,,0.9940854012966156,,0.0030722486930783,,isic_0027397,train_ham_test_isic_baseline_r128_20260521_223809,0.9995402026344556,0.9940854012966156,0.0030722486930783,0.0,0.0,0.0,True
1405ad4aee31b41b030732f9d3e882591da5c8648c118326957082c552aa77f5,eigencam,train_ham_test_isic,train_ham_test_isic_diffusion_r128_20260521_204628,ISIC_0070105,128,adaptive_repair,False,/content/drive/MyDrive/Dissertation/edi_exports/heatmaps/eigencam/train_ham_test_isic_baseline_r128_20260521_223809/ISIC_0070105_eigencam_heatmap.npy,/content/drive/MyDrive/Dissertation/edi_exports/heatmaps/eigencam/train_ham_test_isic_diffusion_r128_20260521_204628/ISIC_0070105_eigencam_heatmap.npy,calculated,False,False,False,0.9996302838591086,,0.9985187202692032,,0.0008330689006212,,isic_0070105,train_ham_test_isic_baseline_r128_20260521_223809,0.9996302838591086,0.9985187202692032,0.0008330689006212,0.0,0.0,0.0,True
b11a232fec4bc4ac36db73cfdc4a00bde08ea97efe2782b9f62f6af93f0bc80c,eigencam,train_ham_test_isic,train_ham_test_isic_diffusion_r128_20260521_204628,ISIC_0028847,128,adaptive_repair,False,/content/drive/MyDrive/Dissertation/edi_exports/heatmaps/eigencam/train_ham_test_isic_baseline_r128_20260521_223809/ISIC_0028847_eigencam_heatmap.npy,/content/drive/MyDrive/Dissertation/edi_exports/heatmaps/eigencam/train_ham_test_isic_diffusion_r128_20260521_204628/ISIC_0028847_eigencam_heatmap.npy,calculated,False,False,False,0.9996334620277044,,0.998672604560852,,0.0007553322126478,,isic_0028847,train_ham_test_isic_baseline_r128_20260521_223809,0.9996334620277044,0.998672604560852,0.0007553322126478,0.0,0.0,0.0,True
251ad41de3cc319d40216912c29a4bc0062660244fa1510c6f76bf24e28ba8fe,eigencam,train_ham_test_isic,train_ham_test_isic_diffusion_r128_20260521_204628,ISIC_0068414,128,adaptive_repair,False,/content/drive/MyDrive/Dissertation/edi_exports/heatmaps/eigencam/train_ham_test_isic_baseline_r128_20260521_223809/ISIC_0068414_eigencam_heatmap.npy,/content/drive/MyDrive/Dissertation/edi_exports/heatmaps/eigencam/train_ham_test_isic_diffusion_r128_20260521_204628/ISIC_0068414_eigencam_heatmap.npy,calculated,False,False,False,0.9993315837606914,,0.998568132519722,,0.0008830377999661,,isic_0068414,train_ham_test_isic_baseline_r128_20260521_223809,0.9993315837606914,0.998568132519722,0.0008830377999661,0.0,0.0,0.0,True
e213b7941a1ff635bdde6975db87b85f4b9c94b0d6d85e34c315349e316723db,eigencam,train_ham_test_isic,train_ham_test_isic_diffusion_r128_20260521_204628,ISIC_0032425,128,adaptive_repair,False,/content/drive/MyDrive/Dissertation/edi_exports/heatmaps/eigencam/train_ham_test_isic_baseline_r128_20260521_223809/ISIC_0032425_eigencam_heatmap.npy,/content/drive/MyDrive/Dissertation/edi_exports/heatmaps/eigencam/train_ham_test_isic_diffusion_r128_20260521_204628/ISIC_0032425_eigencam_heatmap.npy,calculated,False,False,False,0.9975378174622244,,0.9937199056148528,,0.0037555928270174,,isic_0032425,train_ham_test_isic_baseline_r128_20260521_223809,0.9975378174622244,0.9937199056148528,0.0037555928270174,0.0,0.0,0.0,True
54c64d37a7029b9ffd4924362432b30330dbd21812f8dfd89583136cd8d3909c,eigencam,train_ham_test_isic,train_ham_test_isic_diffusion_r128_20260521_204628,ISIC_0031535,128,adaptive_repair,False,/content/drive/MyDrive/Dissertation/edi_exports/heatmaps/eigencam/train_ham_test_isic_baseline_r128_20260521_223809/ISIC_0031535_eigencam_heatmap.npy,/content/drive/MyDrive/Dissertation/edi_exports/heatmaps/eigencam/train_ham_test_isic_diffusion_r128_20260521_204628/ISIC_0031535_eigencam_heatmap.npy,calculated,False,False,False,0.9947850271514423,,0.9297142922878264,,0.0364465970682261,,isic_0031535,train_ham_test_isic_baseline_r128_20260521_223809,0.9947850271514423,0.9297142922878264,0.0364465970682261,0.0,0.0,0.0,True
6e2e724692c432b323aa2d11b516814313ac3d2b80bfba13c2aceb40a2c36a96,eigencam,train_ham_test_isic,train_ham_test_isic_diffusion_r128_20260521_204628,ISIC_0027102,128,adaptive_repair,False,/content/drive/MyDrive/Dissertation/edi_exports/heatmaps/eigencam/train_ham_test_isic_baseline_r128_20260521_223809/ISIC_0027102_eigencam_heatmap.npy,/content/drive/MyDrive/Dissertation/edi_exports/heatmaps/eigencam/train_ham_test_isic_diffusion_r128_20260521_204628/ISIC_0027102_eigencam_heatmap.npy,calculated,False,False,False,0.9990427439733116,,0.9989582151174544,,0.0007602064479448,,isic_0027102,train_ham_test_isic_baseline_r128_20260521_223809,0.9990427439733116,0.9989582151174544,0.0007602064479448,0.0,0.0,0.0,True
0d0698e8f4fbc9d5c9621be25cd761a51569831635e39e5081e066c31bab1d60,eigencam,train_ham_test_isic,train_ham_test_isic_diffusion_r128_20260521_204628,ISIC_0061194,128,adaptive_repair,False,/content/drive/MyDrive/Dissertation/edi_exports/heatmaps/eigencam/train_ham_test_isic_baseline_r128_20260521_223809/ISIC_0061194_eigencam_heatmap.npy,/content/drive/MyDrive/Dissertation/edi_exports/heatmaps/eigencam/train_ham_test_isic_diffusion_r128_20260521_204628/ISIC_0061194_eigencam_heatmap.npy,calculated,False,False,False,0.999472602100041,,0.9942160099744796,,0.0030238444877499,,isic_0061194,train_ham_test_isic_baseline_r128_20260521_223809,0.999472602100041,0.9942160099744796,0.0030238444877499,0.0,0.0,0.0,True
5ecdbf117db0eeb8eae45dec33fa11b2f3c1d6c5cc0a9923ce66d11f78c4049b,eigencam,train_ham_test_isic,train_ham_test_isic_diffusion_r128_20260521_204628,ISIC_0058285,128,adaptive_repair,False,/content/drive/MyDrive/Dissertation/edi_exports/heatmaps/eigencam/train_ham_test_isic_baseline_r128_20260521_223809/ISIC_0058285_eigencam_heatmap.npy,/content/drive/MyDrive/Dissertation/edi_exports/heatmaps/eigencam/train_ham_test_isic_diffusion_r128_20260521_204628/ISIC_0058285_eigencam_heatmap.npy,calculated,False,False,False,0.9978337198860822,,0.9953163862228394,,0.0028833769170597,,isic_0058285,train_ham_test_isic_baseline_r128_20260521_223809,0.9978337198860822,0.9953163862228394,0.0028833769170597,0.0,0.0,0.0,True
3b38bdd3799612388db471d404a94bf077522e0e78caa639e10d61ea68943d82,eigencam,train_ham_test_isic,train_ham_test_isic_diffusion_r128_20260521_204628,ISIC_0028508,128,adaptive_repair,False,/content/drive/MyDrive/Dissertation/edi_exports/heatmaps/eigencam/train_ham_test_isic_baseline_r128_20260521_223809/ISIC_0028508_eigencam_heatmap.npy,/content/drive/MyDrive/Dissertation/edi_exports/heatmaps/eigencam/train_ham_test_isic_diffusion_r128_20260521_204628/ISIC_0028508_eigencam_heatmap.npy,calculated,False,False,False,0.9996745491926426,,0.99943445622921,,0.0003641345872343,,isic_0028508,train_ham_test_isic_baseline_r128_20260521_223809,0.9996745491926426,0.99943445622921,0.0003641345872343,0.0,0.0,0.0,True
84ba5af39f27725f5561353bc46e97c59b1bcb768a3d4334cfe3470b10bbf4fa,eigencam,train_ham_test_isic,train_ham_test_isic_diffusion_r128_20260521_204628,ISIC_0032063,128,adaptive_repair,False,/content/drive/MyDrive/Dissertation/edi_exports/heatmaps/eigencam/train_ham_test_isic_baseline_r128_20260521_223809/ISIC_0032063_eigencam_heatmap.npy,/content/drive/MyDrive/Dissertation/edi_exports/heatmaps/eigencam/train_ham_test_isic_diffusion_r128_20260521_204628/ISIC_0032063_eigencam_heatmap.npy,calculated,False,False,False,0.9943378537592252,,0.9799720942974092,,0.0114294894114891,,isic_0032063,train_ham_test_isic_baseline_r128_20260521_223809,0.9943378537592252,0.9799720942974092,0.0114294894114891,0.0,0.0,0.0,True
d4ec04c0c60fa2c8b61d35c1a13c0ef49e58ad4162299d9724a6955be0612bf4,eigencam,train_ham_test_isic,train_ham_test_isic_diffusion_r128_20260521_204628,ISIC_0067055,128,adaptive_repair,False,/content/drive/MyDrive/Dissertation/edi_exports/heatmaps/eigencam/train_ham_test_isic_baseline_r128_20260521_223809/ISIC_0067055_eigencam_heatmap.npy,/content/drive/MyDrive/Dissertation/edi_exports/heatmaps/eigencam/train_ham_test_isic_diffusion_r128_20260521_204628/ISIC_0067055_eigencam_heatmap.npy,calculated,False,False,False,0.999882566539593,,0.9994238317012788,,0.0003174425144624,,isic_0067055,train_ham_test_isic_baseline_r128_20260521_223809,0.999882566539593,0.9994238317012788,0.0003174425144624,0.0,0.0,0.0,True
660562819e73ea375b1592af0c5bbd59b8f2fd463b7c05eb89d244a8ee3ea8af,eigencam,train_ham_test_isic,train_ham_test_isic_diffusion_r128_20260521_204628,ISIC_0027282,128,adaptive_repair,False,/content/drive/MyDrive/Dissertation/edi_exports/heatmaps/eigencam/train_ham_test_isic_baseline_r128_20260521_223809/ISIC_0027282_eigencam_heatmap.npy,/content/drive/MyDrive/Dissertation/edi_exports/heatmaps/eigencam/train_ham_test_isic_diffusion_r128_20260521_204628/ISIC_0027282_eigencam_heatmap.npy,calculated,False,False,False,0.9991152535180962,,0.993868961930275,,0.0032867056553385,,isic_0027282,train_ham_test_isic_baseline_r128_20260521_223809,0.9991152535180962,0.993868961930275,0.0032867056553385,0.0,0.0,0.0,True
0cfa3a301c5aa3d5e951de072cc535419f15dc28ef1041a93bbf4faed9297a84,eigencam,train_ham_test_isic,train_ham_test_isic_diffusion_r128_20260521_204628,ISIC_0068248,128,adaptive_repair,False,/content/drive/MyDrive/Dissertation/edi_exports/heatmaps/eigencam/train_ham_test_isic_baseline_r128_20260521_223809/ISIC_0068248_eigencam_heatmap.npy,/content/drive/MyDrive/Dissertation/edi_exports/heatmaps/eigencam/train_ham_test_isic_diffusion_r128_20260521_204628/ISIC_0068248_eigencam_heatmap.npy,calculated,False,False,False,0.999076108976772,,0.9981735795736312,,0.0011441829689913,,isic_0068248,train_ham_test_isic_baseline_r128_20260521_223809,0.999076108976772,0.9981735795736312,0.0011441829689913,0.0,0.0,0.0,True
4054fa16a6018577c82523ef2917be27892b2f434e6a4831ca6e747fe679ab71,eigencam,train_ham_test_isic,train_ham_test_isic_diffusion_r128_20260521_204628,ISIC_0058003,128,adaptive_repair,False,/content/drive/MyDrive/Dissertation/edi_exports/heatmaps/eigencam/train_ham_test_isic_baseline_r128_20260521_223809/ISIC_0058003_eigencam_heatmap.npy,/content/drive/MyDrive/Dissertation/edi_exports/heatmaps/eigencam/train_ham_test_isic_diffusion_r128_20260521_204628/ISIC_0058003_eigencam_heatmap.npy,calculated,False,False,False,0.9998108092649756,,0.9995163828134536,,0.0002891062770292,,isic_0058003,train_ham_test_isic_baseline_r128_20260521_223809,0.9998108092649756,0.9995163828134536,0.0002891062770292,0.0,0.0,0.0,True
e4c05293edafe86dadab6e8e9ae4627fd2f04be872070fbf4dcdc9345f901f41,eigencam,train_ham_test_isic,train_ham_test_isic_diffusion_r128_20260521_204628,ISIC_0010490,128,adaptive_repair,False,/content/drive/MyDrive/Dissertation/edi_exports/heatmaps/eigencam/train_ham_test_isic_baseline_r128_20260521_223809/ISIC_0010490_eigencam_heatmap.npy,/content/drive/MyDrive/Dissertation/edi_exports/heatmaps/eigencam/train_ham_test_isic_diffusion_r128_20260521_204628/ISIC_0010490_eigencam_heatmap.npy,calculated,False,False,False,0.9998366061031608,,0.9994124323129654,,0.000334632317727,,isic_0010490,train_ham_test_isic_baseline_r128_20260521_223809,0.9998366061031608,0.9994124323129654,0.000334632317727,0.0,0.0,0.0,True
6f3b9635c33970a01f5d635e5411b12e2d96c847e20dcdb0b9bfc70a65b4d212,eigencam,train_ham_test_isic,train_ham_test_isic_diffusion_r128_20260521_204628,ISIC_0033153,128,adaptive_repair,False,/content/drive/MyDrive/Dissertation/edi_exports/heatmaps/eigencam/train_ham_test_isic_baseline_r128_20260521_223809/ISIC_0033153_eigencam_heatmap.npy,/content/drive/MyDrive/Dissertation/edi_exports/heatmaps/eigencam/train_ham_test_isic_diffusion_r128_20260521_204628/ISIC_0033153_eigencam_heatmap.npy,calculated,False,False,False,0.9980041426239218,,0.9954931885004044,,0.0027523700938173,,isic_0033153,train_ham_test_isic_baseline_r128_20260521_223809,0.9980041426239218,0.9954931885004044,0.0027523700938173,0.0,0.0,0.0,True
341cb90752a0321972766e9230ddeec5c4c9fe757c07b2eeeb65133943084e63,eigencam,train_ham_test_isic,train_ham_test_isic_diffusion_r128_20260521_204628,ISIC_0073194,128,adaptive_repair,False,/content/drive/MyDrive/Dissertation/edi_exports/heatmaps/eigencam/train_ham_test_isic_baseline_r128_20260521_223809/ISIC_0073194_eigencam_heatmap.npy,/content/drive/MyDrive/Dissertation/edi_exports/heatmaps/eigencam/train_ham_test_isic_diffusion_r128_20260521_204628/ISIC_0073194_eigencam_heatmap.npy,calculated,False,False,False,0.999547109498924,,0.9983311146497726,,0.0009476653003826,,isic_0073194,train_ham_test_isic_baseline_r128_20260521_223809,0.999547109498924,0.9983311146497726,0.0009476653003826,0.0,0.0,0.0,True
02cc1719185401dadb0f34025c2f7a2d5dfce1c586f9f836b5b49856dbe1a314,eigencam,train_ham_test_isic,train_ham_test_isic_diffusion_r128_20260521_204628,ISIC_0028273,128,adaptive_repair,False,/content/drive/MyDrive/Dissertation/edi_exports/heatmaps/eigencam/train_ham_test_isic_baseline_r128_20260521_223809/ISIC_0028273_eigencam_heatmap.npy,/content/drive/MyDrive/Dissertation/edi_exports/heatmaps/eigencam/train_ham_test_isic_diffusion_r128_20260521_204628/ISIC_0028273_eigencam_heatmap.npy,calculated,False,False,False,0.9990253935288436,,0.997417613863945,,0.0015348446858166,,isic_0028273,train_ham_test_isic_baseline_r128_20260521_223809,0.9990253935288436,0.997417613863945,0.0015348446858166,0.0,0.0,0.0,True
f3ad441841cde8215cc2efed4cd6e8089216804fb4ce52f6582f9a8211dc49b5,eigencam,train_ham_test_isic,train_ham_test_isic_diffusion_r128_20260521_204628,ISIC_0068778,128,adaptive_repair,False,/content/drive/MyDrive/Dissertation/edi_exports/heatmaps/eigencam/train_ham_test_isic_baseline_r128_20260521_223809/ISIC_0068778_eigencam_heatmap.npy,/content/drive/MyDrive/Dissertation/edi_exports/heatmaps/eigencam/train_ham_test_isic_diffusion_r128_20260521_204628/ISIC_0068778_eigencam_heatmap.npy,calculated,False,False,False,0.9959290339963044,,0.8676882162690163,,0.0671736333664157,,isic_0068778,train_ham_test_isic_baseline_r128_20260521_223809,0.9959290339963044,0.8676882162690163,0.0671736333664157,0.0,0.0,0.0,True
b59a4a7aa5ffbb98ca7278f434435a9f9c1fe3febd50f5f2881b986e95e1e75e,eigencam,train_ham_test_isic,train_ham_test_isic_diffusion_r128_20260521_204628,ISIC_0033654,128,adaptive_repair,False,/content/drive/MyDrive/Dissertation/edi_exports/heatmaps/eigencam/train_ham_test_isic_baseline_r128_20260521_223809/ISIC_0033654_eigencam_heatmap.npy,/content/drive/MyDrive/Dissertation/edi_exports/heatmaps/eigencam/train_ham_test_isic_diffusion_r128_20260521_204628/ISIC_0033654_eigencam_heatmap.npy,calculated,False,False,False,0.998888697725864,,0.9927195459604264,,0.0039180525883208,,isic_0033654,train_ham_test_isic_baseline_r128_20260521_223809,0.998888697725864,0.9927195459604264,0.0039180525883208,0.0,0.0,0.0,True
958950c07701c382e887fd62ad875147dbbd6dda84d61abb4e347a95108028c2,eigencam,train_ham_test_isic,train_ham_test_isic_diffusion_r128_20260521_204628,ISIC_0028226,128,adaptive_repair,False,/content/drive/MyDrive/Dissertation/edi_exports/heatmaps/eigencam/train_ham_test_isic_baseline_r128_20260521_223809/ISIC_0028226_eigencam_heatmap.npy,/content/drive/MyDrive/Dissertation/edi_exports/heatmaps/eigencam/train_ham_test_isic_diffusion_r128_20260521_204628/ISIC_0028226_eigencam_heatmap.npy,calculated,False,False,False,0.9978189838621864,,0.998049646615982,,0.0015204307264624,,isic_0028226,train_ham_test_isic_baseline_r128_20260521_223809,0.9978189838621864,0.998049646615982,0.0015204307264624,0.0,0.0,0.0,True
1d50a63ac4aa8af851909c3350c0bb60d291ee0587a548d1e8b5785e0976105c,eigencam,train_ham_test_isic,train_ham_test_isic_diffusion_r128_20260521_204628,ISIC_0054787,128,adaptive_repair,False,/content/drive/MyDrive/Dissertation/edi_exports/heatmaps/eigencam/train_ham_test_isic_baseline_r128_20260521_223809/ISIC_0054787_eigencam_heatmap.npy,/content/drive/MyDrive/Dissertation/edi_exports/heatmaps/eigencam/train_ham_test_isic_diffusion_r128_20260521_204628/ISIC_0054787_eigencam_heatmap.npy,calculated,False,False,False,0.9999511628642052,,0.999669536948204,,0.0001774408098467,,isic_0054787,train_ham_test_isic_baseline_r128_20260521_223809,0.9999511628642052,0.999669536948204,0.0001774408098467,0.0,0.0,0.0,True
b5fc847da1a9af8cd255d9a6c9d4f3c96cad843fea7b349d3edcb8f8268eea61,eigencam,train_ham_test_isic,train_ham_test_isic_diffusion_r128_20260521_204628,ISIC_0059680,128,adaptive_repair,False,/content/drive/MyDrive/Dissertation/edi_exports/heatmaps/eigencam/train_ham_test_isic_baseline_r128_20260521_223809/ISIC_0059680_eigencam_heatmap.npy,/content/drive/MyDrive/Dissertation/edi_exports/heatmaps/eigencam/train_ham_test_isic_diffusion_r128_20260521_204628/ISIC_0059680_eigencam_heatmap.npy,calculated,False,False,False,0.9995866701036686,,0.9975195974111556,,0.0013435337685049,,isic_0059680,train_ham_test_isic_baseline_r128_20260521_223809,0.9995866701036686,0.9975195974111556,0.0013435337685049,0.0,0.0,0.0,True
8c2f32b15c8bf5af13fa9ef3fb2694eb857052b85e66708a552a9bd861e83b8c,eigencam,train_ham_test_isic,train_ham_test_isic_dl_preprocess_r128_20260521_204612,ISIC_0027358,128,adaptive_repair,False,/content/drive/MyDrive/Dissertation/edi_exports/heatmaps/eigencam/train_ham_test_isic_baseline_r128_20260521_223809/ISIC_0027358_eigencam_heatmap.npy,/content/drive/MyDrive/Dissertation/edi_exports/heatmaps/eigencam/train_ham_test_isic_dl_preprocess_r128_20260521_204612/ISIC_0027358_eigencam_heatmap.npy,calculated,False,False,False,0.9999113926461728,,0.9995733946561812,,0.0002354545103661,,isic_0027358,train_ham_test_isic_baseline_r128_20260521_223809,0.9999113926461728,0.9995733946561812,0.0002354545103661,0.0,0.0,0.0,True
83e0f49a8c9a530c37602a30ed0b1372ce8db31c4e4d9d0a99b0fc4ca9958b8a,eigencam,train_ham_test_isic,train_ham_test_isic_dl_preprocess_r128_20260521_204612,ISIC_0030752,128,adaptive_repair,False,/content/drive/MyDrive/Dissertation/edi_exports/heatmaps/eigencam/train_ham_test_isic_baseline_r128_20260521_223809/ISIC_0030752_eigencam_heatmap.npy,/content/drive/MyDrive/Dissertation/edi_exports/heatmaps/eigencam/train_ham_test_isic_dl_preprocess_r128_20260521_204612/ISIC_0030752_eigencam_heatmap.npy,calculated,False,False,False,0.9984799487999138,,0.9915104061365128,,0.0046248097317651,,isic_0030752,train_ham_test_isic_baseline_r128_20260521_223809,0.9984799487999138,0.9915104061365128,0.0046248097317651,0.0,0.0,0.0,True
c2295afca6e55be8870c87cc4c01374fa933c752abb605c80d495e8ea4dc58cd,eigencam,train_ham_test_isic,train_ham_test_isic_dl_preprocess_r128_20260521_204612,ISIC_0029786,128,adaptive_repair,False,/content/drive/MyDrive/Dissertation/edi_exports/heatmaps/eigencam/train_ham_test_isic_baseline_r128_20260521_223809/ISIC_0029786_eigencam_heatmap.npy,/content/drive/MyDrive/Dissertation/edi_exports/heatmaps/eigencam/train_ham_test_isic_dl_preprocess_r128_20260521_204612/ISIC_0029786_eigencam_heatmap.npy,calculated,False,False,False,0.9997976229505864,,0.9988190829753876,,0.0006410527746596,,isic_0029786,train_ham_test_isic_baseline_r128_20260521_223809,0.9997976229505864,0.9988190829753876,0.0006410527746596,0.0,0.0,0.0,True
924113c828f32ee4c52bdea8287c11e58b09e129b270f903266ffc35d3efb79c,eigencam,train_ham_test_isic,train_ham_test_isic_dl_preprocess_r128_20260521_204612,ISIC_0026652,128,adaptive_repair,False,/content/drive/MyDrive/Dissertation/edi_exports/heatmaps/eigencam/train_ham_test_isic_baseline_r128_20260521_223809/ISIC_0026652_eigencam_heatmap.npy,/content/drive/MyDrive/Dissertation/edi_exports/heatmaps/eigencam/train_ham_test_isic_dl_preprocess_r128_20260521_204612/ISIC_0026652_eigencam_heatmap.npy,calculated,False,False,False,0.9996826264329832,,0.9980848729610444,,0.001036906911232,,isic_0026652,train_ham_test_isic_baseline_r128_20260521_223809,0.9996826264329832,0.9980848729610444,0.001036906911232,0.0,0.0,0.0,True
2f06dfba6bfd6df1e1a8491682c74168bf3d0dd8614632bc5e4f8e07bdd39f14,eigencam,train_ham_test_isic,train_ham_test_isic_dl_preprocess_r128_20260521_204612,ISIC_0032833,128,adaptive_repair,False,/content/drive/MyDrive/Dissertation/edi_exports/heatmaps/eigencam/train_ham_test_isic_baseline_r128_20260521_223809/ISIC_0032833_eigencam_heatmap.npy,/content/drive/MyDrive/Dissertation/edi_exports/heatmaps/eigencam/train_ham_test_isic_dl_preprocess_r128_20260521_204612/ISIC_0032833_eigencam_heatmap.npy,calculated,False,False,False,0.9995336960901822,,0.999127984046936,,0.0005525839539864,,isic_0032833,train_ham_test_isic_baseline_r128_20260521_223809,0.9995336960901822,0.999127984046936,0.0005525839539864,0.0,0.0,0.0,True
37aefaf49b1d63ff2f65436b1aa334041e4e6dfee6ba28e1d14d106b714a187a,eigencam,train_ham_test_isic,train_ham_test_isic_dl_preprocess_r128_20260521_204612,ISIC_0031445,128,adaptive_repair,False,/content/drive/MyDrive/Dissertation/edi_exports/heatmaps/eigencam/train_ham_test_isic_baseline_r128_20260521_223809/ISIC_0031445_eigencam_heatmap.npy,/content/drive/MyDrive/Dissertation/edi_exports/heatmaps/eigencam/train_ham_test_isic_dl_preprocess_r128_20260521_204612/ISIC_0031445_eigencam_heatmap.npy,calculated,False,False,False,0.989341936721931,,0.910763531923294,,0.0472827498578701,,isic_0031445,train_ham_test_isic_baseline_r128_20260521_223809,0.989341936721931,0.910763531923294,0.0472827498578701,0.0,0.0,0.0,True
976b8a3e1c8be78af7f8d4f43aadd19e562c348bfe5d0f83a3d9b176798315ff,eigencam,train_ham_test_isic,train_ham_test_isic_dl_preprocess_r128_20260521_204612,ISIC_0063544,128,adaptive_repair,False,/content/drive/MyDrive/Dissertation/edi_exports/heatmaps/eigencam/train_ham_test_isic_baseline_r128_20260521_223809/ISIC_0063544_eigencam_heatmap.npy,/content/drive/MyDrive/Dissertation/edi_exports/heatmaps/eigencam/train_ham_test_isic_dl_preprocess_r128_20260521_204612/ISIC_0063544_eigencam_heatmap.npy,calculated,False,False,False,0.9997186537188472,,0.9995612502098083,,0.000289711465384,,isic_0063544,train_ham_test_isic_baseline_r128_20260521_223809,0.9997186537188472,0.9995612502098083,0.000289711465384,0.0,0.0,0.0,True
34b3de06d3d0720c56cc48f286d58e0b1ae2170cb2205e907f4dba041a63706d,eigencam,train_ham_test_isic,train_ham_test_isic_dl_preprocess_r128_20260521_204612,ISIC_0053615,128,adaptive_repair,False,/content/drive/MyDrive/Dissertation/edi_exports/heatmaps/eigencam/train_ham_test_isic_baseline_r128_20260521_223809/ISIC_0053615_eigencam_heatmap.npy,/content/drive/MyDrive/Dissertation/edi_exports/heatmaps/eigencam/train_ham_test_isic_dl_preprocess_r128_20260521_204612/ISIC_0053615_eigencam_heatmap.npy,calculated,False,False,False,0.9996901630859338,,0.999443620443344,,0.0003556490068444,,isic_0053615,train_ham_test_isic_baseline_r128_20260521_223809,0.9996901630859338,0.999443620443344,0.0003556490068444,0.0,0.0,0.0,True
aa4c5c168b0ba2cb7eaef7b6adbd833926ec5d4aa49e45eac2f382fa77a416ae,eigencam,train_ham_test_isic,train_ham_test_isic_dl_preprocess_r128_20260521_204612,ISIC_0067519,128,adaptive_repair,False,/content/drive/MyDrive/Dissertation/edi_exports/heatmaps/eigencam/train_ham_test_isic_baseline_r128_20260521_223809/ISIC_0067519_eigencam_heatmap.npy,/content/drive/MyDrive/Dissertation/edi_exports/heatmaps/eigencam/train_ham_test_isic_dl_preprocess_r128_20260521_204612/ISIC_0067519_eigencam_heatmap.npy,calculated,False,False,False,0.9998543733193214,,0.9937013387680054,,0.003185737286167,,isic_0067519,train_ham_test_isic_baseline_r128_20260521_223809,0.9998543733193214,0.9937013387680054,0.003185737286167,0.0,0.0,0.0,True
b6f277af80dd5abacc6380dbcd0564347f3056deaec037fce6ca4a47d76b2e99,eigencam,train_ham_test_isic,train_ham_test_isic_dl_preprocess_r128_20260521_204612,ISIC_0030653,128,adaptive_repair,False,/content/drive/MyDrive/Dissertation/edi_exports/heatmaps/eigencam/train_ham_test_isic_baseline_r128_20260521_223809/ISIC_0030653_eigencam_heatmap.npy,/content/drive/MyDrive/Dissertation/edi_exports/heatmaps/eigencam/train_ham_test_isic_dl_preprocess_r128_20260521_204612/ISIC_0030653_eigencam_heatmap.npy,calculated,False,False,False,0.9985496151248892,,0.996555745601654,,0.0020847234179506,,isic_0030653,train_ham_test_isic_baseline_r128_20260521_223809,0.9985496151248892,0.996555745601654,0.0020847234179506,0.0,0.0,0.0,True
1bd0ddd5f3eb769032aed5529693d57cb947df91f6b063a604eeefe313df10ce,eigencam,train_ham_test_isic,train_ham_test_isic_dl_preprocess_r128_20260521_204612,ISIC_0064161,128,adaptive_repair,False,/content/drive/MyDrive/Dissertation/edi_exports/heatmaps/eigencam/train_ham_test_isic_baseline_r128_20260521_223809/ISIC_0064161_eigencam_heatmap.npy,/content/drive/MyDrive/Dissertation/edi_exports/heatmaps/eigencam/train_ham_test_isic_dl_preprocess_r128_20260521_204612/ISIC_0064161_eigencam_heatmap.npy,calculated,False,False,False,0.9998967635502533,,0.9997448027133942,,0.0001534077557396,,isic_0064161,train_ham_test_isic_baseline_r128_20260521_223809,0.9998967635502533,0.9997448027133942,0.0001534077557396,0.0,0.0,0.0,True
19e848d98a73a59efbb9d27c0207e3e82e737b23f512ccbf0d63fc401bd96947,eigencam,train_ham_test_isic,train_ham_test_isic_dl_preprocess_r128_20260521_204612,ISIC_0031005,128,adaptive_repair,False,/content/drive/MyDrive/Dissertation/edi_exports/heatmaps/eigencam/train_ham_test_isic_baseline_r128_20260521_223809/ISIC_0031005_eigencam_heatmap.npy,/content/drive/MyDrive/Dissertation/edi_exports/heatmaps/eigencam/train_ham_test_isic_dl_preprocess_r128_20260521_204612/ISIC_0031005_eigencam_heatmap.npy,calculated,False,False,False,0.9997044321040632,,0.99904403090477,,0.0005518765215992,,isic_0031005,train_ham_test_isic_baseline_r128_20260521_223809,0.9997044321040632,0.99904403090477,0.0005518765215992,0.0,0.0,0.0,True
e623c960101d3d726041639b7e565d110395b7a04445f49813686f4a1db75fd5,eigencam,train_ham_test_isic,train_ham_test_isic_dl_preprocess_r128_20260521_204612,ISIC_0028490,128,adaptive_repair,False,/content/drive/MyDrive/Dissertation/edi_exports/heatmaps/eigencam/train_ham_test_isic_baseline_r128_20260521_223809/ISIC_0028490_eigencam_heatmap.npy,/content/drive/MyDrive/Dissertation/edi_exports/heatmaps/eigencam/train_ham_test_isic_dl_preprocess_r128_20260521_204612/ISIC_0028490_eigencam_heatmap.npy,calculated,False,False,False,0.9990600185351872,,0.996754914522171,,0.0018575381051176,,isic_0028490,train_ham_test_isic_baseline_r128_20260521_223809,0.9990600185351872,0.996754914522171,0.0018575381051176,0.0,0.0,0.0,True
7e44a27617002fb40027761d51ad7904e31df7e3067f94d2763d4005aef6b939,eigencam,train_ham_test_isic,train_ham_test_isic_dl_preprocess_r128_20260521_204612,ISIC_0027712,128,adaptive_repair,False,/content/drive/MyDrive/Dissertation/edi_exports/heatmaps/eigencam/train_ham_test_isic_baseline_r128_20260521_223809/ISIC_0027712_eigencam_heatmap.npy,/content/drive/MyDrive/Dissertation/edi_exports/heatmaps/eigencam/train_ham_test_isic_dl_preprocess_r128_20260521_204612/ISIC_0027712_eigencam_heatmap.npy,calculated,False,False,False,0.9989384671307678,,0.9933362454175948,,0.0035972605085106,,isic_0027712,train_ham_test_isic_baseline_r128_20260521_223809,0.9989384671307678,0.9933362454175948,0.0035972605085106,0.0,0.0,0.0,True
b72366c19873117946c48d45b22ccda9f2d461a08f5e263af7f0e3b8836df2c9,eigencam,train_ham_test_isic,train_ham_test_isic_dl_preprocess_r128_20260521_204612,ISIC_0015232_DOWNSAMPLED,128,adaptive_repair,False,/content/drive/MyDrive/Dissertation/edi_exports/heatmaps/eigencam/train_ham_test_isic_baseline_r128_20260521_223809/ISIC_0015232_downsampled_eigencam_heatmap.npy,/content/drive/MyDrive/Dissertation/edi_exports/heatmaps/eigencam/train_ham_test_isic_dl_preprocess_r128_20260521_204612/ISIC_0015232_downsampled_eigencam_heatmap.npy,calculated,False,False,False,0.9919350089273328,,0.9733070284128188,,0.0153627335617573,,isic_0015232_downsampled,train_ham_test_isic_baseline_r128_20260521_223809,0.9919350089273328,0.9733070284128188,0.0153627335617573,0.0,0.0,0.0,True
51974fa70809bf22f37c799305e9146fc4d41dbc16ce933f6e4edf06edc5ac18,eigencam,train_ham_test_isic,train_ham_test_isic_dl_preprocess_r128_20260521_204612,ISIC_0031745,128,adaptive_repair,False,/content/drive/MyDrive/Dissertation/edi_exports/heatmaps/eigencam/train_ham_test_isic_baseline_r128_20260521_223809/ISIC_0031745_eigencam_heatmap.npy,/content/drive/MyDrive/Dissertation/edi_exports/heatmaps/eigencam/train_ham_test_isic_dl_preprocess_r128_20260521_204612/ISIC_0031745_eigencam_heatmap.npy,calculated,False,False,False,0.999758361113451,,0.99920953810215,,0.0004556406705622,,isic_0031745,train_ham_test_isic_baseline_r128_20260521_223809,0.999758361113451,0.99920953810215,0.0004556406705622,0.0,0.0,0.0,True
411cab8bce516608b04b109adadfa6d259c3fb6ab4cbe1a5c3ce9f29b79f6383,eigencam,train_ham_test_isic,train_ham_test_isic_dl_preprocess_r128_20260521_204612,ISIC_0027397,128,adaptive_repair,False,/content/drive/MyDrive/Dissertation/edi_exports/heatmaps/eigencam/train_ham_test_isic_baseline_r128_20260521_223809/ISIC_0027397_eigencam_heatmap.npy,/content/drive/MyDrive/Dissertation/edi_exports/heatmaps/eigencam/train_ham_test_isic_dl_preprocess_r128_20260521_204612/ISIC_0027397_eigencam_heatmap.npy,calculated,False,False,False,0.99968649375409,,0.9966744631528854,,0.0017411449850347,,isic_0027397,train_ham_test_isic_baseline_r128_20260521_223809,0.99968649375409,0.9966744631528854,0.0017411449850347,0.0,0.0,0.0,True
16772d5aba2b15c5fc057ed169be140568a19e418169ea61f35bde97b8559f66,eigencam,train_ham_test_isic,train_ham_test_isic_dl_preprocess_r128_20260521_204612,ISIC_0070105,128,adaptive_repair,False,/content/drive/MyDrive/Dissertation/edi_exports/heatmaps/eigencam/train_ham_test_isic_baseline_r128_20260521_223809/ISIC_0070105_eigencam_heatmap.npy,/content/drive/MyDrive/Dissertation/edi_exports/heatmaps/eigencam/train_ham_test_isic_dl_preprocess_r128_20260521_204612/ISIC_0070105_eigencam_heatmap.npy,calculated,False,False,False,0.9993789028510544,,0.9976718723773956,,0.0013193380985385,,isic_0070105,train_ham_test_isic_baseline_r128_20260521_223809,0.9993789028510544,0.9976718723773956,0.0013193380985385,0.0,0.0,0.0,True
9cd7b747d690e00049eb925db5ec5849b06dc9addf5deccc22eb85756a6f27a7,eigencam,train_ham_test_isic,train_ham_test_isic_dl_preprocess_r128_20260521_204612,ISIC_0028847,128,adaptive_repair,False,/content/drive/MyDrive/Dissertation/edi_exports/heatmaps/eigencam/train_ham_test_isic_baseline_r128_20260521_223809/ISIC_0028847_eigencam_heatmap.npy,/content/drive/MyDrive/Dissertation/edi_exports/heatmaps/eigencam/train_ham_test_isic_dl_preprocess_r128_20260521_204612/ISIC_0028847_eigencam_heatmap.npy,calculated,False,False,False,0.9997677564483204,,0.999392494559288,,0.0003618136082759,,isic_0028847,train_ham_test_isic_baseline_r128_20260521_223809,0.9997677564483204,0.999392494559288,0.0003618136082759,0.0,0.0,0.0,True
c7005defb87bd32b818b3ddf139f05bc3f2b7f956e25193db324b13ca035ff5e,eigencam,train_ham_test_isic,train_ham_test_isic_dl_preprocess_r128_20260521_204612,ISIC_0068414,128,adaptive_repair,False,/content/drive/MyDrive/Dissertation/edi_exports/heatmaps/eigencam/train_ham_test_isic_baseline_r128_20260521_223809/ISIC_0068414_eigencam_heatmap.npy,/content/drive/MyDrive/Dissertation/edi_exports/heatmaps/eigencam/train_ham_test_isic_dl_preprocess_r128_20260521_204612/ISIC_0068414_eigencam_heatmap.npy,calculated,False,False,False,0.9994159242091746,,0.9987767338752748,,0.000757652010069,,isic_0068414,train_ham_test_isic_baseline_r128_20260521_223809,0.9994159242091746,0.9987767338752748,0.000757652010069,0.0,0.0,0.0,True
ecdb99575e96dc67fdbc9262ea42275ed78731a76675b816855aed749750ca75,eigencam,train_ham_test_isic,train_ham_test_isic_dl_preprocess_r128_20260521_204612,ISIC_0032425,128,adaptive_repair,False,/content/drive/MyDrive/Dissertation/edi_exports/heatmaps/eigencam/train_ham_test_isic_baseline_r128_20260521_223809/ISIC_0032425_eigencam_heatmap.npy,/content/drive/MyDrive/Dissertation/edi_exports/heatmaps/eigencam/train_ham_test_isic_dl_preprocess_r128_20260521_204612/ISIC_0032425_eigencam_heatmap.npy,calculated,False,False,False,0.997656757407998,,0.9944482147693634,,0.0033617032633188,,isic_0032425,train_ham_test_isic_baseline_r128_20260521_223809,0.997656757407998,0.9944482147693634,0.0033617032633188,0.0,0.0,0.0,True
25fbe54db5f75bf8d02dc030bfc7a26a2ef83563044a1ac5ce5ff73c30199976,eigencam,train_ham_test_isic,train_ham_test_isic_dl_preprocess_r128_20260521_204612,ISIC_0031535,128,adaptive_repair,False,/content/drive/MyDrive/Dissertation/edi_exports/heatmaps/eigencam/train_ham_test_isic_baseline_r128_20260521_223809/ISIC_0031535_eigencam_heatmap.npy,/content/drive/MyDrive/Dissertation/edi_exports/heatmaps/eigencam/train_ham_test_isic_dl_preprocess_r128_20260521_204612/ISIC_0031535_eigencam_heatmap.npy,calculated,False,False,False,0.9955473775084598,,0.9371830821037292,,0.0325216145710204,,isic_0031535,train_ham_test_isic_baseline_r128_20260521_223809,0.9955473775084598,0.9371830821037292,0.0325216145710204,0.0,0.0,0.0,True
6ea77e60945b297de227a446228527c44a31b985a645afd414444c010ba656f4,eigencam,train_ham_test_isic,train_ham_test_isic_dl_preprocess_r128_20260521_204612,ISIC_0027102,128,adaptive_repair,False,/content/drive/MyDrive/Dissertation/edi_exports/heatmaps/eigencam/train_ham_test_isic_baseline_r128_20260521_223809/ISIC_0027102_eigencam_heatmap.npy,/content/drive/MyDrive/Dissertation/edi_exports/heatmaps/eigencam/train_ham_test_isic_dl_preprocess_r128_20260521_204612/ISIC_0027102_eigencam_heatmap.npy,calculated,False,False,False,0.9991562933371538,,0.9989324510097504,,0.0007447011608363,,isic_0027102,train_ham_test_isic_baseline_r128_20260521_223809,0.9991562933371538,0.9989324510097504,0.0007447011608363,0.0,0.0,0.0,True
eda90d82387cee96b333d0eccb35c48fb6025b83ab91af0eba4882e5e98934e9,eigencam,train_ham_test_isic,train_ham_test_isic_dl_preprocess_r128_20260521_204612,ISIC_0061194,128,adaptive_repair,False,/content/drive/MyDrive/Dissertation/edi_exports/heatmaps/eigencam/train_ham_test_isic_baseline_r128_20260521_223809/ISIC_0061194_eigencam_heatmap.npy,/content/drive/MyDrive/Dissertation/edi_exports/heatmaps/eigencam/train_ham_test_isic_dl_preprocess_r128_20260521_204612/ISIC_0061194_eigencam_heatmap.npy,calculated,False,False,False,0.9991876106231016,,0.9895749241113664,,0.0054156352885414,,isic_0061194,train_ham_test_isic_baseline_r128_20260521_223809,0.9991876106231016,0.9895749241113664,0.0054156352885414,0.0,0.0,0.0,True
defad464ed049f16798157c6373abfcb246d07c1c577c3605174b8044bf426db,eigencam,train_ham_test_isic,train_ham_test_isic_dl_preprocess_r128_20260521_204612,ISIC_0058285,128,adaptive_repair,False,/content/drive/MyDrive/Dissertation/edi_exports/heatmaps/eigencam/train_ham_test_isic_baseline_r128_20260521_223809/ISIC_0058285_eigencam_heatmap.npy,/content/drive/MyDrive/Dissertation/edi_exports/heatmaps/eigencam/train_ham_test_isic_dl_preprocess_r128_20260521_204612/ISIC_0058285_eigencam_heatmap.npy,calculated,False,False,False,0.998230159583346,,0.9966049939393996,,0.0021399631344636,,isic_0058285,train_ham_test_isic_baseline_r128_20260521_223809,0.998230159583346,0.9966049939393996,0.0021399631344636,0.0,0.0,0.0,True
a62ce0ab118d9cc19d28a44d723fb54efc3e225021fcca319c94816739702b50,eigencam,train_ham_test_isic,train_ham_test_isic_dl_preprocess_r128_20260521_204612,ISIC_0028508,128,adaptive_repair,False,/content/drive/MyDrive/Dissertation/edi_exports/heatmaps/eigencam/train_ham_test_isic_baseline_r128_20260521_223809/ISIC_0028508_eigencam_heatmap.npy,/content/drive/MyDrive/Dissertation/edi_exports/heatmaps/eigencam/train_ham_test_isic_dl_preprocess_r128_20260521_204612/ISIC_0028508_eigencam_heatmap.npy,calculated,False,False,False,0.9996744490724584,,0.9993324726819992,,0.0004151513908858,,isic_0028508,train_ham_test_isic_baseline_r128_20260521_223809,0.9996744490724584,0.9993324726819992,0.0004151513908858,0.0,0.0,0.0,True
93708205f162293bfd4fb0da486e59b93d45e38b0257bc2394ac6add0afc53c7,eigencam,train_ham_test_isic,train_ham_test_isic_dl_preprocess_r128_20260521_204612,ISIC_0032063,128,adaptive_repair,False,/content/drive/MyDrive/Dissertation/edi_exports/heatmaps/eigencam/train_ham_test_isic_baseline_r128_20260521_223809/ISIC_0032063_eigencam_heatmap.npy,/content/drive/MyDrive/Dissertation/edi_exports/heatmaps/eigencam/train_ham_test_isic_dl_preprocess_r128_20260521_204612/ISIC_0032063_eigencam_heatmap.npy,calculated,False,False,False,0.9956592562495934,,0.9842247515916824,,0.0089728101417604,,isic_0032063,train_ham_test_isic_baseline_r128_20260521_223809,0.9956592562495934,0.9842247515916824,0.0089728101417604,0.0,0.0,0.0,True
6e5645c951e1c1fcf78f95fdf4bb85aadad5e0be56404787fb0534b5e3d90caf,eigencam,train_ham_test_isic,train_ham_test_isic_dl_preprocess_r128_20260521_204612,ISIC_0067055,128,adaptive_repair,False,/content/drive/MyDrive/Dissertation/edi_exports/heatmaps/eigencam/train_ham_test_isic_baseline_r128_20260521_223809/ISIC_0067055_eigencam_heatmap.npy,/content/drive/MyDrive/Dissertation/edi_exports/heatmaps/eigencam/train_ham_test_isic_dl_preprocess_r128_20260521_204612/ISIC_0067055_eigencam_heatmap.npy,calculated,False,False,False,0.999938883109732,,0.9997740536928176,,0.0001282523761581,,isic_0067055,train_ham_test_isic_baseline_r128_20260521_223809,0.999938883109732,0.9997740536928176,0.0001282523761581,0.0,0.0,0.0,True
fd74d97283ecb737cf9070cb372ffe506051981682390064c0e1980829e9e534,eigencam,train_ham_test_isic,train_ham_test_isic_dl_preprocess_r128_20260521_204612,ISIC_0027282,128,adaptive_repair,False,/content/drive/MyDrive/Dissertation/edi_exports/heatmaps/eigencam/train_ham_test_isic_baseline_r128_20260521_223809/ISIC_0027282_eigencam_heatmap.npy,/content/drive/MyDrive/Dissertation/edi_exports/heatmaps/eigencam/train_ham_test_isic_dl_preprocess_r128_20260521_204612/ISIC_0027282_eigencam_heatmap.npy,calculated,False,False,False,0.999329063818048,,0.99601212143898,,0.0021616733259979,,isic_0027282,train_ham_test_isic_baseline_r128_20260521_223809,0.999329063818048,0.99601212143898,0.0021616733259979,0.0,0.0,0.0,True
aa8874c8bc55cfa6b3b2189eaaa8ab40fbb6025721dc4732abaa00a7b433bdbe,eigencam,train_ham_test_isic,train_ham_test_isic_dl_preprocess_r128_20260521_204612,ISIC_0068248,128,adaptive_repair,False,/content/drive/MyDrive/Dissertation/edi_exports/heatmaps/eigencam/train_ham_test_isic_baseline_r128_20260521_223809/ISIC_0068248_eigencam_heatmap.npy,/content/drive/MyDrive/Dissertation/edi_exports/heatmaps/eigencam/train_ham_test_isic_dl_preprocess_r128_20260521_204612/ISIC_0068248_eigencam_heatmap.npy,calculated,False,False,False,0.9987667688620708,,0.9977655112743378,,0.0014255521473133,,isic_0068248,train_ham_test_isic_baseline_r128_20260521_223809,0.9987667688620708,0.9977655112743378,0.0014255521473133,0.0,0.0,0.0,True
f4ad14da868d1661ea10584620dd8fafb6f9e5dfeb3c7fc1afd178a7e5ff8049,eigencam,train_ham_test_isic,train_ham_test_isic_dl_preprocess_r128_20260521_204612,ISIC_0058003,128,adaptive_repair,False,/content/drive/MyDrive/Dissertation/edi_exports/heatmaps/eigencam/train_ham_test_isic_baseline_r128_20260521_223809/ISIC_0058003_eigencam_heatmap.npy,/content/drive/MyDrive/Dissertation/edi_exports/heatmaps/eigencam/train_ham_test_isic_dl_preprocess_r128_20260521_204612/ISIC_0058003_eigencam_heatmap.npy,calculated,False,False,False,0.999858561539092,,0.9997380524873734,,0.0001663333715403,,isic_0058003,train_ham_test_isic_baseline_r128_20260521_223809,0.999858561539092,0.9997380524873734,0.0001663333715403,0.0,0.0,0.0,True
bd10e9d7254c293d8d742b33f76bf0af1c00f0908f0e49fc19859d859d66933a,eigencam,train_ham_test_isic,train_ham_test_isic_dl_preprocess_r128_20260521_204612,ISIC_0010490,128,adaptive_repair,False,/content/drive/MyDrive/Dissertation/edi_exports/heatmaps/eigencam/train_ham_test_isic_baseline_r128_20260521_223809/ISIC_0010490_eigencam_heatmap.npy,/content/drive/MyDrive/Dissertation/edi_exports/heatmaps/eigencam/train_ham_test_isic_dl_preprocess_r128_20260521_204612/ISIC_0010490_eigencam_heatmap.npy,calculated,False,False,False,0.9998463286715482,,0.9996877014636992,,0.0001945671002632,,isic_0010490,train_ham_test_isic_baseline_r128_20260521_223809,0.9998463286715482,0.9996877014636992,0.0001945671002632,0.0,0.0,0.0,True
a9beeabaec980f2f49e9c6ac0faa201ebea026c1043e1229bb550558e64701f8,eigencam,train_ham_test_isic,train_ham_test_isic_dl_preprocess_r128_20260521_204612,ISIC_0033153,128,adaptive_repair,False,/content/drive/MyDrive/Dissertation/edi_exports/heatmaps/eigencam/train_ham_test_isic_baseline_r128_20260521_223809/ISIC_0033153_eigencam_heatmap.npy,/content/drive/MyDrive/Dissertation/edi_exports/heatmaps/eigencam/train_ham_test_isic_dl_preprocess_r128_20260521_204612/ISIC_0033153_eigencam_heatmap.npy,calculated,False,False,False,0.996963793249986,,0.9939547032117844,,0.0037817000816113,,isic_0033153,train_ham_test_isic_baseline_r128_20260521_223809,0.996963793249986,0.9939547032117844,0.0037817000816113,0.0,0.0,0.0,True
3c382ade7642a58002ce3d0d15d0a7a21fc890c9d48a5fc3e560a8fa59d17b6e,eigencam,train_ham_test_isic,train_ham_test_isic_dl_preprocess_r128_20260521_204612,ISIC_0073194,128,adaptive_repair,False,/content/drive/MyDrive/Dissertation/edi_exports/heatmaps/eigencam/train_ham_test_isic_baseline_r128_20260521_223809/ISIC_0073194_eigencam_heatmap.npy,/content/drive/MyDrive/Dissertation/edi_exports/heatmaps/eigencam/train_ham_test_isic_dl_preprocess_r128_20260521_204612/ISIC_0073194_eigencam_heatmap.npy,calculated,False,False,False,0.9994550327918,,0.9979363530874252,,0.0011680652583373,,isic_0073194,train_ham_test_isic_baseline_r128_20260521_223809,0.9994550327918,0.9979363530874252,0.0011680652583373,0.0,0.0,0.0,True
634630625224f28f14158e9fc64b0ddce052c1de203c00a3c933c8597f8e2003,eigencam,train_ham_test_isic,train_ham_test_isic_dl_preprocess_r128_20260521_204612,ISIC_0028273,128,adaptive_repair,False,/content/drive/MyDrive/Dissertation/edi_exports/heatmaps/eigencam/train_ham_test_isic_baseline_r128_20260521_223809/ISIC_0028273_eigencam_heatmap.npy,/content/drive/MyDrive/Dissertation/edi_exports/heatmaps/eigencam/train_ham_test_isic_dl_preprocess_r128_20260521_204612/ISIC_0028273_eigencam_heatmap.npy,calculated,False,False,False,0.9990826621076616,,0.996860533952713,,0.001799067496728,,isic_0028273,train_ham_test_isic_baseline_r128_20260521_223809,0.9990826621076616,0.996860533952713,0.001799067496728,0.0,0.0,0.0,True
c1900af3ba268022a9ca1c806bc0634eec3f281134f591afeeb383d79be9d831,eigencam,train_ham_test_isic,train_ham_test_isic_dl_preprocess_r128_20260521_204612,ISIC_0068778,128,adaptive_repair,False,/content/drive/MyDrive/Dissertation/edi_exports/heatmaps/eigencam/train_ham_test_isic_baseline_r128_20260521_223809/ISIC_0068778_eigencam_heatmap.npy,/content/drive/MyDrive/Dissertation/edi_exports/heatmaps/eigencam/train_ham_test_isic_dl_preprocess_r128_20260521_204612/ISIC_0068778_eigencam_heatmap.npy,calculated,False,False,False,0.996000648953234,,0.8532465845346451,,0.074376545494369,,isic_0068778,train_ham_test_isic_baseline_r128_20260521_223809,0.996000648953234,0.8532465845346451,0.074376545494369,0.0,0.0,0.0,True
125bb629207405fbcb868ca36f2406a6ee9abfb73480163847481e934deb4889,eigencam,train_ham_test_isic,train_ham_test_isic_dl_preprocess_r128_20260521_204612,ISIC_0033654,128,adaptive_repair,False,/content/drive/MyDrive/Dissertation/edi_exports/heatmaps/eigencam/train_ham_test_isic_baseline_r128_20260521_223809/ISIC_0033654_eigencam_heatmap.npy,/content/drive/MyDrive/Dissertation/edi_exports/heatmaps/eigencam/train_ham_test_isic_dl_preprocess_r128_20260521_204612/ISIC_0033654_eigencam_heatmap.npy,calculated,False,False,False,0.9994686645312872,,0.9968087524175644,,0.001728457658396,,isic_0033654,train_ham_test_isic_baseline_r128_20260521_223809,0.9994686645312872,0.9968087524175644,0.001728457658396,0.0,0.0,0.0,True
a41d57994524d6891d95865ede95946a50b5770250c899b704cfaa4f1f214571,eigencam,train_ham_test_isic,train_ham_test_isic_dl_preprocess_r128_20260521_204612,ISIC_0028226,128,adaptive_repair,False,/content/drive/MyDrive/Dissertation/edi_exports/heatmaps/eigencam/train_ham_test_isic_baseline_r128_20260521_223809/ISIC_0028226_eigencam_heatmap.npy,/content/drive/MyDrive/Dissertation/edi_exports/heatmaps/eigencam/train_ham_test_isic_dl_preprocess_r128_20260521_204612/ISIC_0028226_eigencam_heatmap.npy,calculated,False,False,False,0.9975894204843676,,0.997662141919136,,0.0017715739193401,,isic_0028226,train_ham_test_isic_baseline_r128_20260521_223809,0.9975894204843676,0.997662141919136,0.0017715739193401,0.0,0.0,0.0,True
566e746a21316625fb7d7a3002a25211bebd65dfafbbba715faaf70af740d9c6,eigencam,train_ham_test_isic,train_ham_test_isic_dl_preprocess_r128_20260521_204612,ISIC_0054787,128,adaptive_repair,False,/content/drive/MyDrive/Dissertation/edi_exports/heatmaps/eigencam/train_ham_test_isic_baseline_r128_20260521_223809/ISIC_0054787_eigencam_heatmap.npy,/content/drive/MyDrive/Dissertation/edi_exports/heatmaps/eigencam/train_ham_test_isic_dl_preprocess_r128_20260521_204612/ISIC_0054787_eigencam_heatmap.npy,calculated,False,False,False,0.9998648825199664,,0.9986486285924911,,0.0007094650737627,,isic_0054787,train_ham_test_isic_baseline_r128_20260521_223809,0.9998648825199664,0.9986486285924911,0.0007094650737627,0.0,0.0,0.0,True
db83b76164ca22bdf7122c8f86656009f306e0b9851354724de1e21566b57993,eigencam,train_ham_test_isic,train_ham_test_isic_dl_preprocess_r128_20260521_204612,ISIC_0059680,128,adaptive_repair,False,/content/drive/MyDrive/Dissertation/edi_exports/heatmaps/eigencam/train_ham_test_isic_baseline_r128_20260521_223809/ISIC_0059680_eigencam_heatmap.npy,/content/drive/MyDrive/Dissertation/edi_exports/heatmaps/eigencam/train_ham_test_isic_dl_preprocess_r128_20260521_204612/ISIC_0059680_eigencam_heatmap.npy,calculated,False,False,False,0.9995312601053548,,0.9966417402029036,,0.0017963148722094,,isic_0059680,train_ham_test_isic_baseline_r128_20260521_223809,0.9995312601053548,0.9966417402029036,0.0017963148722094,0.0,0.0,0.0,True
0a52dc5bd57507deecf2c6e17843b0f9972b06194b969ebb55882ebfc2ac0742,eigencam,train_ham_test_isic,train_ham_test_isic_dullrazor_r128_20260521_204556,ISIC_0027358,128,adaptive_repair,False,/content/drive/MyDrive/Dissertation/edi_exports/heatmaps/eigencam/train_ham_test_isic_baseline_r128_20260521_223809/ISIC_0027358_eigencam_heatmap.npy,/content/drive/MyDrive/Dissertation/edi_exports/heatmaps/eigencam/train_ham_test_isic_dullrazor_r128_20260521_204556/ISIC_0027358_eigencam_heatmap.npy,calculated,False,False,False,0.9975456004320108,,0.9810754507780076,,0.0100758745029935,,isic_0027358,train_ham_test_isic_baseline_r128_20260521_223809,0.9975456004320108,0.9810754507780076,0.0100758745029935,0.0,0.0,0.0,True
be9724f56b2dee3a1c242a90703f6f92f9728532017cf692b65c5b2743093589,eigencam,train_ham_test_isic,train_ham_test_isic_dullrazor_r128_20260521_204556,ISIC_0030752,128,adaptive_repair,False,/content/drive/MyDrive/Dissertation/edi_exports/heatmaps/eigencam/train_ham_test_isic_baseline_r128_20260521_223809/ISIC_0030752_eigencam_heatmap.npy,/content/drive/MyDrive/Dissertation/edi_exports/heatmaps/eigencam/train_ham_test_isic_dullrazor_r128_20260521_204556/ISIC_0030752_eigencam_heatmap.npy,calculated,False,False,False,0.9882193413448824,,0.9175017476081848,,0.044194290859687,,isic_0030752,train_ham_test_isic_baseline_r128_20260521_223809,0.9882193413448824,0.9175017476081848,0.044194290859687,0.0,0.0,0.0,True
d6adc250a6d2a62368154e99b2529e17c6375b95f50214e3fa87367cce8588ab,eigencam,train_ham_test_isic,train_ham_test_isic_dullrazor_r128_20260521_204556,ISIC_0029786,128,adaptive_repair,False,/content/drive/MyDrive/Dissertation/edi_exports/heatmaps/eigencam/train_ham_test_isic_baseline_r128_20260521_223809/ISIC_0029786_eigencam_heatmap.npy,/content/drive/MyDrive/Dissertation/edi_exports/heatmaps/eigencam/train_ham_test_isic_dullrazor_r128_20260521_204556/ISIC_0029786_eigencam_heatmap.npy,calculated,False,False,False,0.9979628295862528,,0.990737572312355,,0.0051405064472592,,isic_0029786,train_ham_test_isic_baseline_r128_20260521_223809,0.9979628295862528,0.990737572312355,0.0051405064472592,0.0,0.0,0.0,True
3b09e0858f8fffd802ba52125c80f125c4d9439e4bfb3f93730e44806eb8ab1e,eigencam,train_ham_test_isic,train_ham_test_isic_dullrazor_r128_20260521_204556,ISIC_0026652,128,adaptive_repair,False,/content/drive/MyDrive/Dissertation/edi_exports/heatmaps/eigencam/train_ham_test_isic_baseline_r128_20260521_223809/ISIC_0026652_eigencam_heatmap.npy,/content/drive/MyDrive/Dissertation/edi_exports/heatmaps/eigencam/train_ham_test_isic_dullrazor_r128_20260521_204556/ISIC_0026652_eigencam_heatmap.npy,calculated,False,False,False,0.9989310471554764,,0.997257962822914,,0.0016382567996738,,isic_0026652,train_ham_test_isic_baseline_r128_20260521_223809,0.9989310471554764,0.997257962822914,0.0016382567996738,0.0,0.0,0.0,True
00dd40dc6c9252a4c540ad68e3a9854e760d34df1596f458008e645351e7d241,eigencam,train_ham_test_isic,train_ham_test_isic_dullrazor_r128_20260521_204556,ISIC_0032833,128,adaptive_repair,False,/content/drive/MyDrive/Dissertation/edi_exports/heatmaps/eigencam/train_ham_test_isic_baseline_r128_20260521_223809/ISIC_0032833_eigencam_heatmap.npy,/content/drive/MyDrive/Dissertation/edi_exports/heatmaps/eigencam/train_ham_test_isic_dullrazor_r128_20260521_204556/ISIC_0032833_eigencam_heatmap.npy,calculated,False,False,False,0.9963510185788094,,0.9923671036958694,,0.0047286935073629,,isic_0032833,train_ham_test_isic_baseline_r128_20260521_223809,0.9963510185788094,0.9923671036958694,0.0047286935073629,0.0,0.0,0.0,True
c6e508682f60ca04f634cb021baa907db8a33e5b505fba42e8d40f1336f88cea,eigencam,train_ham_test_isic,train_ham_test_isic_dullrazor_r128_20260521_204556,ISIC_0031445,128,adaptive_repair,False,/content/drive/MyDrive/Dissertation/edi_exports/heatmaps/eigencam/train_ham_test_isic_baseline_r128_20260521_223809/ISIC_0031445_eigencam_heatmap.npy,/content/drive/MyDrive/Dissertation/edi_exports/heatmaps/eigencam/train_ham_test_isic_dullrazor_r128_20260521_204556/ISIC_0031445_eigencam_heatmap.npy,calculated,False,False,False,0.9916870377468248,,0.9604036808013916,,0.021876400162598,,isic_0031445,train_ham_test_isic_baseline_r128_20260521_223809,0.9916870377468248,0.9604036808013916,0.021876400162598,0.0,0.0,0.0,True
896c94f4e8b21d4652b4875373e134eef90863eacd4f7aa5faadec805fcaa008,eigencam,train_ham_test_isic,train_ham_test_isic_dullrazor_r128_20260521_204556,ISIC_0063544,128,adaptive_repair,False,/content/drive/MyDrive/Dissertation/edi_exports/heatmaps/eigencam/train_ham_test_isic_baseline_r128_20260521_223809/ISIC_0063544_eigencam_heatmap.npy,/content/drive/MyDrive/Dissertation/edi_exports/heatmaps/eigencam/train_ham_test_isic_dullrazor_r128_20260521_204556/ISIC_0063544_eigencam_heatmap.npy,calculated,False,False,False,0.9956633099229976,,0.9883260726928712,,0.006921136172815,,isic_0063544,train_ham_test_isic_baseline_r128_20260521_223809,0.9956633099229976,0.9883260726928712,0.006921136172815,0.0,0.0,0.0,True
316c4250760f9b0b16f4a07821c3dad0050273bfa38c1a5d013b742534b52c18,eigencam,train_ham_test_isic,train_ham_test_isic_dullrazor_r128_20260521_204556,ISIC_0053615,128,adaptive_repair,False,/content/drive/MyDrive/Dissertation/edi_exports/heatmaps/eigencam/train_ham_test_isic_baseline_r128_20260521_223809/ISIC_0053615_eigencam_heatmap.npy,/content/drive/MyDrive/Dissertation/edi_exports/heatmaps/eigencam/train_ham_test_isic_dullrazor_r128_20260521_204556/ISIC_0053615_eigencam_heatmap.npy,calculated,False,False,False,0.9956615976467376,,0.9822949022054672,,0.0099371494855819,,isic_0053615,train_ham_test_isic_baseline_r128_20260521_223809,0.9956615976467376,0.9822949022054672,0.0099371494855819,0.0,0.0,0.0,True
b0eac839750096b9fc3c449f697bd6ac8ecd3ba1c6cbe6778da07bf0fc811915,eigencam,train_ham_test_isic,train_ham_test_isic_dullrazor_r128_20260521_204556,ISIC_0067519,128,adaptive_repair,False,/content/drive/MyDrive/Dissertation/edi_exports/heatmaps/eigencam/train_ham_test_isic_baseline_r128_20260521_223809/ISIC_0067519_eigencam_heatmap.npy,/content/drive/MyDrive/Dissertation/edi_exports/heatmaps/eigencam/train_ham_test_isic_dullrazor_r128_20260521_204556/ISIC_0067519_eigencam_heatmap.npy,calculated,False,False,False,0.9955308158415124,,0.7371872663497925,,0.1325236628647256,,isic_0067519,train_ham_test_isic_baseline_r128_20260521_223809,0.9955308158415124,0.7371872663497925,0.1325236628647256,0.0,0.0,0.0,True
222be233a538a2824c285bf0858928f7e62074378ed81c25fe8e3520f3894753,eigencam,train_ham_test_isic,train_ham_test_isic_dullrazor_r128_20260521_204556,ISIC_0030653,128,adaptive_repair,False,/content/drive/MyDrive/Dissertation/edi_exports/heatmaps/eigencam/train_ham_test_isic_baseline_r128_20260521_223809/ISIC_0030653_eigencam_heatmap.npy,/content/drive/MyDrive/Dissertation/edi_exports/heatmaps/eigencam/train_ham_test_isic_dullrazor_r128_20260521_204556/ISIC_0030653_eigencam_heatmap.npy,calculated,False,False,False,0.9964713088826082,,0.9949416518211364,,0.0034113468687797,,isic_0030653,train_ham_test_isic_baseline_r128_20260521_223809,0.9964713088826082,0.9949416518211364,0.0034113468687797,0.0,0.0,0.0,True
1d403468c59688a6c1f86bbb41be592104215e087b281327127fcaecf40d7193,eigencam,train_ham_test_isic,train_ham_test_isic_dullrazor_r128_20260521_204556,ISIC_0064161,128,adaptive_repair,False,/content/drive/MyDrive/Dissertation/edi_exports/heatmaps/eigencam/train_ham_test_isic_baseline_r128_20260521_223809/ISIC_0064161_eigencam_heatmap.npy,/content/drive/MyDrive/Dissertation/edi_exports/heatmaps/eigencam/train_ham_test_isic_dullrazor_r128_20260521_204556/ISIC_0064161_eigencam_heatmap.npy,calculated,False,False,False,0.9934579936725272,,0.972627192735672,,0.0153219052140322,,isic_0064161,train_ham_test_isic_baseline_r128_20260521_223809,0.9934579936725272,0.972627192735672,0.0153219052140322,0.0,0.0,0.0,True
9a939febc390714b024f874d94944d876148ac74b79fdf10159b905bd2b785d6,eigencam,train_ham_test_isic,train_ham_test_isic_dullrazor_r128_20260521_204556,ISIC_0031005,128,adaptive_repair,False,/content/drive/MyDrive/Dissertation/edi_exports/heatmaps/eigencam/train_ham_test_isic_baseline_r128_20260521_223809/ISIC_0031005_eigencam_heatmap.npy,/content/drive/MyDrive/Dissertation/edi_exports/heatmaps/eigencam/train_ham_test_isic_dullrazor_r128_20260521_204556/ISIC_0031005_eigencam_heatmap.npy,calculated,False,False,False,0.9957340776754584,,0.9790294021368028,,0.0115517795127341,,isic_0031005,train_ham_test_isic_baseline_r128_20260521_223809,0.9957340776754584,0.9790294021368028,0.0115517795127341,0.0,0.0,0.0,True
b1e3952b5c6bc42e8ad7fc5e50ea14439780d946e470634c0f10e97dd1f57592,eigencam,train_ham_test_isic,train_ham_test_isic_dullrazor_r128_20260521_204556,ISIC_0028490,128,adaptive_repair,False,/content/drive/MyDrive/Dissertation/edi_exports/heatmaps/eigencam/train_ham_test_isic_baseline_r128_20260521_223809/ISIC_0028490_eigencam_heatmap.npy,/content/drive/MyDrive/Dissertation/edi_exports/heatmaps/eigencam/train_ham_test_isic_dullrazor_r128_20260521_204556/ISIC_0028490_eigencam_heatmap.npy,calculated,False,False,False,0.9992228697866242,,0.9972918778657912,,0.0015483436204483,,isic_0028490,train_ham_test_isic_baseline_r128_20260521_223809,0.9992228697866242,0.9972918778657912,0.0015483436204483,0.0,0.0,0.0,True
67880f44f61ad1472f02ac3e7d806c8e6ccd32aba58e5b048556045356348497,eigencam,train_ham_test_isic,train_ham_test_isic_dullrazor_r128_20260521_204556,ISIC_0027712,128,adaptive_repair,False,/content/drive/MyDrive/Dissertation/edi_exports/heatmaps/eigencam/train_ham_test_isic_baseline_r128_20260521_223809/ISIC_0027712_eigencam_heatmap.npy,/content/drive/MyDrive/Dissertation/edi_exports/heatmaps/eigencam/train_ham_test_isic_dullrazor_r128_20260521_204556/ISIC_0027712_eigencam_heatmap.npy,calculated,False,False,False,0.994204229545905,,0.981633648276329,,0.0106321184753592,,isic_0027712,train_ham_test_isic_baseline_r128_20260521_223809,0.994204229545905,0.981633648276329,0.0106321184753592,0.0,0.0,0.0,True
a1c00269b97d8e9a752f7d728b8ecdd94f0f1afa6ee78ccd703438d345a6137b,eigencam,train_ham_test_isic,train_ham_test_isic_dullrazor_r128_20260521_204556,ISIC_0015232_DOWNSAMPLED,128,adaptive_repair,False,/content/drive/MyDrive/Dissertation/edi_exports/heatmaps/eigencam/train_ham_test_isic_baseline_r128_20260521_223809/ISIC_0015232_downsampled_eigencam_heatmap.npy,/content/drive/MyDrive/Dissertation/edi_exports/heatmaps/eigencam/train_ham_test_isic_dullrazor_r128_20260521_204556/ISIC_0015232_downsampled_eigencam_heatmap.npy,calculated,False,False,False,0.972380453081562,,0.9638356566429138,,0.0249870584081526,,isic_0015232_downsampled,train_ham_test_isic_baseline_r128_20260521_223809,0.972380453081562,0.9638356566429138,0.0249870584081526,0.0,0.0,0.0,True
b2950b029f149fd2f43c7cb37884e8e6e71402d52fa4db2e92c5a294cc2bdb7a,eigencam,train_ham_test_isic,train_ham_test_isic_dullrazor_r128_20260521_204556,ISIC_0031745,128,adaptive_repair,False,/content/drive/MyDrive/Dissertation/edi_exports/heatmaps/eigencam/train_ham_test_isic_baseline_r128_20260521_223809/ISIC_0031745_eigencam_heatmap.npy,/content/drive/MyDrive/Dissertation/edi_exports/heatmaps/eigencam/train_ham_test_isic_dullrazor_r128_20260521_204556/ISIC_0031745_eigencam_heatmap.npy,calculated,False,False,False,0.999645929543259,,0.9974383264780043,,0.001369354375183,,isic_0031745,train_ham_test_isic_baseline_r128_20260521_223809,0.999645929543259,0.9974383264780043,0.001369354375183,0.0,0.0,0.0,True
b5bf72fe80b20db1df484212af99e5ae47a3904aa7865236864d2cc519a44dd9,eigencam,train_ham_test_isic,train_ham_test_isic_dullrazor_r128_20260521_204556,ISIC_0027397,128,adaptive_repair,False,/content/drive/MyDrive/Dissertation/edi_exports/heatmaps/eigencam/train_ham_test_isic_baseline_r128_20260521_223809/ISIC_0027397_eigencam_heatmap.npy,/content/drive/MyDrive/Dissertation/edi_exports/heatmaps/eigencam/train_ham_test_isic_dullrazor_r128_20260521_204556/ISIC_0027397_eigencam_heatmap.npy,calculated,False,False,False,0.9961310323860914,,0.9705452471971512,,0.0156946183049015,,isic_0027397,train_ham_test_isic_baseline_r128_20260521_223809,0.9961310323860914,0.9705452471971512,0.0156946183049015,0.0,0.0,0.0,True
c85d0629efa4275dbe6be26fc6001eb417106b60089e481a80331f9314eeaeb7,eigencam,train_ham_test_isic,train_ham_test_isic_dullrazor_r128_20260521_204556,ISIC_0070105,128,adaptive_repair,False,/content/drive/MyDrive/Dissertation/edi_exports/heatmaps/eigencam/train_ham_test_isic_baseline_r128_20260521_223809/ISIC_0070105_eigencam_heatmap.npy,/content/drive/MyDrive/Dissertation/edi_exports/heatmaps/eigencam/train_ham_test_isic_dullrazor_r128_20260521_204556/ISIC_0070105_eigencam_heatmap.npy,calculated,False,False,False,0.9990945028326832,,0.998759463429451,,0.0008466425771036,,isic_0070105,train_ham_test_isic_baseline_r128_20260521_223809,0.9990945028326832,0.998759463429451,0.0008466425771036,0.0,0.0,0.0,True
2c8ddf5ae70e1a517d569754310d29c1f475fb12af392fd8bf41ec09876ed519,eigencam,train_ham_test_isic,train_ham_test_isic_dullrazor_r128_20260521_204556,ISIC_0028847,128,adaptive_repair,False,/content/drive/MyDrive/Dissertation/edi_exports/heatmaps/eigencam/train_ham_test_isic_baseline_r128_20260521_223809/ISIC_0028847_eigencam_heatmap.npy,/content/drive/MyDrive/Dissertation/edi_exports/heatmaps/eigencam/train_ham_test_isic_dullrazor_r128_20260521_204556/ISIC_0028847_eigencam_heatmap.npy,calculated,False,False,False,0.9966977342557516,,0.9907075762748718,,0.0054717782986262,,isic_0028847,train_ham_test_isic_baseline_r128_20260521_223809,0.9966977342557516,0.9907075762748718,0.0054717782986262,0.0,0.0,0.0,True
18a3876969fd5870902ef99100a863207ada6be7461c6069c63c96275ff822ee,eigencam,train_ham_test_isic,train_ham_test_isic_dullrazor_r128_20260521_204556,ISIC_0068414,128,adaptive_repair,False,/content/drive/MyDrive/Dissertation/edi_exports/heatmaps/eigencam/train_ham_test_isic_baseline_r128_20260521_223809/ISIC_0068414_eigencam_heatmap.npy,/content/drive/MyDrive/Dissertation/edi_exports/heatmaps/eigencam/train_ham_test_isic_dullrazor_r128_20260521_204556/ISIC_0068414_eigencam_heatmap.npy,calculated,False,False,False,0.991431484163857,,0.9741300642490388,,0.0150770968345164,,isic_0068414,train_ham_test_isic_baseline_r128_20260521_223809,0.991431484163857,0.9741300642490388,0.0150770968345164,0.0,0.0,0.0,True
13ba58266f2bbb4eed8fa90dd5521d0c9d51cabc57534b811be16420ab5da31c,eigencam,train_ham_test_isic,train_ham_test_isic_dullrazor_r128_20260521_204556,ISIC_0032425,128,adaptive_repair,False,/content/drive/MyDrive/Dissertation/edi_exports/heatmaps/eigencam/train_ham_test_isic_baseline_r128_20260521_223809/ISIC_0032425_eigencam_heatmap.npy,/content/drive/MyDrive/Dissertation/edi_exports/heatmaps/eigencam/train_ham_test_isic_dullrazor_r128_20260521_204556/ISIC_0032425_eigencam_heatmap.npy,calculated,False,False,False,0.9842849058924474,,0.9796907752752304,,0.0140833858892729,,isic_0032425,train_ham_test_isic_baseline_r128_20260521_223809,0.9842849058924474,0.9796907752752304,0.0140833858892729,0.0,0.0,0.0,True
bf3205984f4f5ecdec545bfcb3f46975ce8c27a74f7127f8ae25a7a15829e2d8,eigencam,train_ham_test_isic,train_ham_test_isic_dullrazor_r128_20260521_204556,ISIC_0031535,128,adaptive_repair,False,/content/drive/MyDrive/Dissertation/edi_exports/heatmaps/eigencam/train_ham_test_isic_baseline_r128_20260521_223809/ISIC_0031535_eigencam_heatmap.npy,/content/drive/MyDrive/Dissertation/edi_exports/heatmaps/eigencam/train_ham_test_isic_dullrazor_r128_20260521_204556/ISIC_0031535_eigencam_heatmap.npy,calculated,False,False,False,0.9961188257167036,,0.9774285554885864,,0.0122560158265309,,isic_0031535,train_ham_test_isic_baseline_r128_20260521_223809,0.9961188257167036,0.9774285554885864,0.0122560158265309,0.0,0.0,0.0,True
8e478b3d8b0d2cd0cd909fe6fe767f54fd10824b8d50fb0a0cad74e8676369d3,eigencam,train_ham_test_isic,train_ham_test_isic_dullrazor_r128_20260521_204556,ISIC_0027102,128,adaptive_repair,False,/content/drive/MyDrive/Dissertation/edi_exports/heatmaps/eigencam/train_ham_test_isic_baseline_r128_20260521_223809/ISIC_0027102_eigencam_heatmap.npy,/content/drive/MyDrive/Dissertation/edi_exports/heatmaps/eigencam/train_ham_test_isic_dullrazor_r128_20260521_204556/ISIC_0027102_eigencam_heatmap.npy,calculated,False,False,False,0.9985517486149128,,0.9983076304197313,,0.0012082476364062,,isic_0027102,train_ham_test_isic_baseline_r128_20260521_223809,0.9985517486149128,0.9983076304197313,0.0012082476364062,0.0,0.0,0.0,True
15d69a7378d2eb5485a053808a2d640d657d13a3e87ad7946f32a18833a44513,eigencam,train_ham_test_isic,train_ham_test_isic_dullrazor_r128_20260521_204556,ISIC_0061194,128,adaptive_repair,False,/content/drive/MyDrive/Dissertation/edi_exports/heatmaps/eigencam/train_ham_test_isic_baseline_r128_20260521_223809/ISIC_0061194_eigencam_heatmap.npy,/content/drive/MyDrive/Dissertation/edi_exports/heatmaps/eigencam/train_ham_test_isic_dullrazor_r128_20260521_204556/ISIC_0061194_eigencam_heatmap.npy,calculated,False,False,False,0.9988509748224904,,0.9906793981790544,,0.0049475572048502,,isic_0061194,train_ham_test_isic_baseline_r128_20260521_223809,0.9988509748224904,0.9906793981790544,0.0049475572048502,0.0,0.0,0.0,True
ff1d4f32bc4fae82a29c91552889af1485e6cd59380a2c160e514b1484c3c580,eigencam,train_ham_test_isic,train_ham_test_isic_dullrazor_r128_20260521_204556,ISIC_0058285,128,adaptive_repair,False,/content/drive/MyDrive/Dissertation/edi_exports/heatmaps/eigencam/train_ham_test_isic_baseline_r128_20260521_223809/ISIC_0058285_eigencam_heatmap.npy,/content/drive/MyDrive/Dissertation/edi_exports/heatmaps/eigencam/train_ham_test_isic_dullrazor_r128_20260521_204556/ISIC_0058285_eigencam_heatmap.npy,calculated,False,False,False,0.9988397922258616,,0.999027505517006,,0.0007762991850316,,isic_0058285,train_ham_test_isic_baseline_r128_20260521_223809,0.9988397922258616,0.999027505517006,0.0007762991850316,0.0,0.0,0.0,True
103c4d1f618539bf433397499f7d79e2e5e3ed47785ff53afd82f6568d29edc5,eigencam,train_ham_test_isic,train_ham_test_isic_dullrazor_r128_20260521_204556,ISIC_0028508,128,adaptive_repair,False,/content/drive/MyDrive/Dissertation/edi_exports/heatmaps/eigencam/train_ham_test_isic_baseline_r128_20260521_223809/ISIC_0028508_eigencam_heatmap.npy,/content/drive/MyDrive/Dissertation/edi_exports/heatmaps/eigencam/train_ham_test_isic_dullrazor_r128_20260521_204556/ISIC_0028508_eigencam_heatmap.npy,calculated,False,False,False,0.9979015620518872,,0.9936285316944122,,0.003710343639822,,isic_0028508,train_ham_test_isic_baseline_r128_20260521_223809,0.9979015620518872,0.9936285316944122,0.003710343639822,0.0,0.0,0.0,True
70b11c40626a811d32d91fc104c6943d684d6f3d547cd6ebb2fbe23bdaf76f1b,eigencam,train_ham_test_isic,train_ham_test_isic_dullrazor_r128_20260521_204556,ISIC_0032063,128,adaptive_repair,False,/content/drive/MyDrive/Dissertation/edi_exports/heatmaps/eigencam/train_ham_test_isic_baseline_r128_20260521_223809/ISIC_0032063_eigencam_heatmap.npy,/content/drive/MyDrive/Dissertation/edi_exports/heatmaps/eigencam/train_ham_test_isic_dullrazor_r128_20260521_204556/ISIC_0032063_eigencam_heatmap.npy,calculated,False,False,False,0.9657854857769554,,0.9210689812898636,,0.0480191379108293,,isic_0032063,train_ham_test_isic_baseline_r128_20260521_223809,0.9657854857769554,0.9210689812898636,0.0480191379108293,0.0,0.0,0.0,True
1d17802fab39ed7eed4d60075681d06d24fd27b627c27f12449ec47fbb70cee5,eigencam,train_ham_test_isic,train_ham_test_isic_dullrazor_r128_20260521_204556,ISIC_0067055,128,adaptive_repair,False,/content/drive/MyDrive/Dissertation/edi_exports/heatmaps/eigencam/train_ham_test_isic_baseline_r128_20260521_223809/ISIC_0067055_eigencam_heatmap.npy,/content/drive/MyDrive/Dissertation/edi_exports/heatmaps/eigencam/train_ham_test_isic_dullrazor_r128_20260521_204556/ISIC_0067055_eigencam_heatmap.npy,calculated,False,False,False,0.9983769123407752,,0.9960183501243592,,0.0023965968526266,,isic_0067055,train_ham_test_isic_baseline_r128_20260521_223809,0.9983769123407752,0.9960183501243592,0.0023965968526266,0.0,0.0,0.0,True
668e8f31fb8c37a60264106fc1dd93af3710aab156e20fe52222116fd1c59b1b,eigencam,train_ham_test_isic,train_ham_test_isic_dullrazor_r128_20260521_204556,ISIC_0027282,128,adaptive_repair,False,/content/drive/MyDrive/Dissertation/edi_exports/heatmaps/eigencam/train_ham_test_isic_baseline_r128_20260521_223809/ISIC_0027282_eigencam_heatmap.npy,/content/drive/MyDrive/Dissertation/edi_exports/heatmaps/eigencam/train_ham_test_isic_dullrazor_r128_20260521_204556/ISIC_0027282_eigencam_heatmap.npy,calculated,False,False,False,0.9916456430044432,,0.9282530695199966,,0.0379620544888908,,isic_0027282,train_ham_test_isic_baseline_r128_20260521_223809,0.9916456430044432,0.9282530695199966,0.0379620544888908,0.0,0.0,0.0,True
6714600b16afd5bc18f3d79759580eb56c6ce667400d9ad33779be9cd948744c,eigencam,train_ham_test_isic,train_ham_test_isic_dullrazor_r128_20260521_204556,ISIC_0068248,128,adaptive_repair,False,/content/drive/MyDrive/Dissertation/edi_exports/heatmaps/eigencam/train_ham_test_isic_baseline_r128_20260521_223809/ISIC_0068248_eigencam_heatmap.npy,/content/drive/MyDrive/Dissertation/edi_exports/heatmaps/eigencam/train_ham_test_isic_dullrazor_r128_20260521_204556/ISIC_0068248_eigencam_heatmap.npy,calculated,False,False,False,0.9915232142939336,,0.9859201908111572,,0.0091591010209379,,isic_0068248,train_ham_test_isic_baseline_r128_20260521_223809,0.9915232142939336,0.9859201908111572,0.0091591010209379,0.0,0.0,0.0,True
5d799b2907aa89653a3cceb809a5f263045f49d95b547366599dd18f71927162,eigencam,train_ham_test_isic,train_ham_test_isic_dullrazor_r128_20260521_204556,ISIC_0058003,128,adaptive_repair,False,/content/drive/MyDrive/Dissertation/edi_exports/heatmaps/eigencam/train_ham_test_isic_baseline_r128_20260521_223809/ISIC_0058003_eigencam_heatmap.npy,/content/drive/MyDrive/Dissertation/edi_exports/heatmaps/eigencam/train_ham_test_isic_dullrazor_r128_20260521_204556/ISIC_0058003_eigencam_heatmap.npy,calculated,False,False,False,0.9898310378632088,,0.8838361352682114,,0.060624172900092,,isic_0058003,train_ham_test_isic_baseline_r128_20260521_223809,0.9898310378632088,0.8838361352682114,0.060624172900092,0.0,0.0,0.0,True
6b6dd3d01e685f0aa54c66a43273f1f1c2f5fd7287fa1d8b0ed63def3965b4f0,eigencam,train_ham_test_isic,train_ham_test_isic_dullrazor_r128_20260521_204556,ISIC_0010490,128,adaptive_repair,False,/content/drive/MyDrive/Dissertation/edi_exports/heatmaps/eigencam/train_ham_test_isic_baseline_r128_20260521_223809/ISIC_0010490_eigencam_heatmap.npy,/content/drive/MyDrive/Dissertation/edi_exports/heatmaps/eigencam/train_ham_test_isic_dullrazor_r128_20260521_204556/ISIC_0010490_eigencam_heatmap.npy,calculated,False,False,False,0.9989050168882296,,0.9971605092287064,,0.0016934911635894,,isic_0010490,train_ham_test_isic_baseline_r128_20260521_223809,0.9989050168882296,0.9971605092287064,0.0016934911635894,0.0,0.0,0.0,True
52f4fb9667ea21103634b84d5c25872d0d720d056c05e00fe39c64aa9534a9d8,eigencam,train_ham_test_isic,train_ham_test_isic_dullrazor_r128_20260521_204556,ISIC_0033153,128,adaptive_repair,False,/content/drive/MyDrive/Dissertation/edi_exports/heatmaps/eigencam/train_ham_test_isic_baseline_r128_20260521_223809/ISIC_0033153_eigencam_heatmap.npy,/content/drive/MyDrive/Dissertation/edi_exports/heatmaps/eigencam/train_ham_test_isic_dullrazor_r128_20260521_204556/ISIC_0033153_eigencam_heatmap.npy,calculated,False,False,False,0.9908702092922408,,0.9787569791078568,,0.0129039581230113,,isic_0033153,train_ham_test_isic_baseline_r128_20260521_223809,0.9908702092922408,0.9787569791078568,0.0129039581230113,0.0,0.0,0.0,True
a48e24077272ae373a273fbb784e31c21f7b6662a610b73b08bfd15082b61d9a,eigencam,train_ham_test_isic,train_ham_test_isic_dullrazor_r128_20260521_204556,ISIC_0073194,128,adaptive_repair,False,/content/drive/MyDrive/Dissertation/edi_exports/heatmaps/eigencam/train_ham_test_isic_baseline_r128_20260521_223809/ISIC_0073194_eigencam_heatmap.npy,/content/drive/MyDrive/Dissertation/edi_exports/heatmaps/eigencam/train_ham_test_isic_dullrazor_r128_20260521_204556/ISIC_0073194_eigencam_heatmap.npy,calculated,False,False,False,0.9995075350984104,,0.9991174191236496,,0.0005644066635726,,isic_0073194,train_ham_test_isic_baseline_r128_20260521_223809,0.9995075350984104,0.9991174191236496,0.0005644066635726,0.0,0.0,0.0,True
6b42913734bf6815c42ec4457b127634fc8debd44a6d1e35e5168a4c6ec64d4b,eigencam,train_ham_test_isic,train_ham_test_isic_dullrazor_r128_20260521_204556,ISIC_0028273,128,adaptive_repair,False,/content/drive/MyDrive/Dissertation/edi_exports/heatmaps/eigencam/train_ham_test_isic_baseline_r128_20260521_223809/ISIC_0028273_eigencam_heatmap.npy,/content/drive/MyDrive/Dissertation/edi_exports/heatmaps/eigencam/train_ham_test_isic_dullrazor_r128_20260521_204556/ISIC_0028273_eigencam_heatmap.npy,calculated,False,False,False,0.9916734628734176,,0.9705295711755751,,0.016816848693858,,isic_0028273,train_ham_test_isic_baseline_r128_20260521_223809,0.9916734628734176,0.9705295711755751,0.016816848693858,0.0,0.0,0.0,True
b72cc3c126c80aaacb3b16b591445b23586ce2e3e31b73166914a2a7eb8c78a3,eigencam,train_ham_test_isic,train_ham_test_isic_dullrazor_r128_20260521_204556,ISIC_0068778,128,adaptive_repair,False,/content/drive/MyDrive/Dissertation/edi_exports/heatmaps/eigencam/train_ham_test_isic_baseline_r128_20260521_223809/ISIC_0068778_eigencam_heatmap.npy,/content/drive/MyDrive/Dissertation/edi_exports/heatmaps/eigencam/train_ham_test_isic_dullrazor_r128_20260521_204556/ISIC_0068778_eigencam_heatmap.npy,calculated,False,False,False,0.9962034120038712,,0.8234373778104782,,0.0892304580937931,,isic_0068778,train_ham_test_isic_baseline_r128_20260521_223809,0.9962034120038712,0.8234373778104782,0.0892304580937931,0.0,0.0,0.0,True
4a62922baf5fc57f012aad92a6256cd17424c3b8eab8ad68ee00c6a9a4bb73e1,eigencam,train_ham_test_isic,train_ham_test_isic_dullrazor_r128_20260521_204556,ISIC_0033654,128,adaptive_repair,False,/content/drive/MyDrive/Dissertation/edi_exports/heatmaps/eigencam/train_ham_test_isic_baseline_r128_20260521_223809/ISIC_0033654_eigencam_heatmap.npy,/content/drive/MyDrive/Dissertation/edi_exports/heatmaps/eigencam/train_ham_test_isic_dullrazor_r128_20260521_204556/ISIC_0033654_eigencam_heatmap.npy,calculated,False,False,False,0.995021209383516,,0.9786115139722824,,0.0119389406679797,,isic_0033654,train_ham_test_isic_baseline_r128_20260521_223809,0.995021209383516,0.9786115139722824,0.0119389406679797,0.0,0.0,0.0,True
25e15644840a7fc01ec6a4c82dbc934ac96fe07f2ad3553dd90c18d725204edb,eigencam,train_ham_test_isic,train_ham_test_isic_dullrazor_r128_20260521_204556,ISIC_0028226,128,adaptive_repair,False,/content/drive/MyDrive/Dissertation/edi_exports/heatmaps/eigencam/train_ham_test_isic_baseline_r128_20260521_223809/ISIC_0028226_eigencam_heatmap.npy,/content/drive/MyDrive/Dissertation/edi_exports/heatmaps/eigencam/train_ham_test_isic_dullrazor_r128_20260521_204556/ISIC_0028226_eigencam_heatmap.npy,calculated,False,False,False,0.9957007592872382,,0.9926402121782304,,0.0047547040890753,,isic_0028226,train_ham_test_isic_baseline_r128_20260521_223809,0.9957007592872382,0.9926402121782304,0.0047547040890753,0.0,0.0,0.0,True
62ce4a4ccf49e36fd89653d6d3c898f70873a892c4c1cf9aa0f96a4996349028,eigencam,train_ham_test_isic,train_ham_test_isic_dullrazor_r128_20260521_204556,ISIC_0054787,128,adaptive_repair,False,/content/drive/MyDrive/Dissertation/edi_exports/heatmaps/eigencam/train_ham_test_isic_baseline_r128_20260521_223809/ISIC_0054787_eigencam_heatmap.npy,/content/drive/MyDrive/Dissertation/edi_exports/heatmaps/eigencam/train_ham_test_isic_dullrazor_r128_20260521_204556/ISIC_0054787_eigencam_heatmap.npy,calculated,False,False,False,0.9996192979674916,,0.9978996217250824,,0.0011453646455859,,isic_0054787,train_ham_test_isic_baseline_r128_20260521_223809,0.9996192979674916,0.9978996217250824,0.0011453646455859,0.0,0.0,0.0,True
f8d66252a9f851461d4c5950debf46d365eda15218500c384b093883a332032b,eigencam,train_ham_test_isic,train_ham_test_isic_dullrazor_r128_20260521_204556,ISIC_0059680,128,adaptive_repair,False,/content/drive/MyDrive/Dissertation/edi_exports/heatmaps/eigencam/train_ham_test_isic_baseline_r128_20260521_223809/ISIC_0059680_eigencam_heatmap.npy,/content/drive/MyDrive/Dissertation/edi_exports/heatmaps/eigencam/train_ham_test_isic_dullrazor_r128_20260521_204556/ISIC_0059680_eigencam_heatmap.npy,calculated,False,False,False,0.9880481691245592,,0.929861769080162,,0.0380570731787791,,isic_0059680,train_ham_test_isic_baseline_r128_20260521_223809,0.9880481691245592,0.929861769080162,0.0380570731787791,0.0,0.0,0.0,True
28d9d1ecf52a018170049f47942d6e91dcd61cb09e4b589818b82ae57cd9191c,eigencam,train_ham_test_isic,train_ham_test_isic_hdbmie_r128_20260521_191857,ISIC_0027358,128,adaptive_repair,False,/content/drive/MyDrive/Dissertation/edi_exports/heatmaps/eigencam/train_ham_test_isic_baseline_r128_20260521_223809/ISIC_0027358_eigencam_heatmap.npy,/content/drive/MyDrive/Dissertation/edi_exports/heatmaps/eigencam/train_ham_test_isic_hdbmie_r128_20260521_191857/ISIC_0027358_eigencam_heatmap.npy,calculated,False,False,False,0.9987553525090884,,0.985944852232933,,0.0073387357562613,,isic_0027358,train_ham_test_isic_baseline_r128_20260521_223809,0.9987553525090884,0.985944852232933,0.0073387357562613,0.0,0.0,0.0,True
0843808d96677afc6c9d05226b8d8cc73ce4a4e322553e4a7a34a41cfff9c6c4,eigencam,train_ham_test_isic,train_ham_test_isic_hdbmie_r128_20260521_191857,ISIC_0030752,128,adaptive_repair,False,/content/drive/MyDrive/Dissertation/edi_exports/heatmaps/eigencam/train_ham_test_isic_baseline_r128_20260521_223809/ISIC_0030752_eigencam_heatmap.npy,/content/drive/MyDrive/Dissertation/edi_exports/heatmaps/eigencam/train_ham_test_isic_hdbmie_r128_20260521_191857/ISIC_0030752_eigencam_heatmap.npy,calculated,False,False,False,0.997637352615844,,0.9892413318157196,,0.0059699959381791,,isic_0030752,train_ham_test_isic_baseline_r128_20260521_223809,0.997637352615844,0.9892413318157196,0.0059699959381791,0.0,0.0,0.0,True
95ea85fb887be88eb624b4376d343c241d7355abb2460d50b2dbbf0f9812f0d5,eigencam,train_ham_test_isic,train_ham_test_isic_hdbmie_r128_20260521_191857,ISIC_0029786,128,adaptive_repair,False,/content/drive/MyDrive/Dissertation/edi_exports/heatmaps/eigencam/train_ham_test_isic_baseline_r128_20260521_223809/ISIC_0029786_eigencam_heatmap.npy,/content/drive/MyDrive/Dissertation/edi_exports/heatmaps/eigencam/train_ham_test_isic_hdbmie_r128_20260521_191857/ISIC_0029786_eigencam_heatmap.npy,calculated,False,False,False,0.9995913016295064,,0.9979797601699828,,0.0011122945076319,,isic_0029786,train_ham_test_isic_baseline_r128_20260521_223809,0.9995913016295064,0.9979797601699828,0.0011122945076319,0.0,0.0,0.0,True
3e2ee56bb0842e8575f08d6262ca5919466ed7d340629a2d33e77b4b8c44f83d,eigencam,train_ham_test_isic,train_ham_test_isic_hdbmie_r128_20260521_191857,ISIC_0026652,128,adaptive_repair,False,/content/drive/MyDrive/Dissertation/edi_exports/heatmaps/eigencam/train_ham_test_isic_baseline_r128_20260521_223809/ISIC_0026652_eigencam_heatmap.npy,/content/drive/MyDrive/Dissertation/edi_exports/heatmaps/eigencam/train_ham_test_isic_hdbmie_r128_20260521_191857/ISIC_0026652_eigencam_heatmap.npy,calculated,False,False,False,0.9989616220148756,,0.9933018535375596,,0.0036086677275013,,isic_0026652,train_ham_test_isic_baseline_r128_20260521_223809,0.9989616220148756,0.9933018535375596,0.0036086677275013,0.0,0.0,0.0,True
8fea6e06bd6b989e9d428aadcf310e8188f7fb4759b411a901e8c5db81124caa,eigencam,train_ham_test_isic,train_ham_test_isic_hdbmie_r128_20260521_191857,ISIC_0032833,128,adaptive_repair,False,/content/drive/MyDrive/Dissertation/edi_exports/heatmaps/eigencam/train_ham_test_isic_baseline_r128_20260521_223809/ISIC_0032833_eigencam_heatmap.npy,/content/drive/MyDrive/Dissertation/edi_exports/heatmaps/eigencam/train_ham_test_isic_hdbmie_r128_20260521_191857/ISIC_0032833_eigencam_heatmap.npy,calculated,False,False,False,0.9994214871405308,,0.9992039352655412,,0.0005426605820967,,isic_0032833,train_ham_test_isic_baseline_r128_20260521_223809,0.9994214871405308,0.9992039352655412,0.0005426605820967,0.0,0.0,0.0,True
4d5931389c091712ff2cf943fade9f21aa61518677ddb0ddd1af4d19f1eff6e0,eigencam,train_ham_test_isic,train_ham_test_isic_hdbmie_r128_20260521_191857,ISIC_0031445,128,adaptive_repair,False,/content/drive/MyDrive/Dissertation/edi_exports/heatmaps/eigencam/train_ham_test_isic_baseline_r128_20260521_223809/ISIC_0031445_eigencam_heatmap.npy,/content/drive/MyDrive/Dissertation/edi_exports/heatmaps/eigencam/train_ham_test_isic_hdbmie_r128_20260521_191857/ISIC_0031445_eigencam_heatmap.npy,calculated,False,False,False,0.9823381228516642,,0.7910952121019363,,0.1088678632361157,,isic_0031445,train_ham_test_isic_baseline_r128_20260521_223809,0.9823381228516642,0.7910952121019363,0.1088678632361157,0.0,0.0,0.0,True
3efc0cdb7eabdfcc2c37396e441308031badec0e4efcd2f222ec873a81a5f1e4,eigencam,train_ham_test_isic,train_ham_test_isic_hdbmie_r128_20260521_191857,ISIC_0063544,128,adaptive_repair,False,/content/drive/MyDrive/Dissertation/edi_exports/heatmaps/eigencam/train_ham_test_isic_baseline_r128_20260521_223809/ISIC_0063544_eigencam_heatmap.npy,/content/drive/MyDrive/Dissertation/edi_exports/heatmaps/eigencam/train_ham_test_isic_hdbmie_r128_20260521_191857/ISIC_0063544_eigencam_heatmap.npy,calculated,False,False,False,0.9966354418690548,,0.9836136847734452,,0.0090342971460137,,isic_0063544,train_ham_test_isic_baseline_r128_20260521_223809,0.9966354418690548,0.9836136847734452,0.0090342971460137,0.0,0.0,0.0,True
99a23cbd8edca0ede2e5662e89a4543cd2d59bdf1a860549bdefb956cc4eb1c9,eigencam,train_ham_test_isic,train_ham_test_isic_hdbmie_r128_20260521_191857,ISIC_0053615,128,adaptive_repair,False,/content/drive/MyDrive/Dissertation/edi_exports/heatmaps/eigencam/train_ham_test_isic_baseline_r128_20260521_223809/ISIC_0053615_eigencam_heatmap.npy,/content/drive/MyDrive/Dissertation/edi_exports/heatmaps/eigencam/train_ham_test_isic_hdbmie_r128_20260521_191857/ISIC_0053615_eigencam_heatmap.npy,calculated,False,False,False,0.998578140494467,,0.995001345872879,,0.0028547919399437,,isic_0053615,train_ham_test_isic_baseline_r128_20260521_223809,0.998578140494467,0.995001345872879,0.0028547919399437,0.0,0.0,0.0,True
c65bc58c63eb5559345c1aee85e0b29952a71b06ec6e83cf823ca3c4be02eec5,eigencam,train_ham_test_isic,train_ham_test_isic_hdbmie_r128_20260521_191857,ISIC_0067519,128,adaptive_repair,False,/content/drive/MyDrive/Dissertation/edi_exports/heatmaps/eigencam/train_ham_test_isic_baseline_r128_20260521_223809/ISIC_0067519_eigencam_heatmap.npy,/content/drive/MyDrive/Dissertation/edi_exports/heatmaps/eigencam/train_ham_test_isic_hdbmie_r128_20260521_191857/ISIC_0067519_eigencam_heatmap.npy,calculated,False,False,False,0.999576620146678,,0.9630720168352128,,0.018569836545724,,isic_0067519,train_ham_test_isic_baseline_r128_20260521_223809,0.999576620146678,0.9630720168352128,0.018569836545724,0.0,0.0,0.0,True
db146383724f101d7805b0b2a909b56d6e9d658f7b5c55413b9888bde28fa015,eigencam,train_ham_test_isic,train_ham_test_isic_hdbmie_r128_20260521_191857,ISIC_0030653,128,adaptive_repair,False,/content/drive/MyDrive/Dissertation/edi_exports/heatmaps/eigencam/train_ham_test_isic_baseline_r128_20260521_223809/ISIC_0030653_eigencam_heatmap.npy,/content/drive/MyDrive/Dissertation/edi_exports/heatmaps/eigencam/train_ham_test_isic_hdbmie_r128_20260521_191857/ISIC_0030653_eigencam_heatmap.npy,calculated,False,False,False,0.9986652456923272,,0.9972199648618698,,0.0017237061459832,,isic_0030653,train_ham_test_isic_baseline_r128_20260521_223809,0.9986652456923272,0.9972199648618698,0.0017237061459832,0.0,0.0,0.0,True
b616f42242f3358a961e49ab6555f42bd5fbcdcfb179b14b1a68de7e896b7681,eigencam,train_ham_test_isic,train_ham_test_isic_hdbmie_r128_20260521_191857,ISIC_0064161,128,adaptive_repair,False,/content/drive/MyDrive/Dissertation/edi_exports/heatmaps/eigencam/train_ham_test_isic_baseline_r128_20260521_223809/ISIC_0064161_eigencam_heatmap.npy,/content/drive/MyDrive/Dissertation/edi_exports/heatmaps/eigencam/train_ham_test_isic_hdbmie_r128_20260521_191857/ISIC_0064161_eigencam_heatmap.npy,calculated,False,False,False,0.9960620289774968,,0.980609968304634,,0.0106795086033087,,isic_0064161,train_ham_test_isic_baseline_r128_20260521_223809,0.9960620289774968,0.980609968304634,0.0106795086033087,0.0,0.0,0.0,True
8213c5b319857ae801c0b929bedff48aa6e35ec20616585ca0795a5915995b80,eigencam,train_ham_test_isic,train_ham_test_isic_hdbmie_r128_20260521_191857,ISIC_0031005,128,adaptive_repair,False,/content/drive/MyDrive/Dissertation/edi_exports/heatmaps/eigencam/train_ham_test_isic_baseline_r128_20260521_223809/ISIC_0031005_eigencam_heatmap.npy,/content/drive/MyDrive/Dissertation/edi_exports/heatmaps/eigencam/train_ham_test_isic_hdbmie_r128_20260521_191857/ISIC_0031005_eigencam_heatmap.npy,calculated,False,False,False,0.9991121215457324,,0.9969279021024704,,0.0017580185623317,,isic_0031005,train_ham_test_isic_baseline_r128_20260521_223809,0.9991121215457324,0.9969279021024704,0.0017580185623317,0.0,0.0,0.0,True
ebd19826779fafbf2c6777d30ed8c9cd93b555d0eafb70e70588103f6b6e8647,eigencam,train_ham_test_isic,train_ham_test_isic_hdbmie_r128_20260521_191857,ISIC_0028490,128,adaptive_repair,False,/content/drive/MyDrive/Dissertation/edi_exports/heatmaps/eigencam/train_ham_test_isic_baseline_r128_20260521_223809/ISIC_0028490_eigencam_heatmap.npy,/content/drive/MyDrive/Dissertation/edi_exports/heatmaps/eigencam/train_ham_test_isic_hdbmie_r128_20260521_191857/ISIC_0028490_eigencam_heatmap.npy,calculated,False,False,False,0.9986894863289494,,0.9964738935232162,,0.0020906816561545,,isic_0028490,train_ham_test_isic_baseline_r128_20260521_223809,0.9986894863289494,0.9964738935232162,0.0020906816561545,0.0,0.0,0.0,True
c3da4e317f4770906da094cb8e555e82a8d8586fe6442b70ce06dd8da75589e4,eigencam,train_ham_test_isic,train_ham_test_isic_hdbmie_r128_20260521_191857,ISIC_0027712,128,adaptive_repair,False,/content/drive/MyDrive/Dissertation/edi_exports/heatmaps/eigencam/train_ham_test_isic_baseline_r128_20260521_223809/ISIC_0027712_eigencam_heatmap.npy,/content/drive/MyDrive/Dissertation/edi_exports/heatmaps/eigencam/train_ham_test_isic_hdbmie_r128_20260521_191857/ISIC_0027712_eigencam_heatmap.npy,calculated,False,False,False,0.9993694025842256,,0.9960093945264816,,0.0021529520907028,,isic_0027712,train_ham_test_isic_baseline_r128_20260521_223809,0.9993694025842256,0.9960093945264816,0.0021529520907028,0.0,0.0,0.0,True
1b461f1b27ea52d94580ccb439b4f046ff5efae59537ff9d12522be6c5a14c7a,eigencam,train_ham_test_isic,train_ham_test_isic_hdbmie_r128_20260521_191857,ISIC_0015232_DOWNSAMPLED,128,adaptive_repair,False,/content/drive/MyDrive/Dissertation/edi_exports/heatmaps/eigencam/train_ham_test_isic_baseline_r128_20260521_223809/ISIC_0015232_downsampled_eigencam_heatmap.npy,/content/drive/MyDrive/Dissertation/edi_exports/heatmaps/eigencam/train_ham_test_isic_hdbmie_r128_20260521_191857/ISIC_0015232_downsampled_eigencam_heatmap.npy,calculated,False,False,False,0.9959279183693064,,0.995105728507042,,0.0034651561541524,,isic_0015232_downsampled,train_ham_test_isic_baseline_r128_20260521_223809,0.9959279183693064,0.995105728507042,0.0034651561541524,0.0,0.0,0.0,True
99143174fd2477c0d9a6c2f3d3c5e17181c74ccb9c25b83b753026efa99990f1,eigencam,train_ham_test_isic,train_ham_test_isic_hdbmie_r128_20260521_191857,ISIC_0031745,128,adaptive_repair,False,/content/drive/MyDrive/Dissertation/edi_exports/heatmaps/eigencam/train_ham_test_isic_baseline_r128_20260521_223809/ISIC_0031745_eigencam_heatmap.npy,/content/drive/MyDrive/Dissertation/edi_exports/heatmaps/eigencam/train_ham_test_isic_hdbmie_r128_20260521_191857/ISIC_0031745_eigencam_heatmap.npy,calculated,False,False,False,0.999602715557739,,0.9986388236284256,,0.0007799092963524,,isic_0031745,train_ham_test_isic_baseline_r128_20260521_223809,0.999602715557739,0.9986388236284256,0.0007799092963524,0.0,0.0,0.0,True
34ec2934994b67f184ff6080b705225b4e63d7c8a6a89d38cad29b9ce896285e,eigencam,train_ham_test_isic,train_ham_test_isic_hdbmie_r128_20260521_191857,ISIC_0027397,128,adaptive_repair,False,/content/drive/MyDrive/Dissertation/edi_exports/heatmaps/eigencam/train_ham_test_isic_baseline_r128_20260521_223809/ISIC_0027397_eigencam_heatmap.npy,/content/drive/MyDrive/Dissertation/edi_exports/heatmaps/eigencam/train_ham_test_isic_hdbmie_r128_20260521_191857/ISIC_0027397_eigencam_heatmap.npy,calculated,False,False,False,0.99639475290646,,0.9673254638910294,,0.0172385798278703,,isic_0027397,train_ham_test_isic_baseline_r128_20260521_223809,0.99639475290646,0.9673254638910294,0.0172385798278703,0.0,0.0,0.0,True
892913962927fd645bdfc7bce19e75975deaeab455c7d85a839896e3b188bd22,eigencam,train_ham_test_isic,train_ham_test_isic_hdbmie_r128_20260521_191857,ISIC_0070105,128,adaptive_repair,False,/content/drive/MyDrive/Dissertation/edi_exports/heatmaps/eigencam/train_ham_test_isic_baseline_r128_20260521_223809/ISIC_0070105_eigencam_heatmap.npy,/content/drive/MyDrive/Dissertation/edi_exports/heatmaps/eigencam/train_ham_test_isic_hdbmie_r128_20260521_191857/ISIC_0070105_eigencam_heatmap.npy,calculated,False,False,False,0.9995414450579816,,0.9985432773828506,,0.0008430000440793,,isic_0070105,train_ham_test_isic_baseline_r128_20260521_223809,0.9995414450579816,0.9985432773828506,0.0008430000440793,0.0,0.0,0.0,True
14f2f96fd79e64de28bc673c33d98674deb2cf71ed2d22c2b5f46b2966bd19fa,eigencam,train_ham_test_isic,train_ham_test_isic_hdbmie_r128_20260521_191857,ISIC_0028847,128,adaptive_repair,False,/content/drive/MyDrive/Dissertation/edi_exports/heatmaps/eigencam/train_ham_test_isic_baseline_r128_20260521_223809/ISIC_0028847_eigencam_heatmap.npy,/content/drive/MyDrive/Dissertation/edi_exports/heatmaps/eigencam/train_ham_test_isic_hdbmie_r128_20260521_191857/ISIC_0028847_eigencam_heatmap.npy,calculated,False,False,False,0.9989747907477172,,0.99790458381176,,0.0013040104071906,,isic_0028847,train_ham_test_isic_baseline_r128_20260521_223809,0.9989747907477172,0.99790458381176,0.0013040104071906,0.0,0.0,0.0,True
7662aa1cca5c2355dea9b85a207facc77e838c88fe116009c38818038fb39444,eigencam,train_ham_test_isic,train_ham_test_isic_hdbmie_r128_20260521_191857,ISIC_0068414,128,adaptive_repair,False,/content/drive/MyDrive/Dissertation/edi_exports/heatmaps/eigencam/train_ham_test_isic_baseline_r128_20260521_223809/ISIC_0068414_eigencam_heatmap.npy,/content/drive/MyDrive/Dissertation/edi_exports/heatmaps/eigencam/train_ham_test_isic_hdbmie_r128_20260521_191857/ISIC_0068414_eigencam_heatmap.npy,calculated,False,False,False,0.99918694228496,,0.998388022184372,,0.001009253336574,,isic_0068414,train_ham_test_isic_baseline_r128_20260521_223809,0.99918694228496,0.998388022184372,0.001009253336574,0.0,0.0,0.0,True
c577f4ad55d17e17d8255846282d00dd6c0dd3062ef247b320ecf16b81087216,eigencam,train_ham_test_isic,train_ham_test_isic_hdbmie_r128_20260521_191857,ISIC_0032425,128,adaptive_repair,False,/content/drive/MyDrive/Dissertation/edi_exports/heatmaps/eigencam/train_ham_test_isic_baseline_r128_20260521_223809/ISIC_0032425_eigencam_heatmap.npy,/content/drive/MyDrive/Dissertation/edi_exports/heatmaps/eigencam/train_ham_test_isic_hdbmie_r128_20260521_191857/ISIC_0032425_eigencam_heatmap.npy,calculated,False,False,False,0.9990355132016714,,0.9990434050559998,,0.0007194191715822,,isic_0032425,train_ham_test_isic_baseline_r128_20260521_223809,0.9990355132016714,0.9990434050559998,0.0007194191715822,0.0,0.0,0.0,True
25cbfbd93b19c93d701daf858b0cc705c87d3b06bcfe92f07072a0e1b47e8026,eigencam,train_ham_test_isic,train_ham_test_isic_hdbmie_r128_20260521_191857,ISIC_0031535,128,adaptive_repair,False,/content/drive/MyDrive/Dissertation/edi_exports/heatmaps/eigencam/train_ham_test_isic_baseline_r128_20260521_223809/ISIC_0031535_eigencam_heatmap.npy,/content/drive/MyDrive/Dissertation/edi_exports/heatmaps/eigencam/train_ham_test_isic_hdbmie_r128_20260521_191857/ISIC_0031535_eigencam_heatmap.npy,calculated,False,False,False,0.9973675827188015,,0.9489852041006088,,0.0261655022699952,,isic_0031535,train_ham_test_isic_baseline_r128_20260521_223809,0.9973675827188015,0.9489852041006088,0.0261655022699952,0.0,0.0,0.0,True
b5420987d7e284d850c08f24d401c7b9c09ec3ab1c8d5ff036a6986f300296fa,eigencam,train_ham_test_isic,train_ham_test_isic_hdbmie_r128_20260521_191857,ISIC_0027102,128,adaptive_repair,False,/content/drive/MyDrive/Dissertation/edi_exports/heatmaps/eigencam/train_ham_test_isic_baseline_r128_20260521_223809/ISIC_0027102_eigencam_heatmap.npy,/content/drive/MyDrive/Dissertation/edi_exports/heatmaps/eigencam/train_ham_test_isic_hdbmie_r128_20260521_191857/ISIC_0027102_eigencam_heatmap.npy,calculated,False,False,False,0.9983152400882076,,0.9964918792247772,,0.0021752503655594,,isic_0027102,train_ham_test_isic_baseline_r128_20260521_223809,0.9983152400882076,0.9964918792247772,0.0021752503655594,0.0,0.0,0.0,True
4f7057b01809fc6ccb2ffe3fff2fd5f4fccee817e02fa2fb888929fa26fe067c,eigencam,train_ham_test_isic,train_ham_test_isic_hdbmie_r128_20260521_191857,ISIC_0061194,128,adaptive_repair,False,/content/drive/MyDrive/Dissertation/edi_exports/heatmaps/eigencam/train_ham_test_isic_baseline_r128_20260521_223809/ISIC_0061194_eigencam_heatmap.npy,/content/drive/MyDrive/Dissertation/edi_exports/heatmaps/eigencam/train_ham_test_isic_hdbmie_r128_20260521_191857/ISIC_0061194_eigencam_heatmap.npy,calculated,False,False,False,0.9993889673255276,,0.9955261647701265,,0.0023896757835549,,isic_0061194,train_ham_test_isic_baseline_r128_20260521_223809,0.9993889673255276,0.9955261647701265,0.0023896757835549,0.0,0.0,0.0,True
25efc8813363892de1d1e58daed5794849f375f8ca10797229da62702ef50dc8,eigencam,train_ham_test_isic,train_ham_test_isic_hdbmie_r128_20260521_191857,ISIC_0058285,128,adaptive_repair,False,/content/drive/MyDrive/Dissertation/edi_exports/heatmaps/eigencam/train_ham_test_isic_baseline_r128_20260521_223809/ISIC_0058285_eigencam_heatmap.npy,/content/drive/MyDrive/Dissertation/edi_exports/heatmaps/eigencam/train_ham_test_isic_hdbmie_r128_20260521_191857/ISIC_0058285_eigencam_heatmap.npy,calculated,False,False,False,0.9990677631402048,,0.9982341825962068,,0.0011159679168454,,isic_0058285,train_ham_test_isic_baseline_r128_20260521_223809,0.9990677631402048,0.9982341825962068,0.0011159679168454,0.0,0.0,0.0,True
2d46014c6facd8e8c6ea9af354d9668bdc57789df3d0919b9f6403caa62a5180,eigencam,train_ham_test_isic,train_ham_test_isic_hdbmie_r128_20260521_191857,ISIC_0028508,128,adaptive_repair,False,/content/drive/MyDrive/Dissertation/edi_exports/heatmaps/eigencam/train_ham_test_isic_baseline_r128_20260521_223809/ISIC_0028508_eigencam_heatmap.npy,/content/drive/MyDrive/Dissertation/edi_exports/heatmaps/eigencam/train_ham_test_isic_hdbmie_r128_20260521_191857/ISIC_0028508_eigencam_heatmap.npy,calculated,False,False,False,0.9995661152044876,,0.9990258067846298,,0.0005955678065632,,isic_0028508,train_ham_test_isic_baseline_r128_20260521_223809,0.9995661152044876,0.9990258067846298,0.0005955678065632,0.0,0.0,0.0,True
9937ad3c5210d6f20df846013df33948af2b1a7e26fd2a2de6f78c9c8e11c9ff,eigencam,train_ham_test_isic,train_ham_test_isic_hdbmie_r128_20260521_191857,ISIC_0032063,128,adaptive_repair,False,/content/drive/MyDrive/Dissertation/edi_exports/heatmaps/eigencam/train_ham_test_isic_baseline_r128_20260521_223809/ISIC_0032063_eigencam_heatmap.npy,/content/drive/MyDrive/Dissertation/edi_exports/heatmaps/eigencam/train_ham_test_isic_hdbmie_r128_20260521_191857/ISIC_0032063_eigencam_heatmap.npy,calculated,False,False,False,0.9960338944506696,,0.99696783721447,,0.0025076077800976,,isic_0032063,train_ham_test_isic_baseline_r128_20260521_223809,0.9960338944506696,0.99696783721447,0.0025076077800976,0.0,0.0,0.0,True
d72e1ecaacd2e770f78d5c71772b1887d0645ac5fce8a148b4a4054622aad977,eigencam,train_ham_test_isic,train_ham_test_isic_hdbmie_r128_20260521_191857,ISIC_0067055,128,adaptive_repair,False,/content/drive/MyDrive/Dissertation/edi_exports/heatmaps/eigencam/train_ham_test_isic_baseline_r128_20260521_223809/ISIC_0067055_eigencam_heatmap.npy,/content/drive/MyDrive/Dissertation/edi_exports/heatmaps/eigencam/train_ham_test_isic_hdbmie_r128_20260521_191857/ISIC_0067055_eigencam_heatmap.npy,calculated,False,False,False,0.9987335320639492,,0.9950372874736786,,0.0027979732471733,,isic_0067055,train_ham_test_isic_baseline_r128_20260521_223809,0.9987335320639492,0.9950372874736786,0.0027979732471733,0.0,0.0,0.0,True
fd8f5c214ab333915f125f20702a61045c652068e103bd1719e497385ee6ef91,eigencam,train_ham_test_isic,train_ham_test_isic_hdbmie_r128_20260521_191857,ISIC_0027282,128,adaptive_repair,False,/content/drive/MyDrive/Dissertation/edi_exports/heatmaps/eigencam/train_ham_test_isic_baseline_r128_20260521_223809/ISIC_0027282_eigencam_heatmap.npy,/content/drive/MyDrive/Dissertation/edi_exports/heatmaps/eigencam/train_ham_test_isic_hdbmie_r128_20260521_191857/ISIC_0027282_eigencam_heatmap.npy,calculated,False,False,False,0.9978879647895664,,0.9754384011030196,,0.0128088082510985,,isic_0027282,train_ham_test_isic_baseline_r128_20260521_223809,0.9978879647895664,0.9754384011030196,0.0128088082510985,0.0,0.0,0.0,True
c52dd32965d4fccd91b8a960c3f7f36b0b68c687fd1595804a2035a39b7012ed,eigencam,train_ham_test_isic,train_ham_test_isic_hdbmie_r128_20260521_191857,ISIC_0068248,128,adaptive_repair,False,/content/drive/MyDrive/Dissertation/edi_exports/heatmaps/eigencam/train_ham_test_isic_baseline_r128_20260521_223809/ISIC_0068248_eigencam_heatmap.npy,/content/drive/MyDrive/Dissertation/edi_exports/heatmaps/eigencam/train_ham_test_isic_hdbmie_r128_20260521_191857/ISIC_0068248_eigencam_heatmap.npy,calculated,False,False,False,0.9971307611173104,,0.9932578951120375,,0.0040883621646535,,isic_0068248,train_ham_test_isic_baseline_r128_20260521_223809,0.9971307611173104,0.9932578951120375,0.0040883621646535,0.0,0.0,0.0,True
31cbb12bbbd16e6b990fc73b405b66dc87034b6f10e12ef42b4b0a287980e1d5,eigencam,train_ham_test_isic,train_ham_test_isic_hdbmie_r128_20260521_191857,ISIC_0058003,128,adaptive_repair,False,/content/drive/MyDrive/Dissertation/edi_exports/heatmaps/eigencam/train_ham_test_isic_baseline_r128_20260521_223809/ISIC_0058003_eigencam_heatmap.npy,/content/drive/MyDrive/Dissertation/edi_exports/heatmaps/eigencam/train_ham_test_isic_hdbmie_r128_20260521_191857/ISIC_0058003_eigencam_heatmap.npy,calculated,False,False,False,0.9646436189542644,,0.79008599370718,,0.1137960984078438,,isic_0058003,train_ham_test_isic_baseline_r128_20260521_223809,0.9646436189542644,0.79008599370718,0.1137960984078438,0.0,0.0,0.0,True
4ec6bd9f39061b1cb47dd03c71d5c4f96c0d323178352109356a4edf0fa891ce,eigencam,train_ham_test_isic,train_ham_test_isic_hdbmie_r128_20260521_191857,ISIC_0010490,128,adaptive_repair,False,/content/drive/MyDrive/Dissertation/edi_exports/heatmaps/eigencam/train_ham_test_isic_baseline_r128_20260521_223809/ISIC_0010490_eigencam_heatmap.npy,/content/drive/MyDrive/Dissertation/edi_exports/heatmaps/eigencam/train_ham_test_isic_hdbmie_r128_20260521_191857/ISIC_0010490_eigencam_heatmap.npy,calculated,False,False,False,0.99891060334661,,0.9944831281900406,,0.0030307850683272,,isic_0010490,train_ham_test_isic_baseline_r128_20260521_223809,0.99891060334661,0.9944831281900406,0.0030307850683272,0.0,0.0,0.0,True
1e8f4d36d1ab01849afefe081fb94312394f6086ebcd5f8068c72eb9cadd28e2,eigencam,train_ham_test_isic,train_ham_test_isic_hdbmie_r128_20260521_191857,ISIC_0033153,128,adaptive_repair,False,/content/drive/MyDrive/Dissertation/edi_exports/heatmaps/eigencam/train_ham_test_isic_baseline_r128_20260521_223809/ISIC_0033153_eigencam_heatmap.npy,/content/drive/MyDrive/Dissertation/edi_exports/heatmaps/eigencam/train_ham_test_isic_hdbmie_r128_20260521_191857/ISIC_0033153_eigencam_heatmap.npy,calculated,False,False,False,0.97435842124213,,0.8609084337949753,,0.0759561777919798,,isic_0033153,train_ham_test_isic_baseline_r128_20260521_223809,0.97435842124213,0.8609084337949753,0.0759561777919798,0.0,0.0,0.0,True
aad0baac1d4f4ba97b12a9a5d30c150b5c9f25c8f6e1e07c23f092bae41f2868,eigencam,train_ham_test_isic,train_ham_test_isic_hdbmie_r128_20260521_191857,ISIC_0073194,128,adaptive_repair,False,/content/drive/MyDrive/Dissertation/edi_exports/heatmaps/eigencam/train_ham_test_isic_baseline_r128_20260521_223809/ISIC_0073194_eigencam_heatmap.npy,/content/drive/MyDrive/Dissertation/edi_exports/heatmaps/eigencam/train_ham_test_isic_hdbmie_r128_20260521_191857/ISIC_0073194_eigencam_heatmap.npy,calculated,False,False,False,0.9999165194077784,,0.9997332096099854,,0.0001542653430627,,isic_0073194,train_ham_test_isic_baseline_r128_20260521_223809,0.9999165194077784,0.9997332096099854,0.0001542653430627,0.0,0.0,0.0,True
7a1842348dbd22b090eefa6e85e6bf595789454b1f64b7cdc0a01f5fc7254361,eigencam,train_ham_test_isic,train_ham_test_isic_hdbmie_r128_20260521_191857,ISIC_0028273,128,adaptive_repair,False,/content/drive/MyDrive/Dissertation/edi_exports/heatmaps/eigencam/train_ham_test_isic_baseline_r128_20260521_223809/ISIC_0028273_eigencam_heatmap.npy,/content/drive/MyDrive/Dissertation/edi_exports/heatmaps/eigencam/train_ham_test_isic_hdbmie_r128_20260521_191857/ISIC_0028273_eigencam_heatmap.npy,calculated,False,False,False,0.99933629818552,,0.9988187700510024,,0.0007565404281187,,isic_0028273,train_ham_test_isic_baseline_r128_20260521_223809,0.99933629818552,0.9988187700510024,0.0007565404281187,0.0,0.0,0.0,True
e1da8c381388c5981fb7056a22500c74f9a6a9140f41640c6d10863317ddf97f,eigencam,train_ham_test_isic,train_ham_test_isic_hdbmie_r128_20260521_191857,ISIC_0068778,128,adaptive_repair,False,/content/drive/MyDrive/Dissertation/edi_exports/heatmaps/eigencam/train_ham_test_isic_baseline_r128_20260521_223809/ISIC_0068778_eigencam_heatmap.npy,/content/drive/MyDrive/Dissertation/edi_exports/heatmaps/eigencam/train_ham_test_isic_hdbmie_r128_20260521_191857/ISIC_0068778_eigencam_heatmap.npy,calculated,False,False,False,0.9981128048252452,,0.9518602639436722,,0.0245416668218526,,isic_0068778,train_ham_test_isic_baseline_r128_20260521_223809,0.9981128048252452,0.9518602639436722,0.0245416668218526,0.0,0.0,0.0,True
40397fdf284aa74d489533b901e8c4cca090ed0818c81f39fc82c639c499f0fd,eigencam,train_ham_test_isic,train_ham_test_isic_hdbmie_r128_20260521_191857,ISIC_0033654,128,adaptive_repair,False,/content/drive/MyDrive/Dissertation/edi_exports/heatmaps/eigencam/train_ham_test_isic_baseline_r128_20260521_223809/ISIC_0033654_eigencam_heatmap.npy,/content/drive/MyDrive/Dissertation/edi_exports/heatmaps/eigencam/train_ham_test_isic_hdbmie_r128_20260521_191857/ISIC_0033654_eigencam_heatmap.npy,calculated,False,False,False,0.9994118826695324,,0.9991669952869416,,0.0005635316891461,,isic_0033654,train_ham_test_isic_baseline_r128_20260521_223809,0.9994118826695324,0.9991669952869416,0.0005635316891461,0.0,0.0,0.0,True
41964bbbb471cd185415e83fc0ca9106735b2c6c593308ed6d06cbb08ee7ce1e,eigencam,train_ham_test_isic,train_ham_test_isic_hdbmie_r128_20260521_191857,ISIC_0028226,128,adaptive_repair,False,/content/drive/MyDrive/Dissertation/edi_exports/heatmaps/eigencam/train_ham_test_isic_baseline_r128_20260521_223809/ISIC_0028226_eigencam_heatmap.npy,/content/drive/MyDrive/Dissertation/edi_exports/heatmaps/eigencam/train_ham_test_isic_hdbmie_r128_20260521_191857/ISIC_0028226_eigencam_heatmap.npy,calculated,False,False,False,0.9975625463442146,,0.9960886240005492,,0.0025650514136716,,isic_0028226,train_ham_test_isic_baseline_r128_20260521_223809,0.9975625463442146,0.9960886240005492,0.0025650514136716,0.0,0.0,0.0,True
fb22142ae455ed36c5e51ba14e40fad2b493b466daeb4f4cc8fd7a2d9aeb599d,eigencam,train_ham_test_isic,train_ham_test_isic_hdbmie_r128_20260521_191857,ISIC_0054787,128,adaptive_repair,False,/content/drive/MyDrive/Dissertation/edi_exports/heatmaps/eigencam/train_ham_test_isic_baseline_r128_20260521_223809/ISIC_0054787_eigencam_heatmap.npy,/content/drive/MyDrive/Dissertation/edi_exports/heatmaps/eigencam/train_ham_test_isic_hdbmie_r128_20260521_191857/ISIC_0054787_eigencam_heatmap.npy,calculated,False,False,False,0.998385368119322,,0.977462276816368,,0.0116725195619854,,isic_0054787,train_ham_test_isic_baseline_r128_20260521_223809,0.998385368119322,0.977462276816368,0.0116725195619854,0.0,0.0,0.0,True
7a10d2cb66e1a89484de9e7d0a1b795267e2f2e4cd17c6dd4dde9f49d9ed8d75,eigencam,train_ham_test_isic,train_ham_test_isic_hdbmie_r128_20260521_191857,ISIC_0059680,128,adaptive_repair,False,/content/drive/MyDrive/Dissertation/edi_exports/heatmaps/eigencam/train_ham_test_isic_baseline_r128_20260521_223809/ISIC_0059680_eigencam_heatmap.npy,/content/drive/MyDrive/Dissertation/edi_exports/heatmaps/eigencam/train_ham_test_isic_hdbmie_r128_20260521_191857/ISIC_0059680_eigencam_heatmap.npy,calculated,False,False,False,0.9993878656562112,,0.995734453201294,,0.0022858069853002,,isic_0059680,train_ham_test_isic_baseline_r128_20260521_223809,0.9993878656562112,0.995734453201294,0.0022858069853002,0.0,0.0,0.0,True
2e62819f6cee7a600b200d3db174b9a5f71c1587ce6aafcab3cbccac266f8518,eigencam,train_ham_test_isic,train_ham_test_isic_navier_stokes_r128_20260521_180830,ISIC_0027358,128,adaptive_repair,False,/content/drive/MyDrive/Dissertation/edi_exports/heatmaps/eigencam/train_ham_test_isic_baseline_r128_20260521_223809/ISIC_0027358_eigencam_heatmap.npy,/content/drive/MyDrive/Dissertation/edi_exports/heatmaps/eigencam/train_ham_test_isic_navier_stokes_r128_20260521_180830/ISIC_0027358_eigencam_heatmap.npy,calculated,False,False,False,0.9983275143445725,,0.984333962202072,,0.0082511403128208,,isic_0027358,train_ham_test_isic_baseline_r128_20260521_223809,0.9983275143445725,0.984333962202072,0.0082511403128208,0.0,0.0,0.0,True
474d7fc84b53d0743d36191c127623c26cecce43aacb7c6d7d8e9a9cd52dbda3,eigencam,train_ham_test_isic,train_ham_test_isic_navier_stokes_r128_20260521_180830,ISIC_0030752,128,adaptive_repair,False,/content/drive/MyDrive/Dissertation/edi_exports/heatmaps/eigencam/train_ham_test_isic_baseline_r128_20260521_223809/ISIC_0030752_eigencam_heatmap.npy,/content/drive/MyDrive/Dissertation/edi_exports/heatmaps/eigencam/train_ham_test_isic_navier_stokes_r128_20260521_180830/ISIC_0030752_eigencam_heatmap.npy,calculated,False,False,False,0.9972503055648776,,0.9894448816776276,,0.0059649827699668,,isic_0030752,train_ham_test_isic_baseline_r128_20260521_223809,0.9972503055648776,0.9894448816776276,0.0059649827699668,0.0,0.0,0.0,True
60e35ad24a0e50ddf2b5e88de0c2033640f0324b65e1d0ea898b5be9d41086ca,eigencam,train_ham_test_isic,train_ham_test_isic_navier_stokes_r128_20260521_180830,ISIC_0029786,128,adaptive_repair,False,/content/drive/MyDrive/Dissertation/edi_exports/heatmaps/eigencam/train_ham_test_isic_baseline_r128_20260521_223809/ISIC_0029786_eigencam_heatmap.npy,/content/drive/MyDrive/Dissertation/edi_exports/heatmaps/eigencam/train_ham_test_isic_navier_stokes_r128_20260521_180830/ISIC_0029786_eigencam_heatmap.npy,calculated,False,False,False,0.9995227964565456,,0.9976463913917542,,0.0012961051899865,,isic_0029786,train_ham_test_isic_baseline_r128_20260521_223809,0.9995227964565456,0.9976463913917542,0.0012961051899865,0.0,0.0,0.0,True
019d31868d1e321e604462372318348933cb2554c7dad4ff353bee5efd0adb72,eigencam,train_ham_test_isic,train_ham_test_isic_navier_stokes_r128_20260521_180830,ISIC_0026652,128,adaptive_repair,False,/content/drive/MyDrive/Dissertation/edi_exports/heatmaps/eigencam/train_ham_test_isic_baseline_r128_20260521_223809/ISIC_0026652_eigencam_heatmap.npy,/content/drive/MyDrive/Dissertation/edi_exports/heatmaps/eigencam/train_ham_test_isic_navier_stokes_r128_20260521_180830/ISIC_0026652_eigencam_heatmap.npy,calculated,False,False,False,0.999515038833997,,0.9990746229887008,,0.0005839287971503,,isic_0026652,train_ham_test_isic_baseline_r128_20260521_223809,0.999515038833997,0.9990746229887008,0.0005839287971503,0.0,0.0,0.0,True
16725d3d4f05ae7d332be390358561fbfa995a90541f642d73c85621286e7ec7,eigencam,train_ham_test_isic,train_ham_test_isic_navier_stokes_r128_20260521_180830,ISIC_0032833,128,adaptive_repair,False,/content/drive/MyDrive/Dissertation/edi_exports/heatmaps/eigencam/train_ham_test_isic_baseline_r128_20260521_223809/ISIC_0032833_eigencam_heatmap.npy,/content/drive/MyDrive/Dissertation/edi_exports/heatmaps/eigencam/train_ham_test_isic_navier_stokes_r128_20260521_180830/ISIC_0032833_eigencam_heatmap.npy,calculated,False,False,False,0.9987254343162072,,0.9975623041391372,,0.0015374893513795,,isic_0032833,train_ham_test_isic_baseline_r128_20260521_223809,0.9987254343162072,0.9975623041391372,0.0015374893513795,0.0,0.0,0.0,True
0250efd7a923b78f71641bf74323bf0d4f7587080e3d11fe26242f9b3c798254,eigencam,train_ham_test_isic,train_ham_test_isic_navier_stokes_r128_20260521_180830,ISIC_0031445,128,adaptive_repair,False,/content/drive/MyDrive/Dissertation/edi_exports/heatmaps/eigencam/train_ham_test_isic_baseline_r128_20260521_223809/ISIC_0031445_eigencam_heatmap.npy,/content/drive/MyDrive/Dissertation/edi_exports/heatmaps/eigencam/train_ham_test_isic_navier_stokes_r128_20260521_180830/ISIC_0031445_eigencam_heatmap.npy,calculated,False,False,False,0.992927763331534,,0.9645801186561584,,0.0194779998390373,,isic_0031445,train_ham_test_isic_baseline_r128_20260521_223809,0.992927763331534,0.9645801186561584,0.0194779998390373,0.0,0.0,0.0,True
c2a97e72b0471830b5c3e289100e502b4b01cc33f10cc02a930048dff1fc3d2f,eigencam,train_ham_test_isic,train_ham_test_isic_navier_stokes_r128_20260521_180830,ISIC_0063544,128,adaptive_repair,False,/content/drive/MyDrive/Dissertation/edi_exports/heatmaps/eigencam/train_ham_test_isic_baseline_r128_20260521_223809/ISIC_0063544_eigencam_heatmap.npy,/content/drive/MyDrive/Dissertation/edi_exports/heatmaps/eigencam/train_ham_test_isic_navier_stokes_r128_20260521_180830/ISIC_0063544_eigencam_heatmap.npy,calculated,False,False,False,0.9984624170533624,,0.995188757777214,,0.0027900168480524,,isic_0063544,train_ham_test_isic_baseline_r128_20260521_223809,0.9984624170533624,0.995188757777214,0.0027900168480524,0.0,0.0,0.0,True
ddad69360732e2e6d1278e52fd3a80640a0ce037e9213315c408c234a3b19a4a,eigencam,train_ham_test_isic,train_ham_test_isic_navier_stokes_r128_20260521_180830,ISIC_0053615,128,adaptive_repair,False,/content/drive/MyDrive/Dissertation/edi_exports/heatmaps/eigencam/train_ham_test_isic_baseline_r128_20260521_223809/ISIC_0053615_eigencam_heatmap.npy,/content/drive/MyDrive/Dissertation/edi_exports/heatmaps/eigencam/train_ham_test_isic_navier_stokes_r128_20260521_180830/ISIC_0053615_eigencam_heatmap.npy,calculated,False,False,False,0.9980112083585108,,0.9900673180818558,,0.0054635388694443,,isic_0053615,train_ham_test_isic_baseline_r128_20260521_223809,0.9980112083585108,0.9900673180818558,0.0054635388694443,0.0,0.0,0.0,True
ee4d7dacc2e2d6260b0551f8229dd1dda17ff98c0769baeb8f5e03b846baaccd,eigencam,train_ham_test_isic,train_ham_test_isic_navier_stokes_r128_20260521_180830,ISIC_0067519,128,adaptive_repair,False,/content/drive/MyDrive/Dissertation/edi_exports/heatmaps/eigencam/train_ham_test_isic_baseline_r128_20260521_223809/ISIC_0067519_eigencam_heatmap.npy,/content/drive/MyDrive/Dissertation/edi_exports/heatmaps/eigencam/train_ham_test_isic_navier_stokes_r128_20260521_180830/ISIC_0067519_eigencam_heatmap.npy,calculated,False,False,False,0.996966692276215,,0.7920655459165573,,0.1047255539726675,,isic_0067519,train_ham_test_isic_baseline_r128_20260521_223809,0.996966692276215,0.7920655459165573,0.1047255539726675,0.0,0.0,0.0,True
5198233ea9ef2919f7e3e8b695b712ab92a3918a0508be85225b2ac712e89083,eigencam,train_ham_test_isic,train_ham_test_isic_navier_stokes_r128_20260521_180830,ISIC_0030653,128,adaptive_repair,False,/content/drive/MyDrive/Dissertation/edi_exports/heatmaps/eigencam/train_ham_test_isic_baseline_r128_20260521_223809/ISIC_0030653_eigencam_heatmap.npy,/content/drive/MyDrive/Dissertation/edi_exports/heatmaps/eigencam/train_ham_test_isic_navier_stokes_r128_20260521_180830/ISIC_0030653_eigencam_heatmap.npy,calculated,False,False,False,0.997837051879261,,0.9979370683431624,,0.0015722028586034,,isic_0030653,train_ham_test_isic_baseline_r128_20260521_223809,0.997837051879261,0.9979370683431624,0.0015722028586034,0.0,0.0,0.0,True
620964c48dedaf60f84dd00beabaf303a256eb956c1678180e971dbd2e03185b,eigencam,train_ham_test_isic,train_ham_test_isic_navier_stokes_r128_20260521_180830,ISIC_0064161,128,adaptive_repair,False,/content/drive/MyDrive/Dissertation/edi_exports/heatmaps/eigencam/train_ham_test_isic_baseline_r128_20260521_223809/ISIC_0064161_eigencam_heatmap.npy,/content/drive/MyDrive/Dissertation/edi_exports/heatmaps/eigencam/train_ham_test_isic_navier_stokes_r128_20260521_180830/ISIC_0064161_eigencam_heatmap.npy,calculated,False,False,False,0.9948919911087918,,0.9763863533735276,,0.0130838255360382,,isic_0064161,train_ham_test_isic_baseline_r128_20260521_223809,0.9948919911087918,0.9763863533735276,0.0130838255360382,0.0,0.0,0.0,True
f56af4d892cf044baa6c96c2b7cd9eadb6f30eb64c2b48b63a234880b9e97009,eigencam,train_ham_test_isic,train_ham_test_isic_navier_stokes_r128_20260521_180830,ISIC_0031005,128,adaptive_repair,False,/content/drive/MyDrive/Dissertation/edi_exports/heatmaps/eigencam/train_ham_test_isic_baseline_r128_20260521_223809/ISIC_0031005_eigencam_heatmap.npy,/content/drive/MyDrive/Dissertation/edi_exports/heatmaps/eigencam/train_ham_test_isic_navier_stokes_r128_20260521_180830/ISIC_0031005_eigencam_heatmap.npy,calculated,False,False,False,0.9981796295165996,,0.9945503622293472,,0.0031799115061764,,isic_0031005,train_ham_test_isic_baseline_r128_20260521_223809,0.9981796295165996,0.9945503622293472,0.0031799115061764,0.0,0.0,0.0,True
82756d9f2e9b15ea5a42407bbddf2a0f794d5af9c320bb4c11ead6e635dfc841,eigencam,train_ham_test_isic,train_ham_test_isic_navier_stokes_r128_20260521_180830,ISIC_0028490,128,adaptive_repair,False,/content/drive/MyDrive/Dissertation/edi_exports/heatmaps/eigencam/train_ham_test_isic_baseline_r128_20260521_223809/ISIC_0028490_eigencam_heatmap.npy,/content/drive/MyDrive/Dissertation/edi_exports/heatmaps/eigencam/train_ham_test_isic_navier_stokes_r128_20260521_180830/ISIC_0028490_eigencam_heatmap.npy,calculated,False,False,False,0.9987866448912658,,0.9967176467180252,,0.0019445154181709,,isic_0028490,train_ham_test_isic_baseline_r128_20260521_223809,0.9987866448912658,0.9967176467180252,0.0019445154181709,0.0,0.0,0.0,True
aaa73b5c7f8634db8ab1f316ae5e82a78a5eedec0071e9b7eb406e0533ab6ea7,eigencam,train_ham_test_isic,train_ham_test_isic_navier_stokes_r128_20260521_180830,ISIC_0027712,128,adaptive_repair,False,/content/drive/MyDrive/Dissertation/edi_exports/heatmaps/eigencam/train_ham_test_isic_baseline_r128_20260521_223809/ISIC_0027712_eigencam_heatmap.npy,/content/drive/MyDrive/Dissertation/edi_exports/heatmaps/eigencam/train_ham_test_isic_navier_stokes_r128_20260521_180830/ISIC_0027712_eigencam_heatmap.npy,calculated,False,False,False,0.9994615477347664,,0.997500106692314,,0.0013845597201513,,isic_0027712,train_ham_test_isic_baseline_r128_20260521_223809,0.9994615477347664,0.997500106692314,0.0013845597201513,0.0,0.0,0.0,True
073ecfaf634b0d65ff1f29d5f669c820ccc0d77b0ec76ae4a35bb1a419fdf2e9,eigencam,train_ham_test_isic,train_ham_test_isic_navier_stokes_r128_20260521_180830,ISIC_0015232_DOWNSAMPLED,128,adaptive_repair,False,/content/drive/MyDrive/Dissertation/edi_exports/heatmaps/eigencam/train_ham_test_isic_baseline_r128_20260521_223809/ISIC_0015232_downsampled_eigencam_heatmap.npy,/content/drive/MyDrive/Dissertation/edi_exports/heatmaps/eigencam/train_ham_test_isic_navier_stokes_r128_20260521_180830/ISIC_0015232_downsampled_eigencam_heatmap.npy,calculated,False,False,False,0.9940278389288184,,0.984604313969612,,0.0091908832829893,,isic_0015232_downsampled,train_ham_test_isic_baseline_r128_20260521_223809,0.9940278389288184,0.984604313969612,0.0091908832829893,0.0,0.0,0.0,True
536748944b1aacf54009eeda98b052d744e5c7bcbb6f0f3c0d57b8d898a08edd,eigencam,train_ham_test_isic,train_ham_test_isic_navier_stokes_r128_20260521_180830,ISIC_0031745,128,adaptive_repair,False,/content/drive/MyDrive/Dissertation/edi_exports/heatmaps/eigencam/train_ham_test_isic_baseline_r128_20260521_223809/ISIC_0031745_eigencam_heatmap.npy,/content/drive/MyDrive/Dissertation/edi_exports/heatmaps/eigencam/train_ham_test_isic_navier_stokes_r128_20260521_180830/ISIC_0031745_eigencam_heatmap.npy,calculated,False,False,False,0.9988431502427249,,0.9920586943626404,,0.0042598652579985,,isic_0031745,train_ham_test_isic_baseline_r128_20260521_223809,0.9988431502427249,0.9920586943626404,0.0042598652579985,0.0,0.0,0.0,True
eb2ce1c22e71b63b93bed4910688a62a1dc63113b8c96e225c7bfd751db47983,eigencam,train_ham_test_isic,train_ham_test_isic_navier_stokes_r128_20260521_180830,ISIC_0027397,128,adaptive_repair,False,/content/drive/MyDrive/Dissertation/edi_exports/heatmaps/eigencam/train_ham_test_isic_baseline_r128_20260521_223809/ISIC_0027397_eigencam_heatmap.npy,/content/drive/MyDrive/Dissertation/edi_exports/heatmaps/eigencam/train_ham_test_isic_navier_stokes_r128_20260521_180830/ISIC_0027397_eigencam_heatmap.npy,calculated,False,False,False,0.9973539428069416,,0.9762673228979112,,0.012527852849309,,isic_0027397,train_ham_test_isic_baseline_r128_20260521_223809,0.9973539428069416,0.9762673228979112,0.012527852849309,0.0,0.0,0.0,True
e6d2e762c9ae95d2ed1fe7a9b68b5b8896223198cbba9958d5fb9386e9085557,eigencam,train_ham_test_isic,train_ham_test_isic_navier_stokes_r128_20260521_180830,ISIC_0070105,128,adaptive_repair,False,/content/drive/MyDrive/Dissertation/edi_exports/heatmaps/eigencam/train_ham_test_isic_baseline_r128_20260521_223809/ISIC_0070105_eigencam_heatmap.npy,/content/drive/MyDrive/Dissertation/edi_exports/heatmaps/eigencam/train_ham_test_isic_navier_stokes_r128_20260521_180830/ISIC_0070105_eigencam_heatmap.npy,calculated,False,False,False,0.9991676339649744,,0.998139962553978,,0.0011381102317673,,isic_0070105,train_ham_test_isic_baseline_r128_20260521_223809,0.9991676339649744,0.998139962553978,0.0011381102317673,0.0,0.0,0.0,True
a48595830adc92b0437a95f3b66f7f77cfb2706d4b88ebe10f6d2f300cdba697,eigencam,train_ham_test_isic,train_ham_test_isic_navier_stokes_r128_20260521_180830,ISIC_0028847,128,adaptive_repair,False,/content/drive/MyDrive/Dissertation/edi_exports/heatmaps/eigencam/train_ham_test_isic_baseline_r128_20260521_223809/ISIC_0028847_eigencam_heatmap.npy,/content/drive/MyDrive/Dissertation/edi_exports/heatmaps/eigencam/train_ham_test_isic_navier_stokes_r128_20260521_180830/ISIC_0028847_eigencam_heatmap.npy,calculated,False,False,False,0.9986211044059226,,0.9952212125062944,,0.0027341176453722,,isic_0028847,train_ham_test_isic_baseline_r128_20260521_223809,0.9986211044059226,0.9952212125062944,0.0027341176453722,0.0,0.0,0.0,True
e83e35b66e03c2cd47168a3b16bdddfab53053c7c1a3c85568ee1ce1de25cc45,eigencam,train_ham_test_isic,train_ham_test_isic_navier_stokes_r128_20260521_180830,ISIC_0068414,128,adaptive_repair,False,/content/drive/MyDrive/Dissertation/edi_exports/heatmaps/eigencam/train_ham_test_isic_baseline_r128_20260521_223809/ISIC_0068414_eigencam_heatmap.npy,/content/drive/MyDrive/Dissertation/edi_exports/heatmaps/eigencam/train_ham_test_isic_navier_stokes_r128_20260521_180830/ISIC_0068414_eigencam_heatmap.npy,calculated,False,False,False,0.9981275752740578,,0.9961179792881012,,0.0024091165374349,,isic_0068414,train_ham_test_isic_baseline_r128_20260521_223809,0.9981275752740578,0.9961179792881012,0.0024091165374349,0.0,0.0,0.0,True
dddf29f9f4645a9132c5d024814c075e69cd65560aaaee68a834a247d5b8698c,eigencam,train_ham_test_isic,train_ham_test_isic_navier_stokes_r128_20260521_180830,ISIC_0032425,128,adaptive_repair,False,/content/drive/MyDrive/Dissertation/edi_exports/heatmaps/eigencam/train_ham_test_isic_baseline_r128_20260521_223809/ISIC_0032425_eigencam_heatmap.npy,/content/drive/MyDrive/Dissertation/edi_exports/heatmaps/eigencam/train_ham_test_isic_navier_stokes_r128_20260521_180830/ISIC_0032425_eigencam_heatmap.npy,calculated,False,False,False,0.9993873061653532,,0.999278649687767,,0.0005138486147782,,isic_0032425,train_ham_test_isic_baseline_r128_20260521_223809,0.9993873061653532,0.999278649687767,0.0005138486147782,0.0,0.0,0.0,True
dd450aaf649cdc3a91b7f0dbac6da399f4209e7d8065a6d20e47cf8ef2c19767,eigencam,train_ham_test_isic,train_ham_test_isic_navier_stokes_r128_20260521_180830,ISIC_0031535,128,adaptive_repair,False,/content/drive/MyDrive/Dissertation/edi_exports/heatmaps/eigencam/train_ham_test_isic_baseline_r128_20260521_223809/ISIC_0031535_eigencam_heatmap.npy,/content/drive/MyDrive/Dissertation/edi_exports/heatmaps/eigencam/train_ham_test_isic_navier_stokes_r128_20260521_180830/ISIC_0031535_eigencam_heatmap.npy,calculated,False,False,False,0.9981927946668928,,0.9765024483203888,,0.0122005771730823,,isic_0031535,train_ham_test_isic_baseline_r128_20260521_223809,0.9981927946668928,0.9765024483203888,0.0122005771730823,0.0,0.0,0.0,True
3f203ce07a997653e2d6fbd7f08a26b26dcb33568df0ea5445124815d73212fd,eigencam,train_ham_test_isic,train_ham_test_isic_navier_stokes_r128_20260521_180830,ISIC_0027102,128,adaptive_repair,False,/content/drive/MyDrive/Dissertation/edi_exports/heatmaps/eigencam/train_ham_test_isic_baseline_r128_20260521_223809/ISIC_0027102_eigencam_heatmap.npy,/content/drive/MyDrive/Dissertation/edi_exports/heatmaps/eigencam/train_ham_test_isic_navier_stokes_r128_20260521_180830/ISIC_0027102_eigencam_heatmap.npy,calculated,False,False,False,0.9987509656689576,,0.9977613389492036,,0.0014315891081588,,isic_0027102,train_ham_test_isic_baseline_r128_20260521_223809,0.9987509656689576,0.9977613389492036,0.0014315891081588,0.0,0.0,0.0,True
1c991cf76e02393db682aa7601aa45e9ca715660a60cfe0bad8d62fd9afef90f,eigencam,train_ham_test_isic,train_ham_test_isic_navier_stokes_r128_20260521_180830,ISIC_0061194,128,adaptive_repair,False,/content/drive/MyDrive/Dissertation/edi_exports/heatmaps/eigencam/train_ham_test_isic_baseline_r128_20260521_223809/ISIC_0061194_eigencam_heatmap.npy,/content/drive/MyDrive/Dissertation/edi_exports/heatmaps/eigencam/train_ham_test_isic_navier_stokes_r128_20260521_180830/ISIC_0061194_eigencam_heatmap.npy,calculated,False,False,False,0.999815901391862,,0.9994154423475266,,0.0003383034782712,,isic_0061194,train_ham_test_isic_baseline_r128_20260521_223809,0.999815901391862,0.9994154423475266,0.0003383034782712,0.0,0.0,0.0,True
1562f55c43e98b5a9b9a24b6474da30f680834cd2ec67d28aafc9bf2e14c1781,eigencam,train_ham_test_isic,train_ham_test_isic_navier_stokes_r128_20260521_180830,ISIC_0058285,128,adaptive_repair,False,/content/drive/MyDrive/Dissertation/edi_exports/heatmaps/eigencam/train_ham_test_isic_baseline_r128_20260521_223809/ISIC_0058285_eigencam_heatmap.npy,/content/drive/MyDrive/Dissertation/edi_exports/heatmaps/eigencam/train_ham_test_isic_navier_stokes_r128_20260521_180830/ISIC_0058285_eigencam_heatmap.npy,calculated,False,False,False,0.999338383254916,,0.999533399939537,,0.0003987042165025,,isic_0058285,train_ham_test_isic_baseline_r128_20260521_223809,0.999338383254916,0.999533399939537,0.0003987042165025,0.0,0.0,0.0,True
7a8fc6458ab5338bd51e435b88dab703c5a2f89479bf294f020f568b2d809ec7,eigencam,train_ham_test_isic,train_ham_test_isic_navier_stokes_r128_20260521_180830,ISIC_0028508,128,adaptive_repair,False,/content/drive/MyDrive/Dissertation/edi_exports/heatmaps/eigencam/train_ham_test_isic_baseline_r128_20260521_223809/ISIC_0028508_eigencam_heatmap.npy,/content/drive/MyDrive/Dissertation/edi_exports/heatmaps/eigencam/train_ham_test_isic_navier_stokes_r128_20260521_180830/ISIC_0028508_eigencam_heatmap.npy,calculated,False,False,False,0.9997280176301498,,0.9995211511850356,,0.0003074199999446,,isic_0028508,train_ham_test_isic_baseline_r128_20260521_223809,0.9997280176301498,0.9995211511850356,0.0003074199999446,0.0,0.0,0.0,True
45b5a933979bed82758dfe434b096f6a745e4bbc25f301c4a5e8c6028aa689ae,eigencam,train_ham_test_isic,train_ham_test_isic_navier_stokes_r128_20260521_180830,ISIC_0032063,128,adaptive_repair,False,/content/drive/MyDrive/Dissertation/edi_exports/heatmaps/eigencam/train_ham_test_isic_baseline_r128_20260521_223809/ISIC_0032063_eigencam_heatmap.npy,/content/drive/MyDrive/Dissertation/edi_exports/heatmaps/eigencam/train_ham_test_isic_navier_stokes_r128_20260521_180830/ISIC_0032063_eigencam_heatmap.npy,calculated,False,False,False,0.996718933724208,,0.9937377274036407,,0.0039514028671275,,isic_0032063,train_ham_test_isic_baseline_r128_20260521_223809,0.996718933724208,0.9937377274036407,0.0039514028671275,0.0,0.0,0.0,True
56fcbf2da14ef945eadd3452b430b536985baf14d9926bd97cdafca27d6751bb,eigencam,train_ham_test_isic,train_ham_test_isic_navier_stokes_r128_20260521_180830,ISIC_0067055,128,adaptive_repair,False,/content/drive/MyDrive/Dissertation/edi_exports/heatmaps/eigencam/train_ham_test_isic_baseline_r128_20260521_223809/ISIC_0067055_eigencam_heatmap.npy,/content/drive/MyDrive/Dissertation/edi_exports/heatmaps/eigencam/train_ham_test_isic_navier_stokes_r128_20260521_180830/ISIC_0067055_eigencam_heatmap.npy,calculated,False,False,False,0.9990397046433902,,0.9957496225833892,,0.0023652625474578,,isic_0067055,train_ham_test_isic_baseline_r128_20260521_223809,0.9990397046433902,0.9957496225833892,0.0023652625474578,0.0,0.0,0.0,True
e3c163f074eba39bdb091cf68fa33ad76fd57663f68b747b1df0266bd30dabab,eigencam,train_ham_test_isic,train_ham_test_isic_navier_stokes_r128_20260521_180830,ISIC_0027282,128,adaptive_repair,False,/content/drive/MyDrive/Dissertation/edi_exports/heatmaps/eigencam/train_ham_test_isic_baseline_r128_20260521_223809/ISIC_0027282_eigencam_heatmap.npy,/content/drive/MyDrive/Dissertation/edi_exports/heatmaps/eigencam/train_ham_test_isic_navier_stokes_r128_20260521_180830/ISIC_0027282_eigencam_heatmap.npy,calculated,False,False,False,0.997230824881606,,0.980517327785492,,0.0104336298868525,,isic_0027282,train_ham_test_isic_baseline_r128_20260521_223809,0.997230824881606,0.980517327785492,0.0104336298868525,0.0,0.0,0.0,True
09e909178cb6edae7d4e50c1122f460f4375a2fa61112f60338e2aafae6d8452,eigencam,train_ham_test_isic,train_ham_test_isic_navier_stokes_r128_20260521_180830,ISIC_0068248,128,adaptive_repair,False,/content/drive/MyDrive/Dissertation/edi_exports/heatmaps/eigencam/train_ham_test_isic_baseline_r128_20260521_223809/ISIC_0068248_eigencam_heatmap.npy,/content/drive/MyDrive/Dissertation/edi_exports/heatmaps/eigencam/train_ham_test_isic_navier_stokes_r128_20260521_180830/ISIC_0068248_eigencam_heatmap.npy,calculated,False,False,False,0.9976079603077436,,0.9976044595241548,,0.0017957801609867,,isic_0068248,train_ham_test_isic_baseline_r128_20260521_223809,0.9976079603077436,0.9976044595241548,0.0017957801609867,0.0,0.0,0.0,True
3c8364d62bba403fd6899f708d373b83af35872dfffb1d506a820499905afdc1,eigencam,train_ham_test_isic,train_ham_test_isic_navier_stokes_r128_20260521_180830,ISIC_0058003,128,adaptive_repair,False,/content/drive/MyDrive/Dissertation/edi_exports/heatmaps/eigencam/train_ham_test_isic_baseline_r128_20260521_223809/ISIC_0058003_eigencam_heatmap.npy,/content/drive/MyDrive/Dissertation/edi_exports/heatmaps/eigencam/train_ham_test_isic_navier_stokes_r128_20260521_180830/ISIC_0058003_eigencam_heatmap.npy,calculated,False,False,False,0.995623941244564,,0.94753135740757,,0.0273283359850741,,isic_0058003,train_ham_test_isic_baseline_r128_20260521_223809,0.995623941244564,0.94753135740757,0.0273283359850741,0.0,0.0,0.0,True
46d9ba113aa6a099def2289691e395dcb34547783c73cb18ce84ece02868839d,eigencam,train_ham_test_isic,train_ham_test_isic_navier_stokes_r128_20260521_180830,ISIC_0010490,128,adaptive_repair,False,/content/drive/MyDrive/Dissertation/edi_exports/heatmaps/eigencam/train_ham_test_isic_baseline_r128_20260521_223809/ISIC_0010490_eigencam_heatmap.npy,/content/drive/MyDrive/Dissertation/edi_exports/heatmaps/eigencam/train_ham_test_isic_navier_stokes_r128_20260521_180830/ISIC_0010490_eigencam_heatmap.npy,calculated,False,False,False,0.9989845857321432,,0.9966492801904678,,0.0019292134717302,,isic_0010490,train_ham_test_isic_baseline_r128_20260521_223809,0.9989845857321432,0.9966492801904678,0.0019292134717302,0.0,0.0,0.0,True
562de76074e68af47e6ec225d022cf345425272d0e97bb2d1889800c8470d7a0,eigencam,train_ham_test_isic,train_ham_test_isic_navier_stokes_r128_20260521_180830,ISIC_0033153,128,adaptive_repair,False,/content/drive/MyDrive/Dissertation/edi_exports/heatmaps/eigencam/train_ham_test_isic_baseline_r128_20260521_223809/ISIC_0033153_eigencam_heatmap.npy,/content/drive/MyDrive/Dissertation/edi_exports/heatmaps/eigencam/train_ham_test_isic_navier_stokes_r128_20260521_180830/ISIC_0033153_eigencam_heatmap.npy,calculated,False,False,False,0.990854814644815,,0.9743164479732512,,0.0151280723521706,,isic_0033153,train_ham_test_isic_baseline_r128_20260521_223809,0.990854814644815,0.9743164479732512,0.0151280723521706,0.0,0.0,0.0,True
7fc82282cd21bfb4d93b0da3f696bfd787291b48962fca6cd2f8f036e58a6641,eigencam,train_ham_test_isic,train_ham_test_isic_navier_stokes_r128_20260521_180830,ISIC_0073194,128,adaptive_repair,False,/content/drive/MyDrive/Dissertation/edi_exports/heatmaps/eigencam/train_ham_test_isic_baseline_r128_20260521_223809/ISIC_0073194_eigencam_heatmap.npy,/content/drive/MyDrive/Dissertation/edi_exports/heatmaps/eigencam/train_ham_test_isic_navier_stokes_r128_20260521_180830/ISIC_0073194_eigencam_heatmap.npy,calculated,False,False,False,0.9997917192187348,,0.9995355308055878,,0.0002843047925223,,isic_0073194,train_ham_test_isic_baseline_r128_20260521_223809,0.9997917192187348,0.9995355308055878,0.0002843047925223,0.0,0.0,0.0,True
9479c2237b9320c61112f13154e6d849c1db9259253a3ce4fac47b5c8cf21e83,eigencam,train_ham_test_isic,train_ham_test_isic_navier_stokes_r128_20260521_180830,ISIC_0028273,128,adaptive_repair,False,/content/drive/MyDrive/Dissertation/edi_exports/heatmaps/eigencam/train_ham_test_isic_baseline_r128_20260521_223809/ISIC_0028273_eigencam_heatmap.npy,/content/drive/MyDrive/Dissertation/edi_exports/heatmaps/eigencam/train_ham_test_isic_navier_stokes_r128_20260521_180830/ISIC_0028273_eigencam_heatmap.npy,calculated,False,False,False,0.9941705095547168,,0.9641871303319932,,0.0193638074453242,,isic_0028273,train_ham_test_isic_baseline_r128_20260521_223809,0.9941705095547168,0.9641871303319932,0.0193638074453242,0.0,0.0,0.0,True
049fb153dbd793fa1a9c661a7603490d7aca72ee9ac18f009dae5f16b80dc553,eigencam,train_ham_test_isic,train_ham_test_isic_navier_stokes_r128_20260521_180830,ISIC_0068778,128,adaptive_repair,False,/content/drive/MyDrive/Dissertation/edi_exports/heatmaps/eigencam/train_ham_test_isic_baseline_r128_20260521_223809/ISIC_0068778_eigencam_heatmap.npy,/content/drive/MyDrive/Dissertation/edi_exports/heatmaps/eigencam/train_ham_test_isic_navier_stokes_r128_20260521_180830/ISIC_0068778_eigencam_heatmap.npy,calculated,False,False,False,0.9980024095308246,,0.9713831543922424,,0.0148078204211726,,isic_0068778,train_ham_test_isic_baseline_r128_20260521_223809,0.9980024095308246,0.9713831543922424,0.0148078204211726,0.0,0.0,0.0,True
2ae9764585cab4299a20b1de2987519fa75f143bc89a998c34194564517610aa,eigencam,train_ham_test_isic,train_ham_test_isic_navier_stokes_r128_20260521_180830,ISIC_0033654,128,adaptive_repair,False,/content/drive/MyDrive/Dissertation/edi_exports/heatmaps/eigencam/train_ham_test_isic_baseline_r128_20260521_223809/ISIC_0033654_eigencam_heatmap.npy,/content/drive/MyDrive/Dissertation/edi_exports/heatmaps/eigencam/train_ham_test_isic_navier_stokes_r128_20260521_180830/ISIC_0033654_eigencam_heatmap.npy,calculated,False,False,False,0.9998697946335432,,0.9994632601737976,,0.0003009212547153,,isic_0033654,train_ham_test_isic_baseline_r128_20260521_223809,0.9998697946335432,0.9994632601737976,0.0003009212547153,0.0,0.0,0.0,True
2cf91b4b3faf84397178e61d8951e4b1acd1e14cdf48089f4b20024e72603f8b,eigencam,train_ham_test_isic,train_ham_test_isic_navier_stokes_r128_20260521_180830,ISIC_0028226,128,adaptive_repair,False,/content/drive/MyDrive/Dissertation/edi_exports/heatmaps/eigencam/train_ham_test_isic_baseline_r128_20260521_223809/ISIC_0028226_eigencam_heatmap.npy,/content/drive/MyDrive/Dissertation/edi_exports/heatmaps/eigencam/train_ham_test_isic_navier_stokes_r128_20260521_180830/ISIC_0028226_eigencam_heatmap.npy,calculated,False,False,False,0.9920544127951064,,0.9897402822971344,,0.0071162556526562,,isic_0028226,train_ham_test_isic_baseline_r128_20260521_223809,0.9920544127951064,0.9897402822971344,0.0071162556526562,0.0,0.0,0.0,True
63d2928da5694556832f750a2e16bdb133fa44ad6de9dfde7b985eecc38c0c75,eigencam,train_ham_test_isic,train_ham_test_isic_navier_stokes_r128_20260521_180830,ISIC_0054787,128,adaptive_repair,False,/content/drive/MyDrive/Dissertation/edi_exports/heatmaps/eigencam/train_ham_test_isic_baseline_r128_20260521_223809/ISIC_0054787_eigencam_heatmap.npy,/content/drive/MyDrive/Dissertation/edi_exports/heatmaps/eigencam/train_ham_test_isic_navier_stokes_r128_20260521_180830/ISIC_0054787_eigencam_heatmap.npy,calculated,False,False,False,0.9948879542996074,,0.9595583826303482,,0.021498820109924,,isic_0054787,train_ham_test_isic_baseline_r128_20260521_223809,0.9948879542996074,0.9595583826303482,0.021498820109924,0.0,0.0,0.0,True
e6c02583eded11c4666eadd54680ecc53c04ce32978ad7fe4f85bc204e6ef848,eigencam,train_ham_test_isic,train_ham_test_isic_navier_stokes_r128_20260521_180830,ISIC_0059680,128,adaptive_repair,False,/content/drive/MyDrive/Dissertation/edi_exports/heatmaps/eigencam/train_ham_test_isic_baseline_r128_20260521_223809/ISIC_0059680_eigencam_heatmap.npy,/content/drive/MyDrive/Dissertation/edi_exports/heatmaps/eigencam/train_ham_test_isic_navier_stokes_r128_20260521_180830/ISIC_0059680_eigencam_heatmap.npy,calculated,False,False,False,0.994774063352854,,0.9590137898921968,,0.0217995892156881,,isic_0059680,train_ham_test_isic_baseline_r128_20260521_223809,0.994774063352854,0.9590137898921968,0.0217995892156881,0.0,0.0,0.0,True
008d49455b66d2accdb5db166786835bdf4f2256d46bdf3331e25e14eba4e44c,eigencam,train_ham_test_isic,train_ham_test_isic_telea_r128_20260521_190513,ISIC_0027358,128,adaptive_repair,False,/content/drive/MyDrive/Dissertation/edi_exports/heatmaps/eigencam/train_ham_test_isic_baseline_r128_20260521_223809/ISIC_0027358_eigencam_heatmap.npy,/content/drive/MyDrive/Dissertation/edi_exports/heatmaps/eigencam/train_ham_test_isic_telea_r128_20260521_190513/ISIC_0027358_eigencam_heatmap.npy,calculated,False,False,False,0.9999143522986316,,0.9996201246976852,,0.0002113495764994,,isic_0027358,train_ham_test_isic_baseline_r128_20260521_223809,0.9999143522986316,0.9996201246976852,0.0002113495764994,0.0,0.0,0.0,True
ff3ffb7ae86a149fbd905d9f4abf9e84923d8a4b6ff61d55022e347e8dd10027,eigencam,train_ham_test_isic,train_ham_test_isic_telea_r128_20260521_190513,ISIC_0030752,128,adaptive_repair,False,/content/drive/MyDrive/Dissertation/edi_exports/heatmaps/eigencam/train_ham_test_isic_baseline_r128_20260521_223809/ISIC_0030752_eigencam_heatmap.npy,/content/drive/MyDrive/Dissertation/edi_exports/heatmaps/eigencam/train_ham_test_isic_telea_r128_20260521_190513/ISIC_0030752_eigencam_heatmap.npy,calculated,False,False,False,0.9981257659897276,,0.988746613264084,,0.0060952518705261,,isic_0030752,train_ham_test_isic_baseline_r128_20260521_223809,0.9981257659897276,0.988746613264084,0.0060952518705261,0.0,0.0,0.0,True
40e2213fe70d1f1873ac18479384dc74e3ab8bc26647458b20c0ea87711271b6,eigencam,train_ham_test_isic,train_ham_test_isic_telea_r128_20260521_190513,ISIC_0029786,128,adaptive_repair,False,/content/drive/MyDrive/Dissertation/edi_exports/heatmaps/eigencam/train_ham_test_isic_baseline_r128_20260521_223809/ISIC_0029786_eigencam_heatmap.npy,/content/drive/MyDrive/Dissertation/edi_exports/heatmaps/eigencam/train_ham_test_isic_telea_r128_20260521_190513/ISIC_0029786_eigencam_heatmap.npy,calculated,False,False,False,0.9998384812019858,,0.9992149621248244,,0.0004328986370912,,isic_0029786,train_ham_test_isic_baseline_r128_20260521_223809,0.9998384812019858,0.9992149621248244,0.0004328986370912,0.0,0.0,0.0,True
d2bec213a0bdd45a1bc1f6c66442be5079b6f14fdfc9f1bb3290b4928d4d8bd0,eigencam,train_ham_test_isic,train_ham_test_isic_telea_r128_20260521_190513,ISIC_0026652,128,adaptive_repair,False,/content/drive/MyDrive/Dissertation/edi_exports/heatmaps/eigencam/train_ham_test_isic_baseline_r128_20260521_223809/ISIC_0026652_eigencam_heatmap.npy,/content/drive/MyDrive/Dissertation/edi_exports/heatmaps/eigencam/train_ham_test_isic_telea_r128_20260521_190513/ISIC_0026652_eigencam_heatmap.npy,calculated,False,False,False,0.99969360116511,,0.9987205266952516,,0.0007163363610968,,isic_0026652,train_ham_test_isic_baseline_r128_20260521_223809,0.99969360116511,0.9987205266952516,0.0007163363610968,0.0,0.0,0.0,True
efe099f16e49df3038376f092cbf082b52dc7aacac0d1688da50fefed6e98725,eigencam,train_ham_test_isic,train_ham_test_isic_telea_r128_20260521_190513,ISIC_0032833,128,adaptive_repair,False,/content/drive/MyDrive/Dissertation/edi_exports/heatmaps/eigencam/train_ham_test_isic_baseline_r128_20260521_223809/ISIC_0032833_eigencam_heatmap.npy,/content/drive/MyDrive/Dissertation/edi_exports/heatmaps/eigencam/train_ham_test_isic_telea_r128_20260521_190513/ISIC_0032833_eigencam_heatmap.npy,calculated,False,False,False,0.9995815564270611,,0.9993883371353148,,0.0004104423255772,,isic_0032833,train_ham_test_isic_baseline_r128_20260521_223809,0.9995815564270611,0.9993883371353148,0.0004104423255772,0.0,0.0,0.0,True
75b04f413b8a12bc3ade9491b92171b26ab0bdab5f10e54249b32d383a326d86,eigencam,train_ham_test_isic,train_ham_test_isic_telea_r128_20260521_190513,ISIC_0031445,128,adaptive_repair,False,/content/drive/MyDrive/Dissertation/edi_exports/heatmaps/eigencam/train_ham_test_isic_baseline_r128_20260521_223809/ISIC_0031445_eigencam_heatmap.npy,/content/drive/MyDrive/Dissertation/edi_exports/heatmaps/eigencam/train_ham_test_isic_telea_r128_20260521_190513/ISIC_0031445_eigencam_heatmap.npy,calculated,False,False,False,0.9914666063556694,,0.9438819587230682,,0.0301923690495485,,isic_0031445,train_ham_test_isic_baseline_r128_20260521_223809,0.9914666063556694,0.9438819587230682,0.0301923690495485,0.0,0.0,0.0,True
e0e5e7a9c0e8f1023304184d221f9256444334425fd0b90e211f3a4df4887426,eigencam,train_ham_test_isic,train_ham_test_isic_telea_r128_20260521_190513,ISIC_0063544,128,adaptive_repair,False,/content/drive/MyDrive/Dissertation/edi_exports/heatmaps/eigencam/train_ham_test_isic_baseline_r128_20260521_223809/ISIC_0063544_eigencam_heatmap.npy,/content/drive/MyDrive/Dissertation/edi_exports/heatmaps/eigencam/train_ham_test_isic_telea_r128_20260521_190513/ISIC_0063544_eigencam_heatmap.npy,calculated,False,False,False,0.999627681714416,,0.9993643462657928,,0.0004109064384995,,isic_0063544,train_ham_test_isic_baseline_r128_20260521_223809,0.999627681714416,0.9993643462657928,0.0004109064384995,0.0,0.0,0.0,True
431ddd07473cfb607638bb061e31ddd4db812aa6d814239f69f879460eb43fbc,eigencam,train_ham_test_isic,train_ham_test_isic_telea_r128_20260521_190513,ISIC_0053615,128,adaptive_repair,False,/content/drive/MyDrive/Dissertation/edi_exports/heatmaps/eigencam/train_ham_test_isic_baseline_r128_20260521_223809/ISIC_0053615_eigencam_heatmap.npy,/content/drive/MyDrive/Dissertation/edi_exports/heatmaps/eigencam/train_ham_test_isic_telea_r128_20260521_190513/ISIC_0053615_eigencam_heatmap.npy,calculated,False,False,False,0.9995877299109196,,0.9991569370031356,,0.0005245990207022,,isic_0053615,train_ham_test_isic_baseline_r128_20260521_223809,0.9995877299109196,0.9991569370031356,0.0005245990207022,0.0,0.0,0.0,True
64c67ec54af3b2910bf5731c10fdd872ff40fc2fc37491e070e6ea23b613b70c,eigencam,train_ham_test_isic,train_ham_test_isic_telea_r128_20260521_190513,ISIC_0067519,128,adaptive_repair,False,/content/drive/MyDrive/Dissertation/edi_exports/heatmaps/eigencam/train_ham_test_isic_baseline_r128_20260521_223809/ISIC_0067519_eigencam_heatmap.npy,/content/drive/MyDrive/Dissertation/edi_exports/heatmaps/eigencam/train_ham_test_isic_telea_r128_20260521_190513/ISIC_0067519_eigencam_heatmap.npy,calculated,False,False,False,0.9998185412102996,,0.9949357956647872,,0.0025774668650314,,isic_0067519,train_ham_test_isic_baseline_r128_20260521_223809,0.9998185412102996,0.9949357956647872,0.0025774668650314,0.0,0.0,0.0,True
8108407d11493d1fc7594063514648f1ec87b1bf4cb672179d10d9759d20e51b,eigencam,train_ham_test_isic,train_ham_test_isic_telea_r128_20260521_190513,ISIC_0030653,128,adaptive_repair,False,/content/drive/MyDrive/Dissertation/edi_exports/heatmaps/eigencam/train_ham_test_isic_baseline_r128_20260521_223809/ISIC_0030653_eigencam_heatmap.npy,/content/drive/MyDrive/Dissertation/edi_exports/heatmaps/eigencam/train_ham_test_isic_telea_r128_20260521_190513/ISIC_0030653_eigencam_heatmap.npy,calculated,False,False,False,0.9987434132341274,,0.9972139894962312,,0.0017071519433525,,isic_0030653,train_ham_test_isic_baseline_r128_20260521_223809,0.9987434132341274,0.9972139894962312,0.0017071519433525,0.0,0.0,0.0,True
cc499f8b97868151a7e234b42d23d68d739b0380317053ceb566ef3ba8286a69,eigencam,train_ham_test_isic,train_ham_test_isic_telea_r128_20260521_190513,ISIC_0064161,128,adaptive_repair,False,/content/drive/MyDrive/Dissertation/edi_exports/heatmaps/eigencam/train_ham_test_isic_baseline_r128_20260521_223809/ISIC_0064161_eigencam_heatmap.npy,/content/drive/MyDrive/Dissertation/edi_exports/heatmaps/eigencam/train_ham_test_isic_telea_r128_20260521_190513/ISIC_0064161_eigencam_heatmap.npy,calculated,False,False,False,0.9995896816233908,,0.9987449198961258,,0.0007301196460894,,isic_0064161,train_ham_test_isic_baseline_r128_20260521_223809,0.9995896816233908,0.9987449198961258,0.0007301196460894,0.0,0.0,0.0,True
9b5396aee602781ae1c1df2141e438d357105bb3a204d0c658aa990ba4c58828,eigencam,train_ham_test_isic,train_ham_test_isic_telea_r128_20260521_190513,ISIC_0031005,128,adaptive_repair,False,/content/drive/MyDrive/Dissertation/edi_exports/heatmaps/eigencam/train_ham_test_isic_baseline_r128_20260521_223809/ISIC_0031005_eigencam_heatmap.npy,/content/drive/MyDrive/Dissertation/edi_exports/heatmaps/eigencam/train_ham_test_isic_telea_r128_20260521_190513/ISIC_0031005_eigencam_heatmap.npy,calculated,False,False,False,0.9996850714484736,,0.9991934299468994,,0.0004820171644318,,isic_0031005,train_ham_test_isic_baseline_r128_20260521_223809,0.9996850714484736,0.9991934299468994,0.0004820171644318,0.0,0.0,0.0,True
8e06522bdff0312bdf8b7c6af8a558760482921c92684164d337ec3d5260e5d2,eigencam,train_ham_test_isic,train_ham_test_isic_telea_r128_20260521_190513,ISIC_0028490,128,adaptive_repair,False,/content/drive/MyDrive/Dissertation/edi_exports/heatmaps/eigencam/train_ham_test_isic_baseline_r128_20260521_223809/ISIC_0028490_eigencam_heatmap.npy,/content/drive/MyDrive/Dissertation/edi_exports/heatmaps/eigencam/train_ham_test_isic_telea_r128_20260521_190513/ISIC_0028490_eigencam_heatmap.npy,calculated,False,False,False,0.9993043315080444,,0.997742921113968,,0.0013024565660049,,isic_0028490,train_ham_test_isic_baseline_r128_20260521_223809,0.9993043315080444,0.997742921113968,0.0013024565660049,0.0,0.0,0.0,True
4383947d3c08650153b60e15104f4ee11c37e9ad17620fe80c73de5f64050648,eigencam,train_ham_test_isic,train_ham_test_isic_telea_r128_20260521_190513,ISIC_0027712,128,adaptive_repair,False,/content/drive/MyDrive/Dissertation/edi_exports/heatmaps/eigencam/train_ham_test_isic_baseline_r128_20260521_223809/ISIC_0027712_eigencam_heatmap.npy,/content/drive/MyDrive/Dissertation/edi_exports/heatmaps/eigencam/train_ham_test_isic_telea_r128_20260521_190513/ISIC_0027712_eigencam_heatmap.npy,calculated,False,False,False,0.9991851495059376,,0.9952995032072068,,0.0025539610199122,,isic_0027712,train_ham_test_isic_baseline_r128_20260521_223809,0.9991851495059376,0.9952995032072068,0.0025539610199122,0.0,0.0,0.0,True
cc866cbb658d7d2ad35ed38be2ea780753086291825f0d204c29241c918ce2c2,eigencam,train_ham_test_isic,train_ham_test_isic_telea_r128_20260521_190513,ISIC_0015232_DOWNSAMPLED,128,adaptive_repair,False,/content/drive/MyDrive/Dissertation/edi_exports/heatmaps/eigencam/train_ham_test_isic_baseline_r128_20260521_223809/ISIC_0015232_downsampled_eigencam_heatmap.npy,/content/drive/MyDrive/Dissertation/edi_exports/heatmaps/eigencam/train_ham_test_isic_telea_r128_20260521_190513/ISIC_0015232_downsampled_eigencam_heatmap.npy,calculated,False,False,False,0.9912777994958584,,0.9708695262670516,,0.0167457869925096,,isic_0015232_downsampled,train_ham_test_isic_baseline_r128_20260521_223809,0.9912777994958584,0.9708695262670516,0.0167457869925096,0.0,0.0,0.0,True
50d86716349f745689b5018625a7533880e887679b706f1a1df13743207dc8a4,eigencam,train_ham_test_isic,train_ham_test_isic_telea_r128_20260521_190513,ISIC_0031745,128,adaptive_repair,False,/content/drive/MyDrive/Dissertation/edi_exports/heatmaps/eigencam/train_ham_test_isic_baseline_r128_20260521_223809/ISIC_0031745_eigencam_heatmap.npy,/content/drive/MyDrive/Dissertation/edi_exports/heatmaps/eigencam/train_ham_test_isic_telea_r128_20260521_190513/ISIC_0031745_eigencam_heatmap.npy,calculated,False,False,False,0.9997789500230227,,0.9989456981420516,,0.0005824134232184,,isic_0031745,train_ham_test_isic_baseline_r128_20260521_223809,0.9997789500230227,0.9989456981420516,0.0005824134232184,0.0,0.0,0.0,True
091daf149047fe206c4fb35173bc7e019d54266ba11f65e40bbedf51a1ff87a3,eigencam,train_ham_test_isic,train_ham_test_isic_telea_r128_20260521_190513,ISIC_0027397,128,adaptive_repair,False,/content/drive/MyDrive/Dissertation/edi_exports/heatmaps/eigencam/train_ham_test_isic_baseline_r128_20260521_223809/ISIC_0027397_eigencam_heatmap.npy,/content/drive/MyDrive/Dissertation/edi_exports/heatmaps/eigencam/train_ham_test_isic_telea_r128_20260521_190513/ISIC_0027397_eigencam_heatmap.npy,calculated,False,False,False,0.999784278245766,,0.9989670813083648,,0.000570389784376,,isic_0027397,train_ham_test_isic_baseline_r128_20260521_223809,0.999784278245766,0.9989670813083648,0.000570389784376,0.0,0.0,0.0,True
3d8f34759369f905ce4aeb5a216d4dd033f8a5ce346e01c69bc7410ff6dff819,eigencam,train_ham_test_isic,train_ham_test_isic_telea_r128_20260521_190513,ISIC_0070105,128,adaptive_repair,False,/content/drive/MyDrive/Dissertation/edi_exports/heatmaps/eigencam/train_ham_test_isic_baseline_r128_20260521_223809/ISIC_0070105_eigencam_heatmap.npy,/content/drive/MyDrive/Dissertation/edi_exports/heatmaps/eigencam/train_ham_test_isic_telea_r128_20260521_190513/ISIC_0070105_eigencam_heatmap.npy,calculated,False,False,False,0.9995808610570888,,0.9986420124769212,,0.0007837784972672,,isic_0070105,train_ham_test_isic_baseline_r128_20260521_223809,0.9995808610570888,0.9986420124769212,0.0007837784972672,0.0,0.0,0.0,True
330d5c8b7a0508c287c5e2b5db194e3f951f69e8a432713461e8fe9446474619,eigencam,train_ham_test_isic,train_ham_test_isic_telea_r128_20260521_190513,ISIC_0028847,128,adaptive_repair,False,/content/drive/MyDrive/Dissertation/edi_exports/heatmaps/eigencam/train_ham_test_isic_baseline_r128_20260521_223809/ISIC_0028847_eigencam_heatmap.npy,/content/drive/MyDrive/Dissertation/edi_exports/heatmaps/eigencam/train_ham_test_isic_telea_r128_20260521_190513/ISIC_0028847_eigencam_heatmap.npy,calculated,False,False,False,0.9997425392537947,,0.999386727809906,,0.0003710012815982,,isic_0028847,train_ham_test_isic_baseline_r128_20260521_223809,0.9997425392537947,0.999386727809906,0.0003710012815982,0.0,0.0,0.0,True
2ba6d5000ec61d04d4fdb35fe1bc3c2e94e2e6204dcc5870da1affc45566a1c6,eigencam,train_ham_test_isic,train_ham_test_isic_telea_r128_20260521_190513,ISIC_0068414,128,adaptive_repair,False,/content/drive/MyDrive/Dissertation/edi_exports/heatmaps/eigencam/train_ham_test_isic_baseline_r128_20260521_223809/ISIC_0068414_eigencam_heatmap.npy,/content/drive/MyDrive/Dissertation/edi_exports/heatmaps/eigencam/train_ham_test_isic_telea_r128_20260521_190513/ISIC_0068414_eigencam_heatmap.npy,calculated,False,False,False,0.9993148892355428,,0.9989291578531264,,0.000706698764551,,isic_0068414,train_ham_test_isic_baseline_r128_20260521_223809,0.9993148892355428,0.9989291578531264,0.000706698764551,0.0,0.0,0.0,True
7f3501028eb1f592f1fc5742c10082c76d98033ec7ebeb8bf4635f91e9a9715a,eigencam,train_ham_test_isic,train_ham_test_isic_telea_r128_20260521_190513,ISIC_0032425,128,adaptive_repair,False,/content/drive/MyDrive/Dissertation/edi_exports/heatmaps/eigencam/train_ham_test_isic_baseline_r128_20260521_223809/ISIC_0032425_eigencam_heatmap.npy,/content/drive/MyDrive/Dissertation/edi_exports/heatmaps/eigencam/train_ham_test_isic_telea_r128_20260521_190513/ISIC_0032425_eigencam_heatmap.npy,calculated,False,False,False,0.9975744214326372,,0.9945308715105056,,0.0033409588865878,,isic_0032425,train_ham_test_isic_baseline_r128_20260521_223809,0.9975744214326372,0.9945308715105056,0.0033409588865878,0.0,0.0,0.0,True
414a55ad39ff2f7cd3db3893651e5753620f0d830eccf179043906cbc63e2b67,eigencam,train_ham_test_isic,train_ham_test_isic_telea_r128_20260521_190513,ISIC_0031535,128,adaptive_repair,False,/content/drive/MyDrive/Dissertation/edi_exports/heatmaps/eigencam/train_ham_test_isic_baseline_r128_20260521_223809/ISIC_0031535_eigencam_heatmap.npy,/content/drive/MyDrive/Dissertation/edi_exports/heatmaps/eigencam/train_ham_test_isic_telea_r128_20260521_190513/ISIC_0031535_eigencam_heatmap.npy,calculated,False,False,False,0.997443232973794,,0.9700705856084824,,0.0156038989523102,,isic_0031535,train_ham_test_isic_baseline_r128_20260521_223809,0.997443232973794,0.9700705856084824,0.0156038989523102,0.0,0.0,0.0,True
1508b6e406a880cd6cbd80714fcbaba04935e1a9d050139c8913530ec9bafb81,eigencam,train_ham_test_isic,train_ham_test_isic_telea_r128_20260521_190513,ISIC_0027102,128,adaptive_repair,False,/content/drive/MyDrive/Dissertation/edi_exports/heatmaps/eigencam/train_ham_test_isic_baseline_r128_20260521_223809/ISIC_0027102_eigencam_heatmap.npy,/content/drive/MyDrive/Dissertation/edi_exports/heatmaps/eigencam/train_ham_test_isic_telea_r128_20260521_190513/ISIC_0027102_eigencam_heatmap.npy,calculated,False,False,False,0.9990737702193012,,0.9991521537303923,,0.0006554805799784,,isic_0027102,train_ham_test_isic_baseline_r128_20260521_223809,0.9990737702193012,0.9991521537303923,0.0006554805799784,0.0,0.0,0.0,True
9fc24f4c1b65b1be921ecb98e2c82fb6bd42411c8c43307911afe7188d93ce83,eigencam,train_ham_test_isic,train_ham_test_isic_telea_r128_20260521_190513,ISIC_0061194,128,adaptive_repair,False,/content/drive/MyDrive/Dissertation/edi_exports/heatmaps/eigencam/train_ham_test_isic_baseline_r128_20260521_223809/ISIC_0061194_eigencam_heatmap.npy,/content/drive/MyDrive/Dissertation/edi_exports/heatmaps/eigencam/train_ham_test_isic_telea_r128_20260521_190513/ISIC_0061194_eigencam_heatmap.npy,calculated,False,False,False,0.9994292159548136,,0.994499295949936,,0.0028930480363286,,isic_0061194,train_ham_test_isic_baseline_r128_20260521_223809,0.9994292159548136,0.994499295949936,0.0028930480363286,0.0,0.0,0.0,True
95c76f5ffebcff462213985d23dcc7ccc3aa9f79b39a997783ca1db0460eefcd,eigencam,train_ham_test_isic,train_ham_test_isic_telea_r128_20260521_190513,ISIC_0058285,128,adaptive_repair,False,/content/drive/MyDrive/Dissertation/edi_exports/heatmaps/eigencam/train_ham_test_isic_baseline_r128_20260521_223809/ISIC_0058285_eigencam_heatmap.npy,/content/drive/MyDrive/Dissertation/edi_exports/heatmaps/eigencam/train_ham_test_isic_telea_r128_20260521_190513/ISIC_0058285_eigencam_heatmap.npy,calculated,False,False,False,0.9982191263789814,,0.9965365678071976,,0.0021769345016559,,isic_0058285,train_ham_test_isic_baseline_r128_20260521_223809,0.9982191263789814,0.9965365678071976,0.0021769345016559,0.0,0.0,0.0,True
1b855d76754da37337496296f3caf6767e1478aa30d9d6d6b5062e773dab058e,eigencam,train_ham_test_isic,train_ham_test_isic_telea_r128_20260521_190513,ISIC_0028508,128,adaptive_repair,False,/content/drive/MyDrive/Dissertation/edi_exports/heatmaps/eigencam/train_ham_test_isic_baseline_r128_20260521_223809/ISIC_0028508_eigencam_heatmap.npy,/content/drive/MyDrive/Dissertation/edi_exports/heatmaps/eigencam/train_ham_test_isic_telea_r128_20260521_190513/ISIC_0028508_eigencam_heatmap.npy,calculated,False,False,False,0.9996470991619272,,0.9993057101964952,,0.0004353701112706,,isic_0028508,train_ham_test_isic_baseline_r128_20260521_223809,0.9996470991619272,0.9993057101964952,0.0004353701112706,0.0,0.0,0.0,True
ee33fd6c070c285478a592d74ce0e16b29d179e825ee87f594050ef9b82ac372,eigencam,train_ham_test_isic,train_ham_test_isic_telea_r128_20260521_190513,ISIC_0032063,128,adaptive_repair,False,/content/drive/MyDrive/Dissertation/edi_exports/heatmaps/eigencam/train_ham_test_isic_baseline_r128_20260521_223809/ISIC_0032063_eigencam_heatmap.npy,/content/drive/MyDrive/Dissertation/edi_exports/heatmaps/eigencam/train_ham_test_isic_telea_r128_20260521_190513/ISIC_0032063_eigencam_heatmap.npy,calculated,False,False,False,0.9958318218452544,,0.9858542382717131,,0.0081149254028297,,isic_0032063,train_ham_test_isic_baseline_r128_20260521_223809,0.9958318218452544,0.9858542382717131,0.0081149254028297,0.0,0.0,0.0,True
da4c20b626c035edd0b3d01c3b22624e4df3190c0615982f126be5ab86a6cfba,eigencam,train_ham_test_isic,train_ham_test_isic_telea_r128_20260521_190513,ISIC_0067055,128,adaptive_repair,False,/content/drive/MyDrive/Dissertation/edi_exports/heatmaps/eigencam/train_ham_test_isic_baseline_r128_20260521_223809/ISIC_0067055_eigencam_heatmap.npy,/content/drive/MyDrive/Dissertation/edi_exports/heatmaps/eigencam/train_ham_test_isic_telea_r128_20260521_190513/ISIC_0067055_eigencam_heatmap.npy,calculated,False,False,False,0.9999490347127312,,0.9998447746038436,,9.035401989537784e-05,,isic_0067055,train_ham_test_isic_baseline_r128_20260521_223809,0.9999490347127312,0.9998447746038436,9.035401989537784e-05,0.0,0.0,0.0,True
2f26cd175452e94a1f8b072959f491031c0c70d5b1d4e2b96c8c54e0dd2f07cd,eigencam,train_ham_test_isic,train_ham_test_isic_telea_r128_20260521_190513,ISIC_0027282,128,adaptive_repair,False,/content/drive/MyDrive/Dissertation/edi_exports/heatmaps/eigencam/train_ham_test_isic_baseline_r128_20260521_223809/ISIC_0027282_eigencam_heatmap.npy,/content/drive/MyDrive/Dissertation/edi_exports/heatmaps/eigencam/train_ham_test_isic_telea_r128_20260521_190513/ISIC_0027282_eigencam_heatmap.npy,calculated,False,False,False,0.9993643331324116,,0.9980442970991136,,0.0011367681673403,,isic_0027282,train_ham_test_isic_baseline_r128_20260521_223809,0.9993643331324116,0.9980442970991136,0.0011367681673403,0.0,0.0,0.0,True
7d39c823ca63bee1555cecdac20725f9fc770d2b198ae4fa3ed7874d5f244026,eigencam,train_ham_test_isic,train_ham_test_isic_telea_r128_20260521_190513,ISIC_0068248,128,adaptive_repair,False,/content/drive/MyDrive/Dissertation/edi_exports/heatmaps/eigencam/train_ham_test_isic_baseline_r128_20260521_223809/ISIC_0068248_eigencam_heatmap.npy,/content/drive/MyDrive/Dissertation/edi_exports/heatmaps/eigencam/train_ham_test_isic_telea_r128_20260521_190513/ISIC_0068248_eigencam_heatmap.npy,calculated,False,False,False,0.9990277830594172,,0.9985145926475524,,0.0009857579113694,,isic_0068248,train_ham_test_isic_baseline_r128_20260521_223809,0.9990277830594172,0.9985145926475524,0.0009857579113694,0.0,0.0,0.0,True
3e6cb8be7e228dc51d025533733f7578058a9a03e35f99d8f92edb02eeb44ae9,eigencam,train_ham_test_isic,train_ham_test_isic_telea_r128_20260521_190513,ISIC_0058003,128,adaptive_repair,False,/content/drive/MyDrive/Dissertation/edi_exports/heatmaps/eigencam/train_ham_test_isic_baseline_r128_20260521_223809/ISIC_0058003_eigencam_heatmap.npy,/content/drive/MyDrive/Dissertation/edi_exports/heatmaps/eigencam/train_ham_test_isic_telea_r128_20260521_190513/ISIC_0058003_eigencam_heatmap.npy,calculated,False,False,False,0.9996121687664752,,0.9990783929824828,,0.0005577613171396,,isic_0058003,train_ham_test_isic_baseline_r128_20260521_223809,0.9996121687664752,0.9990783929824828,0.0005577613171396,0.0,0.0,0.0,True
ebfe9d23320a36d1e216c19ccf1bc68d7b88bddbf96406454b6bc99b9d822024,eigencam,train_ham_test_isic,train_ham_test_isic_telea_r128_20260521_190513,ISIC_0010490,128,adaptive_repair,False,/content/drive/MyDrive/Dissertation/edi_exports/heatmaps/eigencam/train_ham_test_isic_baseline_r128_20260521_223809/ISIC_0010490_eigencam_heatmap.npy,/content/drive/MyDrive/Dissertation/edi_exports/heatmaps/eigencam/train_ham_test_isic_telea_r128_20260521_190513/ISIC_0010490_eigencam_heatmap.npy,calculated,False,False,False,0.9998555478389431,,0.9997413009405136,,0.0001654625700073,,isic_0010490,train_ham_test_isic_baseline_r128_20260521_223809,0.9998555478389431,0.9997413009405136,0.0001654625700073,0.0,0.0,0.0,True
31945891628165ac521a635add0fa90c54702094f1898623946ed7b5fb35d8f3,eigencam,train_ham_test_isic,train_ham_test_isic_telea_r128_20260521_190513,ISIC_0033153,128,adaptive_repair,False,/content/drive/MyDrive/Dissertation/edi_exports/heatmaps/eigencam/train_ham_test_isic_baseline_r128_20260521_223809/ISIC_0033153_eigencam_heatmap.npy,/content/drive/MyDrive/Dissertation/edi_exports/heatmaps/eigencam/train_ham_test_isic_telea_r128_20260521_190513/ISIC_0033153_eigencam_heatmap.npy,calculated,False,False,False,0.9973132856952084,,0.9979024231433868,,0.0017204670045044,,isic_0033153,train_ham_test_isic_baseline_r128_20260521_223809,0.9973132856952084,0.9979024231433868,0.0017204670045044,0.0,0.0,0.0,True
000a7c88a50c885991c1b9ef662b5d07ed78c868e427d5e3a4925e07ad546fd9,eigencam,train_ham_test_isic,train_ham_test_isic_telea_r128_20260521_190513,ISIC_0073194,128,adaptive_repair,False,/content/drive/MyDrive/Dissertation/edi_exports/heatmaps/eigencam/train_ham_test_isic_baseline_r128_20260521_223809/ISIC_0073194_eigencam_heatmap.npy,/content/drive/MyDrive/Dissertation/edi_exports/heatmaps/eigencam/train_ham_test_isic_telea_r128_20260521_190513/ISIC_0073194_eigencam_heatmap.npy,calculated,False,False,False,0.9996902723401913,,0.9988662749528884,,0.0006442944385079,,isic_0073194,train_ham_test_isic_baseline_r128_20260521_223809,0.9996902723401913,0.9988662749528884,0.0006442944385079,0.0,0.0,0.0,True
e2a341c9f3c0211c4a0dd4b86f0d73cf3e58c1f4aadedcbdcc752ef970a28a21,eigencam,train_ham_test_isic,train_ham_test_isic_telea_r128_20260521_190513,ISIC_0028273,128,adaptive_repair,False,/content/drive/MyDrive/Dissertation/edi_exports/heatmaps/eigencam/train_ham_test_isic_baseline_r128_20260521_223809/ISIC_0028273_eigencam_heatmap.npy,/content/drive/MyDrive/Dissertation/edi_exports/heatmaps/eigencam/train_ham_test_isic_telea_r128_20260521_190513/ISIC_0028273_eigencam_heatmap.npy,calculated,False,False,False,0.9993589557267796,,0.9989292174577712,,0.0006956523394194,,isic_0028273,train_ham_test_isic_baseline_r128_20260521_223809,0.9993589557267796,0.9989292174577712,0.0006956523394194,0.0,0.0,0.0,True
c2b8c2fe4cb282c5e6a975bd55d56ef6b5b83fb520b07f5d101f7200de05ba88,eigencam,train_ham_test_isic,train_ham_test_isic_telea_r128_20260521_190513,ISIC_0068778,128,adaptive_repair,False,/content/drive/MyDrive/Dissertation/edi_exports/heatmaps/eigencam/train_ham_test_isic_baseline_r128_20260521_223809/ISIC_0068778_eigencam_heatmap.npy,/content/drive/MyDrive/Dissertation/edi_exports/heatmaps/eigencam/train_ham_test_isic_telea_r128_20260521_190513/ISIC_0068778_eigencam_heatmap.npy,calculated,False,False,False,0.996918307880811,,0.9097614735364914,,0.0458896862615515,,isic_0068778,train_ham_test_isic_baseline_r128_20260521_223809,0.996918307880811,0.9097614735364914,0.0458896862615515,0.0,0.0,0.0,True
4e0360294df9a38b4c26b23ae170d3a9975447ae1d24476f9fc1b3966446dfe9,eigencam,train_ham_test_isic,train_ham_test_isic_telea_r128_20260521_190513,ISIC_0033654,128,adaptive_repair,False,/content/drive/MyDrive/Dissertation/edi_exports/heatmaps/eigencam/train_ham_test_isic_baseline_r128_20260521_223809/ISIC_0033654_eigencam_heatmap.npy,/content/drive/MyDrive/Dissertation/edi_exports/heatmaps/eigencam/train_ham_test_isic_telea_r128_20260521_190513/ISIC_0033654_eigencam_heatmap.npy,calculated,False,False,False,0.9994648348023488,,0.9970107078552246,,0.0016284373718005,,isic_0033654,train_ham_test_isic_baseline_r128_20260521_223809,0.9994648348023488,0.9970107078552246,0.0016284373718005,0.0,0.0,0.0,True
02538b095f1f7025720a77064119afac9847483d774352da819a461bcdded1b3,eigencam,train_ham_test_isic,train_ham_test_isic_telea_r128_20260521_190513,ISIC_0028226,128,adaptive_repair,False,/content/drive/MyDrive/Dissertation/edi_exports/heatmaps/eigencam/train_ham_test_isic_baseline_r128_20260521_223809/ISIC_0028226_eigencam_heatmap.npy,/content/drive/MyDrive/Dissertation/edi_exports/heatmaps/eigencam/train_ham_test_isic_telea_r128_20260521_190513/ISIC_0028226_eigencam_heatmap.npy,calculated,False,False,False,0.9972854129529491,,0.9967962950468064,,0.0022804992383595,,isic_0028226,train_ham_test_isic_baseline_r128_20260521_223809,0.9972854129529491,0.9967962950468064,0.0022804992383595,0.0,0.0,0.0,True
a9d912c4be92e7a87833619db5101b993ef363961ccb913ef9ed696f8310273a,eigencam,train_ham_test_isic,train_ham_test_isic_telea_r128_20260521_190513,ISIC_0054787,128,adaptive_repair,False,/content/drive/MyDrive/Dissertation/edi_exports/heatmaps/eigencam/train_ham_test_isic_baseline_r128_20260521_223809/ISIC_0054787_eigencam_heatmap.npy,/content/drive/MyDrive/Dissertation/edi_exports/heatmaps/eigencam/train_ham_test_isic_telea_r128_20260521_190513/ISIC_0054787_eigencam_heatmap.npy,calculated,False,False,False,0.9999800811594678,,0.9999045729637146,,5.26932282757242e-05,,isic_0054787,train_ham_test_isic_baseline_r128_20260521_223809,0.9999800811594678,0.9999045729637146,5.26932282757242e-05,0.0,0.0,0.0,True
300b33e9d07689013cb98ffbacd2444ac2d8ab71d96dd1d7e5f4e41fa67a3bad,eigencam,train_ham_test_isic,train_ham_test_isic_telea_r128_20260521_190513,ISIC_0059680,128,adaptive_repair,False,/content/drive/MyDrive/Dissertation/edi_exports/heatmaps/eigencam/train_ham_test_isic_baseline_r128_20260521_223809/ISIC_0059680_eigencam_heatmap.npy,/content/drive/MyDrive/Dissertation/edi_exports/heatmaps/eigencam/train_ham_test_isic_telea_r128_20260521_190513/ISIC_0059680_eigencam_heatmap.npy,calculated,False,False,False,0.9992171741548914,,0.9943283349275588,,0.0030315389974976,,isic_0059680,train_ham_test_isic_baseline_r128_20260521_223809,0.9992171741548914,0.9943283349275588,0.0030315389974976,0.0,0.0,0.0,True
8d22cc2f1df13ffe0a3cf924b8fc7ab5d52f611611fcbc067d265ac683b498f6,scorecam,ham,ham_diffusion_r192_20260517_115736,ISIC_0027358,192,adaptive_repair,False,/content/drive/MyDrive/Dissertation/edi_exports/heatmaps/scorecam/ham_baseline_r192_20260517_115647/ISIC_0027358_scorecam_heatmap.npy,/content/drive/MyDrive/Dissertation/edi_exports/heatmaps/scorecam/ham_diffusion_r192_20260517_115736/ISIC_0027358_scorecam_heatmap.npy,calculated,False,False,False,0.9975363268172148,,0.9944103062152864,,0.0034107651880531,,isic_0027358,ham_baseline_r192_20260517_115647,0.9975363268172148,0.9944103062152864,0.0034107651880531,0.0,0.0,0.0,True
1af99587c2a2ebf2b4602381541b3b2657ce821515cf28bc77833bbb7fbdfe17,scorecam,ham,ham_diffusion_r192_20260517_115736,ISIC_0030752,192,adaptive_repair,False,/content/drive/MyDrive/Dissertation/edi_exports/heatmaps/scorecam/ham_baseline_r192_20260517_115647/ISIC_0030752_scorecam_heatmap.npy,/content/drive/MyDrive/Dissertation/edi_exports/heatmaps/scorecam/ham_diffusion_r192_20260517_115736/ISIC_0030752_scorecam_heatmap.npy,calculated,False,False,False,0.9934272912065918,,0.9923164993524553,,0.0054849275221244,,isic_0030752,ham_baseline_r192_20260517_115647,0.9934272912065918,0.9923164993524553,0.0054849275221244,0.0,0.0,0.0,True
30b30c8d4238827458f5cb289edc938ba4568a54233f721c36ef9b20a343aa25,scorecam,ham,ham_diffusion_r192_20260517_115736,ISIC_0029786,192,adaptive_repair,False,/content/drive/MyDrive/Dissertation/edi_exports/heatmaps/scorecam/ham_baseline_r192_20260517_115647/ISIC_0029786_scorecam_heatmap.npy,/content/drive/MyDrive/Dissertation/edi_exports/heatmaps/scorecam/ham_diffusion_r192_20260517_115736/ISIC_0029786_scorecam_heatmap.npy,calculated,False,False,False,0.9954985589684228,,0.9945901036262512,,0.0038303084447687,,isic_0029786,ham_baseline_r192_20260517_115647,0.9954985589684228,0.9945901036262512,0.0038303084447687,0.0,0.0,0.0,True
6d331cd73e0f13adf4429c53200dcb80c9d2e5973a36cad1c64a1ac6f32223a1,scorecam,ham,ham_diffusion_r192_20260517_115736,ISIC_0026652,192,adaptive_repair,False,/content/drive/MyDrive/Dissertation/edi_exports/heatmaps/scorecam/ham_baseline_r192_20260517_115647/ISIC_0026652_scorecam_heatmap.npy,/content/drive/MyDrive/Dissertation/edi_exports/heatmaps/scorecam/ham_diffusion_r192_20260517_115736/ISIC_0026652_scorecam_heatmap.npy,calculated,False,False,False,0.8642405107297998,,0.6653922200202942,,0.2012437623074029,,isic_0026652,ham_baseline_r192_20260517_115647,0.8642405107297998,0.6653922200202942,0.2012437623074029,0.0,0.0,0.0,True
18ed553fcd67eb46f0d8f586b63ea5e71739091ae4096100d130c6cb92210085,scorecam,ham,ham_diffusion_r192_20260517_115736,ISIC_0032833,192,adaptive_repair,False,/content/drive/MyDrive/Dissertation/edi_exports/heatmaps/scorecam/ham_baseline_r192_20260517_115647/ISIC_0032833_scorecam_heatmap.npy,/content/drive/MyDrive/Dissertation/edi_exports/heatmaps/scorecam/ham_diffusion_r192_20260517_115736/ISIC_0032833_scorecam_heatmap.npy,calculated,False,False,False,0.993521904553023,,0.9875947535037994,,0.0078221471098445,,isic_0032833,ham_baseline_r192_20260517_115647,0.993521904553023,0.9875947535037994,0.0078221471098445,0.0,0.0,0.0,True
ccfb27c1f094173b372058601e262333c70573653e7e18bcf5a6bfedda2f2905,scorecam,ham,ham_diffusion_r192_20260517_115736,ISIC_0031445,192,adaptive_repair,False,/content/drive/MyDrive/Dissertation/edi_exports/heatmaps/scorecam/ham_baseline_r192_20260517_115647/ISIC_0031445_scorecam_heatmap.npy,/content/drive/MyDrive/Dissertation/edi_exports/heatmaps/scorecam/ham_diffusion_r192_20260517_115736/ISIC_0031445_scorecam_heatmap.npy,calculated,False,False,False,0.7984612288925917,,0.7348207533359528,,0.1829743161088757,,isic_0031445,ham_baseline_r192_20260517_115647,0.7984612288925917,0.7348207533359528,0.1829743161088757,0.0,0.0,0.0,True
f89a0c795b478d94d72e5c5b28bbe7830cfc648452de351834e3cb358efa36a9,scorecam,ham,ham_diffusion_r192_20260517_115736,ISIC_0063544,192,adaptive_repair,False,/content/drive/MyDrive/Dissertation/edi_exports/heatmaps/scorecam/ham_baseline_r192_20260517_115647/ISIC_0063544_scorecam_heatmap.npy,/content/drive/MyDrive/Dissertation/edi_exports/heatmaps/scorecam/ham_diffusion_r192_20260517_115736/ISIC_0063544_scorecam_heatmap.npy,calculated,False,False,False,0.993559079915015,,0.991190642118454,,0.0060149089620192,,isic_0063544,ham_baseline_r192_20260517_115647,0.993559079915015,0.991190642118454,0.0060149089620192,0.0,0.0,0.0,True
f034704aa1b307f8b6521e256a1d82fdca6f33cca449926153666381dd3df76c,scorecam,ham,ham_diffusion_r192_20260517_115736,ISIC_0053615,192,adaptive_repair,False,/content/drive/MyDrive/Dissertation/edi_exports/heatmaps/scorecam/ham_baseline_r192_20260517_115647/ISIC_0053615_scorecam_heatmap.npy,/content/drive/MyDrive/Dissertation/edi_exports/heatmaps/scorecam/ham_diffusion_r192_20260517_115736/ISIC_0053615_scorecam_heatmap.npy,calculated,False,False,False,0.9896909833672416,,0.9838189482688904,,0.0106677800237443,,isic_0053615,ham_baseline_r192_20260517_115647,0.9896909833672416,0.9838189482688904,0.0106677800237443,0.0,0.0,0.0,True
2c713d14b8792a776e67ed76f8c7b96b52591400eb450570b1dbe7e88b58d677,scorecam,ham,ham_diffusion_r192_20260517_115736,ISIC_0067519,192,adaptive_repair,False,/content/drive/MyDrive/Dissertation/edi_exports/heatmaps/scorecam/ham_baseline_r192_20260517_115647/ISIC_0067519_scorecam_heatmap.npy,/content/drive/MyDrive/Dissertation/edi_exports/heatmaps/scorecam/ham_diffusion_r192_20260517_115736/ISIC_0067519_scorecam_heatmap.npy,calculated,False,False,False,0.9791483584619858,,0.978311523795128,,0.0160571484869396,,isic_0067519,ham_baseline_r192_20260517_115647,0.9791483584619858,0.978311523795128,0.0160571484869396,0.0,0.0,0.0,True
54e7cdb50c1ff6b5cd5ec19ed6950609b74b90582f077920491d98002696edb7,scorecam,ham,ham_diffusion_r192_20260517_115736,ISIC_0030653,192,adaptive_repair,False,/content/drive/MyDrive/Dissertation/edi_exports/heatmaps/scorecam/ham_baseline_r192_20260517_115647/ISIC_0030653_scorecam_heatmap.npy,/content/drive/MyDrive/Dissertation/edi_exports/heatmaps/scorecam/ham_diffusion_r192_20260517_115736/ISIC_0030653_scorecam_heatmap.npy,calculated,False,False,False,0.9963158849659696,,0.9900716245174408,,0.0058852164997872,,isic_0030653,ham_baseline_r192_20260517_115647,0.9963158849659696,0.9900716245174408,0.0058852164997872,0.0,0.0,0.0,True
51d850a6e6db450617e647ffff94d524eb04d29b4db84548541b5264dc2ae92f,scorecam,ham,ham_diffusion_r192_20260517_115736,ISIC_0064161,192,adaptive_repair,False,/content/drive/MyDrive/Dissertation/edi_exports/heatmaps/scorecam/ham_baseline_r192_20260517_115647/ISIC_0064161_scorecam_heatmap.npy,/content/drive/MyDrive/Dissertation/edi_exports/heatmaps/scorecam/ham_diffusion_r192_20260517_115736/ISIC_0064161_scorecam_heatmap.npy,calculated,False,False,False,0.9868381300954396,,0.9753128588199615,,0.0156340380661592,,isic_0064161,ham_baseline_r192_20260517_115647,0.9868381300954396,0.9753128588199615,0.0156340380661592,0.0,0.0,0.0,True
dc2b829f7a55bc0e162cdd4fd720bd2ae7a024f0de62c848534ff84ee069bd82,scorecam,ham,ham_diffusion_r192_20260517_115736,ISIC_0031005,192,adaptive_repair,False,/content/drive/MyDrive/Dissertation/edi_exports/heatmaps/scorecam/ham_baseline_r192_20260517_115647/ISIC_0031005_scorecam_heatmap.npy,/content/drive/MyDrive/Dissertation/edi_exports/heatmaps/scorecam/ham_diffusion_r192_20260517_115736/ISIC_0031005_scorecam_heatmap.npy,calculated,False,False,False,0.9893221772316428,,0.98846797645092,,0.0084354674666292,,isic_0031005,ham_baseline_r192_20260517_115647,0.9893221772316428,0.98846797645092,0.0084354674666292,0.0,0.0,0.0,True
32b9407ddb6bf3375041e2fb23d2f241e01bd2633b27515ab0030dfcde9f69a6,scorecam,ham,ham_diffusion_r192_20260517_115736,ISIC_0028490,192,adaptive_repair,False,/content/drive/MyDrive/Dissertation/edi_exports/heatmaps/scorecam/ham_baseline_r192_20260517_115647/ISIC_0028490_scorecam_heatmap.npy,/content/drive/MyDrive/Dissertation/edi_exports/heatmaps/scorecam/ham_diffusion_r192_20260517_115736/ISIC_0028490_scorecam_heatmap.npy,calculated,False,False,False,0.9845355884119632,,0.9814515709877014,,0.0131403174031584,,isic_0028490,ham_baseline_r192_20260517_115647,0.9845355884119632,0.9814515709877014,0.0131403174031584,0.0,0.0,0.0,True
562c52622736165c2b012dbbb74f686768832c24902714a67ca46855f87984f4,scorecam,ham,ham_diffusion_r192_20260517_115736,ISIC_0027712,192,adaptive_repair,False,/content/drive/MyDrive/Dissertation/edi_exports/heatmaps/scorecam/ham_baseline_r192_20260517_115647/ISIC_0027712_scorecam_heatmap.npy,/content/drive/MyDrive/Dissertation/edi_exports/heatmaps/scorecam/ham_diffusion_r192_20260517_115736/ISIC_0027712_scorecam_heatmap.npy,calculated,False,False,False,0.989441524886028,,0.985092669725418,,0.0100932839157839,,isic_0027712,ham_baseline_r192_20260517_115647,0.989441524886028,0.985092669725418,0.0100932839157839,0.0,0.0,0.0,True
828039668d17f0684d01dc3934d9e3393ba1991b39b26324f37f6d983e814265,scorecam,ham,ham_diffusion_r192_20260517_115736,ISIC_0015232_DOWNSAMPLED,192,adaptive_repair,False,/content/drive/MyDrive/Dissertation/edi_exports/heatmaps/scorecam/ham_baseline_r192_20260517_115647/ISIC_0015232_downsampled_scorecam_heatmap.npy,/content/drive/MyDrive/Dissertation/edi_exports/heatmaps/scorecam/ham_diffusion_r192_20260517_115736/ISIC_0015232_downsampled_scorecam_heatmap.npy,calculated,False,False,False,0.9978871819241304,,0.9969666004180908,,0.0020449043099219,,isic_0015232_downsampled,ham_baseline_r192_20260517_115647,0.9978871819241304,0.9969666004180908,0.0020449043099219,0.0,0.0,0.0,True
780ba27389c68981302f24983e821d4e2f759b6138ff52a04b34261d8202da2e,scorecam,ham,ham_diffusion_r192_20260517_115736,ISIC_0031745,192,adaptive_repair,False,/content/drive/MyDrive/Dissertation/edi_exports/heatmaps/scorecam/ham_baseline_r192_20260517_115647/ISIC_0031745_scorecam_heatmap.npy,/content/drive/MyDrive/Dissertation/edi_exports/heatmaps/scorecam/ham_diffusion_r192_20260517_115736/ISIC_0031745_scorecam_heatmap.npy,calculated,False,False,False,0.9959628207332608,,0.9970024675130844,,0.0025080610601425,,isic_0031745,ham_baseline_r192_20260517_115647,0.9959628207332608,0.9970024675130844,0.0025080610601425,0.0,0.0,0.0,True
0c29580838b314adb67b5ba87684a58a1b5f7f788ea5e91b4e70e7836a57c9f6,scorecam,ham,ham_diffusion_r192_20260517_115736,ISIC_0027397,192,adaptive_repair,False,/content/drive/MyDrive/Dissertation/edi_exports/heatmaps/scorecam/ham_baseline_r192_20260517_115647/ISIC_0027397_scorecam_heatmap.npy,/content/drive/MyDrive/Dissertation/edi_exports/heatmaps/scorecam/ham_diffusion_r192_20260517_115736/ISIC_0027397_scorecam_heatmap.npy,calculated,False,False,False,0.9955749047135664,,0.9956421256065368,,0.00328521101834,,isic_0027397,ham_baseline_r192_20260517_115647,0.9955749047135664,0.9956421256065368,0.00328521101834,0.0,0.0,0.0,True
e36079b7547f91abebf38fd9954e2e13501284cae721b6dc26a553dd8dcea41c,scorecam,ham,ham_diffusion_r192_20260517_115736,ISIC_0070105,192,adaptive_repair,False,/content/drive/MyDrive/Dissertation/edi_exports/heatmaps/scorecam/ham_baseline_r192_20260517_115647/ISIC_0070105_scorecam_heatmap.npy,/content/drive/MyDrive/Dissertation/edi_exports/heatmaps/scorecam/ham_diffusion_r192_20260517_115736/ISIC_0070105_scorecam_heatmap.npy,calculated,False,False,False,0.9998474324827028,,0.999816745519638,,0.0001297691195052,,isic_0070105,ham_baseline_r192_20260517_115647,0.9998474324827028,0.999816745519638,0.0001297691195052,0.0,0.0,0.0,True
e1d72cb78dea1368830957edf9db4ce770797ae3fdefac28e80d170cbe240418,scorecam,ham,ham_diffusion_r192_20260517_115736,ISIC_0028847,192,adaptive_repair,False,/content/drive/MyDrive/Dissertation/edi_exports/heatmaps/scorecam/ham_baseline_r192_20260517_115647/ISIC_0028847_scorecam_heatmap.npy,/content/drive/MyDrive/Dissertation/edi_exports/heatmaps/scorecam/ham_diffusion_r192_20260517_115736/ISIC_0028847_scorecam_heatmap.npy,calculated,False,False,False,0.986239094663229,,0.985901728272438,,0.0104893621979736,,isic_0028847,ham_baseline_r192_20260517_115647,0.986239094663229,0.985901728272438,0.0104893621979736,0.0,0.0,0.0,True
5510b6977e8f33705e665d0532aee2220fe18cede16abe65a4dba0f9fd62bf4f,scorecam,ham,ham_diffusion_r192_20260517_115736,ISIC_0068414,192,adaptive_repair,False,/content/drive/MyDrive/Dissertation/edi_exports/heatmaps/scorecam/ham_baseline_r192_20260517_115647/ISIC_0068414_scorecam_heatmap.npy,/content/drive/MyDrive/Dissertation/edi_exports/heatmaps/scorecam/ham_diffusion_r192_20260517_115736/ISIC_0068414_scorecam_heatmap.npy,calculated,False,False,False,0.9988373855682364,,0.998220756649971,,0.0011802752829553,,isic_0068414,ham_baseline_r192_20260517_115647,0.9988373855682364,0.998220756649971,0.0011802752829553,0.0,0.0,0.0,True
4282f4e86e9b1e31a07a13b4749c35a3fa7074c4f4e244240b2446c8a1906f6a,scorecam,ham,ham_diffusion_r192_20260517_115736,ISIC_0032425,192,adaptive_repair,False,/content/drive/MyDrive/Dissertation/edi_exports/heatmaps/scorecam/ham_baseline_r192_20260517_115647/ISIC_0032425_scorecam_heatmap.npy,/content/drive/MyDrive/Dissertation/edi_exports/heatmaps/scorecam/ham_diffusion_r192_20260517_115736/ISIC_0032425_scorecam_heatmap.npy,calculated,False,False,False,0.988151529562227,,0.981783539056778,,0.0120703480810542,,isic_0032425,ham_baseline_r192_20260517_115647,0.988151529562227,0.981783539056778,0.0120703480810542,0.0,0.0,0.0,True
4d1427e52cc551d62ecb2c00bcdccbd18652fcd5730c4d08da43b6f85de8b870,scorecam,ham,ham_diffusion_r192_20260517_115736,ISIC_0031535,192,adaptive_repair,False,/content/drive/MyDrive/Dissertation/edi_exports/heatmaps/scorecam/ham_baseline_r192_20260517_115647/ISIC_0031535_scorecam_heatmap.npy,/content/drive/MyDrive/Dissertation/edi_exports/heatmaps/scorecam/ham_diffusion_r192_20260517_115736/ISIC_0031535_scorecam_heatmap.npy,calculated,False,False,False,0.9963698410528328,,0.9966151267290116,,0.002599976372286,,isic_0031535,ham_baseline_r192_20260517_115647,0.9963698410528328,0.9966151267290116,0.002599976372286,0.0,0.0,0.0,True
b8faece9edb3a9418d7e77d46122b81a562b198296554cb56f3da500ec1a78dc,scorecam,ham,ham_diffusion_r192_20260517_115736,ISIC_0027102,192,adaptive_repair,False,/content/drive/MyDrive/Dissertation/edi_exports/heatmaps/scorecam/ham_baseline_r192_20260517_115647/ISIC_0027102_scorecam_heatmap.npy,/content/drive/MyDrive/Dissertation/edi_exports/heatmaps/scorecam/ham_diffusion_r192_20260517_115736/ISIC_0027102_scorecam_heatmap.npy,calculated,False,False,False,0.9427351605579412,,0.9069488495588304,,0.0608417850810995,,isic_0027102,ham_baseline_r192_20260517_115647,0.9427351605579412,0.9069488495588304,0.0608417850810995,0.0,0.0,0.0,True
e445e90acdeccb6958064a9e7a56bf47df4300959bbdcaa5ca71df39b663226a,scorecam,ham,ham_diffusion_r192_20260517_115736,ISIC_0061194,192,adaptive_repair,False,/content/drive/MyDrive/Dissertation/edi_exports/heatmaps/scorecam/ham_baseline_r192_20260517_115647/ISIC_0061194_scorecam_heatmap.npy,/content/drive/MyDrive/Dissertation/edi_exports/heatmaps/scorecam/ham_diffusion_r192_20260517_115736/ISIC_0061194_scorecam_heatmap.npy,calculated,False,False,False,0.9995785070864605,,0.9993266016244888,,0.0004420724161404,,isic_0061194,ham_baseline_r192_20260517_115647,0.9995785070864605,0.9993266016244888,0.0004420724161404,0.0,0.0,0.0,True
7873bae00cdd8c689445058b879c8da41791dcaa434918e2c7d6c43e58470c04,scorecam,ham,ham_diffusion_r192_20260517_115736,ISIC_0058285,192,adaptive_repair,False,/content/drive/MyDrive/Dissertation/edi_exports/heatmaps/scorecam/ham_baseline_r192_20260517_115647/ISIC_0058285_scorecam_heatmap.npy,/content/drive/MyDrive/Dissertation/edi_exports/heatmaps/scorecam/ham_diffusion_r192_20260517_115736/ISIC_0058285_scorecam_heatmap.npy,calculated,False,False,False,0.9917429045717784,,0.9879287630319596,,0.0080998923410756,,isic_0058285,ham_baseline_r192_20260517_115647,0.9917429045717784,0.9879287630319596,0.0080998923410756,0.0,0.0,0.0,True
89914c29733655cef58d29097ff4f5ca5af102b7a1ddf4abb862f96577bdff44,scorecam,ham,ham_diffusion_r192_20260517_115736,ISIC_0028508,192,adaptive_repair,False,/content/drive/MyDrive/Dissertation/edi_exports/heatmaps/scorecam/ham_baseline_r192_20260517_115647/ISIC_0028508_scorecam_heatmap.npy,/content/drive/MyDrive/Dissertation/edi_exports/heatmaps/scorecam/ham_diffusion_r192_20260517_115736/ISIC_0028508_scorecam_heatmap.npy,calculated,False,False,False,0.992691985281626,,0.9879357516765594,,0.0078591278413137,,isic_0028508,ham_baseline_r192_20260517_115647,0.992691985281626,0.9879357516765594,0.0078591278413137,0.0,0.0,0.0,True
ee9565a2b9042583d05f603638245ad803b9b033338c31629d1813ac11018364,scorecam,ham,ham_diffusion_r192_20260517_115736,ISIC_0032063,192,adaptive_repair,False,/content/drive/MyDrive/Dissertation/edi_exports/heatmaps/scorecam/ham_baseline_r192_20260517_115647/ISIC_0032063_scorecam_heatmap.npy,/content/drive/MyDrive/Dissertation/edi_exports/heatmaps/scorecam/ham_diffusion_r192_20260517_115736/ISIC_0032063_scorecam_heatmap.npy,calculated,False,False,False,0.9958481193416224,,0.9947129786014556,,0.0036814808638665,,isic_0032063,ham_baseline_r192_20260517_115647,0.9958481193416224,0.9947129786014556,0.0036814808638665,0.0,0.0,0.0,True
5ba34e446c221ab818308c694eb15d9ec82bc9aa5a2e91edbbafb5c079deafd5,scorecam,ham,ham_diffusion_r192_20260517_115736,ISIC_0067055,192,adaptive_repair,False,/content/drive/MyDrive/Dissertation/edi_exports/heatmaps/scorecam/ham_baseline_r192_20260517_115647/ISIC_0067055_scorecam_heatmap.npy,/content/drive/MyDrive/Dissertation/edi_exports/heatmaps/scorecam/ham_diffusion_r192_20260517_115736/ISIC_0067055_scorecam_heatmap.npy,calculated,False,False,False,0.9536279406452652,,0.9396843016147614,,0.041750864031303,,isic_0067055,ham_baseline_r192_20260517_115647,0.9536279406452652,0.9396843016147614,0.041750864031303,0.0,0.0,0.0,True
b5703815b49413b56cc56aecd10ca69571a73c327506e3cf9867cfce52305c88,scorecam,ham,ham_diffusion_r192_20260517_115736,ISIC_0027282,192,adaptive_repair,False,/content/drive/MyDrive/Dissertation/edi_exports/heatmaps/scorecam/ham_baseline_r192_20260517_115647/ISIC_0027282_scorecam_heatmap.npy,/content/drive/MyDrive/Dissertation/edi_exports/heatmaps/scorecam/ham_diffusion_r192_20260517_115736/ISIC_0027282_scorecam_heatmap.npy,calculated,False,False,False,0.9978294282552496,,0.9965922385454178,,0.0022465236634786,,isic_0027282,ham_baseline_r192_20260517_115647,0.9978294282552496,0.9965922385454178,0.0022465236634786,0.0,0.0,0.0,True
003c58533b2d07e57704589fd3fc452dc226cab160bccfba8c5fde9f418ad717,scorecam,ham,ham_diffusion_r192_20260517_115736,ISIC_0068248,192,adaptive_repair,False,/content/drive/MyDrive/Dissertation/edi_exports/heatmaps/scorecam/ham_baseline_r192_20260517_115647/ISIC_0068248_scorecam_heatmap.npy,/content/drive/MyDrive/Dissertation/edi_exports/heatmaps/scorecam/ham_diffusion_r192_20260517_115736/ISIC_0068248_scorecam_heatmap.npy,calculated,False,False,False,0.911367953695211,,0.8426672071218491,,0.1008244080152727,,isic_0068248,ham_baseline_r192_20260517_115647,0.911367953695211,0.8426672071218491,0.1008244080152727,0.0,0.0,0.0,True
43618beeb63fd5c8fa8d07e2f86e6140d7ab38929d89b5aa913a6048ca711c5f,scorecam,ham,ham_diffusion_r192_20260517_115736,ISIC_0058003,192,adaptive_repair,False,/content/drive/MyDrive/Dissertation/edi_exports/heatmaps/scorecam/ham_baseline_r192_20260517_115647/ISIC_0058003_scorecam_heatmap.npy,/content/drive/MyDrive/Dissertation/edi_exports/heatmaps/scorecam/ham_diffusion_r192_20260517_115736/ISIC_0058003_scorecam_heatmap.npy,calculated,False,False,False,0.9986870379686764,,0.9980309009552002,,0.0013127900302307,,isic_0058003,ham_baseline_r192_20260517_115647,0.9986870379686764,0.9980309009552002,0.0013127900302307,0.0,0.0,0.0,True
7b9eeeb31d961b8459621605c0db84978c88e5d439ba99077520aae12bba0fac,scorecam,ham,ham_diffusion_r192_20260517_115736,ISIC_0010490,192,adaptive_repair,False,/content/drive/MyDrive/Dissertation/edi_exports/heatmaps/scorecam/ham_baseline_r192_20260517_115647/ISIC_0010490_scorecam_heatmap.npy,/content/drive/MyDrive/Dissertation/edi_exports/heatmaps/scorecam/ham_diffusion_r192_20260517_115736/ISIC_0010490_scorecam_heatmap.npy,calculated,False,False,False,0.9987693857160664,,0.9988921731710434,,0.0008615669854616,,isic_0010490,ham_baseline_r192_20260517_115647,0.9987693857160664,0.9988921731710434,0.0008615669854616,0.0,0.0,0.0,True
5f23bcdf1f361eca452fc3b0168804c35f23608c900e9fb64f3b5507851a017e,scorecam,ham,ham_diffusion_r192_20260517_115736,ISIC_0033153,192,adaptive_repair,False,/content/drive/MyDrive/Dissertation/edi_exports/heatmaps/scorecam/ham_baseline_r192_20260517_115647/ISIC_0033153_scorecam_heatmap.npy,/content/drive/MyDrive/Dissertation/edi_exports/heatmaps/scorecam/ham_diffusion_r192_20260517_115736/ISIC_0033153_scorecam_heatmap.npy,calculated,False,False,False,0.9867893255248787,,0.982963964343071,,0.0118206864472448,,isic_0033153,ham_baseline_r192_20260517_115647,0.9867893255248787,0.982963964343071,0.0118206864472448,0.0,0.0,0.0,True
9e912fa45724a618bf8d49f9195fb80ff6d031b162b68d9d4765c405697163bb,scorecam,ham,ham_diffusion_r192_20260517_115736,ISIC_0073194,192,adaptive_repair,False,/content/drive/MyDrive/Dissertation/edi_exports/heatmaps/scorecam/ham_baseline_r192_20260517_115647/ISIC_0073194_scorecam_heatmap.npy,/content/drive/MyDrive/Dissertation/edi_exports/heatmaps/scorecam/ham_diffusion_r192_20260517_115736/ISIC_0073194_scorecam_heatmap.npy,calculated,False,False,False,0.9986408307532576,,0.997846394777298,,0.0014165949230365,,isic_0073194,ham_baseline_r192_20260517_115647,0.9986408307532576,0.997846394777298,0.0014165949230365,0.0,0.0,0.0,True
ea48fd6787b3e2d19adea840cc8a2cacef848855829190105433c99dff1a1b96,scorecam,ham,ham_diffusion_r192_20260517_115736,ISIC_0028273,192,adaptive_repair,False,/content/drive/MyDrive/Dissertation/edi_exports/heatmaps/scorecam/ham_baseline_r192_20260517_115647/ISIC_0028273_scorecam_heatmap.npy,/content/drive/MyDrive/Dissertation/edi_exports/heatmaps/scorecam/ham_diffusion_r192_20260517_115736/ISIC_0028273_scorecam_heatmap.npy,calculated,False,False,False,0.9891924666249076,,0.9890536814928056,,0.0081750425973703,,isic_0028273,ham_baseline_r192_20260517_115647,0.9891924666249076,0.9890536814928056,0.0081750425973703,0.0,0.0,0.0,True
9ffbc9a01303597b8b46d3b17b62bb67d84d23e5d83c4a82f86ea075789c1248,scorecam,ham,ham_diffusion_r192_20260517_115736,ISIC_0068778,192,adaptive_repair,False,/content/drive/MyDrive/Dissertation/edi_exports/heatmaps/scorecam/ham_baseline_r192_20260517_115647/ISIC_0068778_scorecam_heatmap.npy,/content/drive/MyDrive/Dissertation/edi_exports/heatmaps/scorecam/ham_diffusion_r192_20260517_115736/ISIC_0068778_scorecam_heatmap.npy,calculated,False,False,False,0.9287345233222912,,0.8822640180587769,,0.0766843601400387,,isic_0068778,ham_baseline_r192_20260517_115647,0.9287345233222912,0.8822640180587769,0.0766843601400387,0.0,0.0,0.0,True
fcd751a8376b0ae175e4b3ee265999e84ad1a678d93ec0fe2c2a36ad7fc968b9,scorecam,ham,ham_diffusion_r192_20260517_115736,ISIC_0033654,192,adaptive_repair,False,/content/drive/MyDrive/Dissertation/edi_exports/heatmaps/scorecam/ham_baseline_r192_20260517_115647/ISIC_0033654_scorecam_heatmap.npy,/content/drive/MyDrive/Dissertation/edi_exports/heatmaps/scorecam/ham_diffusion_r192_20260517_115736/ISIC_0033654_scorecam_heatmap.npy,calculated,False,False,False,0.98482104129152,,0.9720653146505356,,0.0177620823518521,,isic_0033654,ham_baseline_r192_20260517_115647,0.98482104129152,0.9720653146505356,0.0177620823518521,0.0,0.0,0.0,True
bb6c22d6fbcd7a9d788c6cd55450af1d96cf7383d6d4c538733d3253d1cde0e1,scorecam,ham,ham_diffusion_r192_20260517_115736,ISIC_0028226,192,adaptive_repair,False,/content/drive/MyDrive/Dissertation/edi_exports/heatmaps/scorecam/ham_baseline_r192_20260517_115647/ISIC_0028226_scorecam_heatmap.npy,/content/drive/MyDrive/Dissertation/edi_exports/heatmaps/scorecam/ham_diffusion_r192_20260517_115736/ISIC_0028226_scorecam_heatmap.npy,calculated,False,False,False,0.9491284851955084,,0.9053727388381958,,0.0600315092820249,,isic_0028226,ham_baseline_r192_20260517_115647,0.9491284851955084,0.9053727388381958,0.0600315092820249,0.0,0.0,0.0,True
ee3d80215f780c70316294afa6acf929ffcbd9e1f95c2aeaf572e6bfd24ef070,scorecam,ham,ham_diffusion_r192_20260517_115736,ISIC_0054787,192,adaptive_repair,False,/content/drive/MyDrive/Dissertation/edi_exports/heatmaps/scorecam/ham_baseline_r192_20260517_115647/ISIC_0054787_scorecam_heatmap.npy,/content/drive/MyDrive/Dissertation/edi_exports/heatmaps/scorecam/ham_diffusion_r192_20260517_115736/ISIC_0054787_scorecam_heatmap.npy,calculated,False,False,False,0.9993664630252204,,0.9994329810142516,,0.0004418937365691,,isic_0054787,ham_baseline_r192_20260517_115647,0.9993664630252204,0.9994329810142516,0.0004418937365691,0.0,0.0,0.0,True
836878eee8bc1c799f126f54f827ea286fc43f1926619fd58ed17c5b29d600db,scorecam,ham,ham_diffusion_r192_20260517_115736,ISIC_0059680,192,adaptive_repair,False,/content/drive/MyDrive/Dissertation/edi_exports/heatmaps/scorecam/ham_baseline_r192_20260517_115647/ISIC_0059680_scorecam_heatmap.npy,/content/drive/MyDrive/Dissertation/edi_exports/heatmaps/scorecam/ham_diffusion_r192_20260517_115736/ISIC_0059680_scorecam_heatmap.npy,calculated,False,False,False,0.9598981541679752,,0.9555183798074722,,0.03226627155427,,isic_0059680,ham_baseline_r192_20260517_115647,0.9598981541679752,0.9555183798074722,0.03226627155427,0.0,0.0,0.0,True
d7656b0209c84704207aae37fed6cbb78b21ab20411dcf0b27e1adb4d4b3c0d0,scorecam,ham,ham_dl_preprocess_r192_20260517_185357,ISIC_0027358,192,adaptive_repair,False,/content/drive/MyDrive/Dissertation/edi_exports/heatmaps/scorecam/ham_baseline_r192_20260517_115647/ISIC_0027358_scorecam_heatmap.npy,/content/drive/MyDrive/Dissertation/edi_exports/heatmaps/scorecam/ham_dl_preprocess_r192_20260517_185357/ISIC_0027358_scorecam_heatmap.npy,calculated,False,False,False,0.9862920381801784,,0.9611805528402328,,0.022836714034839,,isic_0027358,ham_baseline_r192_20260517_115647,0.9862920381801784,0.9611805528402328,0.022836714034839,0.0,0.0,0.0,True
48e29c9746776c700fa36b5e5fb36c430b25d36d31bca7e6402579159980d027,scorecam,ham,ham_dl_preprocess_r192_20260517_185357,ISIC_0030752,192,adaptive_repair,False,/content/drive/MyDrive/Dissertation/edi_exports/heatmaps/scorecam/ham_baseline_r192_20260517_115647/ISIC_0030752_scorecam_heatmap.npy,/content/drive/MyDrive/Dissertation/edi_exports/heatmaps/scorecam/ham_dl_preprocess_r192_20260517_185357/ISIC_0030752_scorecam_heatmap.npy,calculated,False,False,False,0.9883738590445232,,0.9833385050296783,,0.01123728272403,,isic_0030752,ham_baseline_r192_20260517_115647,0.9883738590445232,0.9833385050296783,0.01123728272403,0.0,0.0,0.0,True
1dfb1ab84c2989af973f9f3fee5327a33dbfce4952e62fe7ae4e852686828a23,scorecam,ham,ham_dl_preprocess_r192_20260517_185357,ISIC_0029786,192,adaptive_repair,False,/content/drive/MyDrive/Dissertation/edi_exports/heatmaps/scorecam/ham_baseline_r192_20260517_115647/ISIC_0029786_scorecam_heatmap.npy,/content/drive/MyDrive/Dissertation/edi_exports/heatmaps/scorecam/ham_dl_preprocess_r192_20260517_185357/ISIC_0029786_scorecam_heatmap.npy,calculated,False,False,False,0.9902110140954627,,0.9845054447650908,,0.0101945240935887,,isic_0029786,ham_baseline_r192_20260517_115647,0.9902110140954627,0.9845054447650908,0.0101945240935887,0.0,0.0,0.0,True
4e39cda71cc8e8cc194ad07cd136831d918dc2678aae0cd1b7c28a5bd25b52f9,scorecam,ham,ham_dl_preprocess_r192_20260517_185357,ISIC_0026652,192,adaptive_repair,False,/content/drive/MyDrive/Dissertation/edi_exports/heatmaps/scorecam/ham_baseline_r192_20260517_115647/ISIC_0026652_scorecam_heatmap.npy,/content/drive/MyDrive/Dissertation/edi_exports/heatmaps/scorecam/ham_dl_preprocess_r192_20260517_185357/ISIC_0026652_scorecam_heatmap.npy,calculated,False,False,False,0.8382650388393177,,0.5054507181048393,,0.2877083812377509,,isic_0026652,ham_baseline_r192_20260517_115647,0.8382650388393177,0.5054507181048393,0.2877083812377509,0.0,0.0,0.0,True
3c402a4336195345bf4ec6c5dcb889f61f4a41f31a8aa5dadee6fc18eec044f7,scorecam,ham,ham_dl_preprocess_r192_20260517_185357,ISIC_0032833,192,adaptive_repair,False,/content/drive/MyDrive/Dissertation/edi_exports/heatmaps/scorecam/ham_baseline_r192_20260517_115647/ISIC_0032833_scorecam_heatmap.npy,/content/drive/MyDrive/Dissertation/edi_exports/heatmaps/scorecam/ham_dl_preprocess_r192_20260517_185357/ISIC_0032833_scorecam_heatmap.npy,calculated,False,False,False,0.9787515801246276,,0.9594652205705644,,0.0255794946835609,,isic_0032833,ham_baseline_r192_20260517_115647,0.9787515801246276,0.9594652205705644,0.0255794946835609,0.0,0.0,0.0,True
6b75303f38ac1fd3334ee9a3fa748342df319fdcff0d3715888762773adb1af1,scorecam,ham,ham_dl_preprocess_r192_20260517_185357,ISIC_0031445,192,adaptive_repair,False,/content/drive/MyDrive/Dissertation/edi_exports/heatmaps/scorecam/ham_baseline_r192_20260517_115647/ISIC_0031445_scorecam_heatmap.npy,/content/drive/MyDrive/Dissertation/edi_exports/heatmaps/scorecam/ham_dl_preprocess_r192_20260517_185357/ISIC_0031445_scorecam_heatmap.npy,calculated,False,False,False,0.5908906708163352,,0.4490598663687706,,0.3777473991115309,,isic_0031445,ham_baseline_r192_20260517_115647,0.5908906708163352,0.4490598663687706,0.3777473991115309,0.0,0.0,0.0,True
881e37fdb25a0a52dcba11a8d66b3639b5721d4573c11b1d81efe37b6d37945b,scorecam,ham,ham_dl_preprocess_r192_20260517_185357,ISIC_0063544,192,adaptive_repair,False,/content/drive/MyDrive/Dissertation/edi_exports/heatmaps/scorecam/ham_baseline_r192_20260517_115647/ISIC_0063544_scorecam_heatmap.npy,/content/drive/MyDrive/Dissertation/edi_exports/heatmaps/scorecam/ham_dl_preprocess_r192_20260517_185357/ISIC_0063544_scorecam_heatmap.npy,calculated,False,False,False,0.9978749697135552,,0.9973106682300568,,0.0018759234565828,,isic_0063544,ham_baseline_r192_20260517_115647,0.9978749697135552,0.9973106682300568,0.0018759234565828,0.0,0.0,0.0,True
a5aa317041d8898cd20536240865dd88d9dda50b35fe631e52ee527b85fbc2c9,scorecam,ham,ham_dl_preprocess_r192_20260517_185357,ISIC_0053615,192,adaptive_repair,False,/content/drive/MyDrive/Dissertation/edi_exports/heatmaps/scorecam/ham_baseline_r192_20260517_115647/ISIC_0053615_scorecam_heatmap.npy,/content/drive/MyDrive/Dissertation/edi_exports/heatmaps/scorecam/ham_dl_preprocess_r192_20260517_185357/ISIC_0053615_scorecam_heatmap.npy,calculated,False,False,False,0.9892345878540048,,0.983089029788971,,0.0111468381420133,,isic_0053615,ham_baseline_r192_20260517_115647,0.9892345878540048,0.983089029788971,0.0111468381420133,0.0,0.0,0.0,True
184a9fd815089d99e711511770d24f33d8a91e3d21c2f31d5b9aab640d06c76e,scorecam,ham,ham_dl_preprocess_r192_20260517_185357,ISIC_0067519,192,adaptive_repair,False,/content/drive/MyDrive/Dissertation/edi_exports/heatmaps/scorecam/ham_baseline_r192_20260517_115647/ISIC_0067519_scorecam_heatmap.npy,/content/drive/MyDrive/Dissertation/edi_exports/heatmaps/scorecam/ham_dl_preprocess_r192_20260517_185357/ISIC_0067519_scorecam_heatmap.npy,calculated,False,False,False,0.8687071316051246,,0.7967308312654495,,0.134457801465994,,isic_0067519,ham_baseline_r192_20260517_115647,0.8687071316051246,0.7967308312654495,0.134457801465994,0.0,0.0,0.0,True
df80f5f17aa845923d0cef24e831dc9785c7e4b30ac75e197adfa1e30159323b,scorecam,ham,ham_dl_preprocess_r192_20260517_185357,ISIC_0030653,192,adaptive_repair,False,/content/drive/MyDrive/Dissertation/edi_exports/heatmaps/scorecam/ham_baseline_r192_20260517_115647/ISIC_0030653_scorecam_heatmap.npy,/content/drive/MyDrive/Dissertation/edi_exports/heatmaps/scorecam/ham_dl_preprocess_r192_20260517_185357/ISIC_0030653_scorecam_heatmap.npy,calculated,False,False,False,0.9983687330667332,,0.996895357966423,,0.0019601377501051,,isic_0030653,ham_baseline_r192_20260517_115647,0.9983687330667332,0.996895357966423,0.0019601377501051,0.0,0.0,0.0,True
4c3d42857f36a507c66d64f4d7155e2f16e6ff3a7fbcedcbded80e04a4f57847,scorecam,ham,ham_dl_preprocess_r192_20260517_185357,ISIC_0064161,192,adaptive_repair,False,/content/drive/MyDrive/Dissertation/edi_exports/heatmaps/scorecam/ham_baseline_r192_20260517_115647/ISIC_0064161_scorecam_heatmap.npy,/content/drive/MyDrive/Dissertation/edi_exports/heatmaps/scorecam/ham_dl_preprocess_r192_20260517_185357/ISIC_0064161_scorecam_heatmap.npy,calculated,False,False,False,0.9588574371483432,,0.9214060455560684,,0.04958261793488,,isic_0064161,ham_baseline_r192_20260517_115647,0.9588574371483432,0.9214060455560684,0.04958261793488,0.0,0.0,0.0,True
3130046fdfdd69bf6522ccdf14cea8f4710f40b7bfa36752304b141a84f50bbc,scorecam,ham,ham_dl_preprocess_r192_20260517_185357,ISIC_0031005,192,adaptive_repair,False,/content/drive/MyDrive/Dissertation/edi_exports/heatmaps/scorecam/ham_baseline_r192_20260517_115647/ISIC_0031005_scorecam_heatmap.npy,/content/drive/MyDrive/Dissertation/edi_exports/heatmaps/scorecam/ham_dl_preprocess_r192_20260517_185357/ISIC_0031005_scorecam_heatmap.npy,calculated,False,False,False,0.9692027249047352,,0.9561309814453124,,0.0296338280511599,,isic_0031005,ham_baseline_r192_20260517_115647,0.9692027249047352,0.9561309814453124,0.0296338280511599,0.0,0.0,0.0,True
a85cc09920027a0e0f63a2ff1f506d2f9e341e9e5a251a39707b9f0ef78f42d2,scorecam,ham,ham_dl_preprocess_r192_20260517_185357,ISIC_0028490,192,adaptive_repair,False,/content/drive/MyDrive/Dissertation/edi_exports/heatmaps/scorecam/ham_baseline_r192_20260517_115647/ISIC_0028490_scorecam_heatmap.npy,/content/drive/MyDrive/Dissertation/edi_exports/heatmaps/scorecam/ham_dl_preprocess_r192_20260517_185357/ISIC_0028490_scorecam_heatmap.npy,calculated,False,False,False,0.9812635657677088,,0.9754539728164672,,0.0169571221498391,,isic_0028490,ham_baseline_r192_20260517_115647,0.9812635657677088,0.9754539728164672,0.0169571221498391,0.0,0.0,0.0,True
193202ffca2d93de2ab53a29a92054f546becbd1317b963b3bd9c5e1f9d3ea06,scorecam,ham,ham_dl_preprocess_r192_20260517_185357,ISIC_0027712,192,adaptive_repair,False,/content/drive/MyDrive/Dissertation/edi_exports/heatmaps/scorecam/ham_baseline_r192_20260517_115647/ISIC_0027712_scorecam_heatmap.npy,/content/drive/MyDrive/Dissertation/edi_exports/heatmaps/scorecam/ham_dl_preprocess_r192_20260517_185357/ISIC_0027712_scorecam_heatmap.npy,calculated,False,False,False,0.9509082583041608,,0.934454709291458,,0.0450455807782307,,isic_0027712,ham_baseline_r192_20260517_115647,0.9509082583041608,0.934454709291458,0.0450455807782307,0.0,0.0,0.0,True
e9a21673a1b2cf41ba5beeaf6cca3eb40b6afb5d30beb90f61f700a4daa9d157,scorecam,ham,ham_dl_preprocess_r192_20260517_185357,ISIC_0015232_DOWNSAMPLED,192,adaptive_repair,False,/content/drive/MyDrive/Dissertation/edi_exports/heatmaps/scorecam/ham_baseline_r192_20260517_115647/ISIC_0015232_downsampled_scorecam_heatmap.npy,/content/drive/MyDrive/Dissertation/edi_exports/heatmaps/scorecam/ham_dl_preprocess_r192_20260517_185357/ISIC_0015232_downsampled_scorecam_heatmap.npy,calculated,False,False,False,0.9656783285136324,,0.9556009471416472,,0.0307799443007682,,isic_0015232_downsampled,ham_baseline_r192_20260517_115647,0.9656783285136324,0.9556009471416472,0.0307799443007682,0.0,0.0,0.0,True
79c992f88fd7ba2040f119e9ee2662f6b3552603f9b057ca989dd0c278c8971d,scorecam,ham,ham_dl_preprocess_r192_20260517_185357,ISIC_0031745,192,adaptive_repair,False,/content/drive/MyDrive/Dissertation/edi_exports/heatmaps/scorecam/ham_baseline_r192_20260517_115647/ISIC_0031745_scorecam_heatmap.npy,/content/drive/MyDrive/Dissertation/edi_exports/heatmaps/scorecam/ham_dl_preprocess_r192_20260517_185357/ISIC_0031745_scorecam_heatmap.npy,calculated,False,False,False,0.9289038932936096,,0.8843156099319458,,0.0756162217106247,,isic_0031745,ham_baseline_r192_20260517_115647,0.9289038932936096,0.8843156099319458,0.0756162217106247,0.0,0.0,0.0,True
0227954054bb8c9762be1fe51e47eddb4a6be4ab52ce4901ebf70186adc466b9,scorecam,ham,ham_dl_preprocess_r192_20260517_185357,ISIC_0027397,192,adaptive_repair,False,/content/drive/MyDrive/Dissertation/edi_exports/heatmaps/scorecam/ham_baseline_r192_20260517_115647/ISIC_0027397_scorecam_heatmap.npy,/content/drive/MyDrive/Dissertation/edi_exports/heatmaps/scorecam/ham_dl_preprocess_r192_20260517_185357/ISIC_0027397_scorecam_heatmap.npy,calculated,False,False,False,0.9947479586592874,,0.9935734868049622,,0.004526266932697,,isic_0027397,ham_baseline_r192_20260517_115647,0.9947479586592874,0.9935734868049622,0.004526266932697,0.0,0.0,0.0,True
e20d3abb17c5c1f35390189f866a3827ca4f93ade4e624dcdbd87670dcec20fa,scorecam,ham,ham_dl_preprocess_r192_20260517_185357,ISIC_0070105,192,adaptive_repair,False,/content/drive/MyDrive/Dissertation/edi_exports/heatmaps/scorecam/ham_baseline_r192_20260517_115647/ISIC_0070105_scorecam_heatmap.npy,/content/drive/MyDrive/Dissertation/edi_exports/heatmaps/scorecam/ham_dl_preprocess_r192_20260517_185357/ISIC_0070105_scorecam_heatmap.npy,calculated,False,False,False,0.9997080334271684,,0.9995802044868468,,0.0002828893997844,,isic_0070105,ham_baseline_r192_20260517_115647,0.9997080334271684,0.9995802044868468,0.0002828893997844,0.0,0.0,0.0,True
956d90797e2ea0147f4c639a2ed11c47881098f01d80669df173bde580b991aa,scorecam,ham,ham_dl_preprocess_r192_20260517_185357,ISIC_0028847,192,adaptive_repair,False,/content/drive/MyDrive/Dissertation/edi_exports/heatmaps/scorecam/ham_baseline_r192_20260517_115647/ISIC_0028847_scorecam_heatmap.npy,/content/drive/MyDrive/Dissertation/edi_exports/heatmaps/scorecam/ham_dl_preprocess_r192_20260517_185357/ISIC_0028847_scorecam_heatmap.npy,calculated,False,False,False,0.9959771107395166,,0.9955511391162872,,0.0032301527569772,,isic_0028847,ham_baseline_r192_20260517_115647,0.9959771107395166,0.9955511391162872,0.0032301527569772,0.0,0.0,0.0,True
1b7de07fcd98e23bea9d5e844a68fec2145a15b6ef2c5e1716ab75e2b8b5bc93,scorecam,ham,ham_dl_preprocess_r192_20260517_185357,ISIC_0068414,192,adaptive_repair,False,/content/drive/MyDrive/Dissertation/edi_exports/heatmaps/scorecam/ham_baseline_r192_20260517_115647/ISIC_0068414_scorecam_heatmap.npy,/content/drive/MyDrive/Dissertation/edi_exports/heatmaps/scorecam/ham_dl_preprocess_r192_20260517_185357/ISIC_0068414_scorecam_heatmap.npy,calculated,False,False,False,0.9950400948651854,,0.990548774600029,,0.0059655889836891,,isic_0068414,ham_baseline_r192_20260517_115647,0.9950400948651854,0.990548774600029,0.0059655889836891,0.0,0.0,0.0,True
da9653b21be8fe5ca7148f18c0d561131563636be30f057fa9a7dd0fe116ee88,scorecam,ham,ham_dl_preprocess_r192_20260517_185357,ISIC_0032425,192,adaptive_repair,False,/content/drive/MyDrive/Dissertation/edi_exports/heatmaps/scorecam/ham_baseline_r192_20260517_115647/ISIC_0032425_scorecam_heatmap.npy,/content/drive/MyDrive/Dissertation/edi_exports/heatmaps/scorecam/ham_dl_preprocess_r192_20260517_185357/ISIC_0032425_scorecam_heatmap.npy,calculated,False,False,False,0.9944279642802178,,0.993597999215126,,0.0045940093223825,,isic_0032425,ham_baseline_r192_20260517_115647,0.9944279642802178,0.993597999215126,0.0045940093223825,0.0,0.0,0.0,True
4f56a6c37daaf8aaf2d7b14e551b76ef58c26af60be69686f4b0eb22dcd8a7b1,scorecam,ham,ham_dl_preprocess_r192_20260517_185357,ISIC_0031535,192,adaptive_repair,False,/content/drive/MyDrive/Dissertation/edi_exports/heatmaps/scorecam/ham_baseline_r192_20260517_115647/ISIC_0031535_scorecam_heatmap.npy,/content/drive/MyDrive/Dissertation/edi_exports/heatmaps/scorecam/ham_dl_preprocess_r192_20260517_185357/ISIC_0031535_scorecam_heatmap.npy,calculated,False,False,False,0.960393362656622,,0.9350732862949372,,0.0423650161883759,,isic_0031535,ham_baseline_r192_20260517_115647,0.960393362656622,0.9350732862949372,0.0423650161883759,0.0,0.0,0.0,True
1635e16478f0c90ccf3207f868b7476ef98533bcfa0b5f598e36d95de100cb29,scorecam,ham,ham_dl_preprocess_r192_20260517_185357,ISIC_0027102,192,adaptive_repair,False,/content/drive/MyDrive/Dissertation/edi_exports/heatmaps/scorecam/ham_baseline_r192_20260517_115647/ISIC_0027102_scorecam_heatmap.npy,/content/drive/MyDrive/Dissertation/edi_exports/heatmaps/scorecam/ham_dl_preprocess_r192_20260517_185357/ISIC_0027102_scorecam_heatmap.npy,calculated,False,False,False,0.9016699466212896,,0.8959362506866455,,0.0766143880013548,,isic_0027102,ham_baseline_r192_20260517_115647,0.9016699466212896,0.8959362506866455,0.0766143880013548,0.0,0.0,0.0,True
4e02f62bb100eacb4f976b3d7a683c7014e654712ea6b30c733c4445f3a24ff8,scorecam,ham,ham_dl_preprocess_r192_20260517_185357,ISIC_0061194,192,adaptive_repair,False,/content/drive/MyDrive/Dissertation/edi_exports/heatmaps/scorecam/ham_baseline_r192_20260517_115647/ISIC_0061194_scorecam_heatmap.npy,/content/drive/MyDrive/Dissertation/edi_exports/heatmaps/scorecam/ham_dl_preprocess_r192_20260517_185357/ISIC_0061194_scorecam_heatmap.npy,calculated,False,False,False,0.9946474272345958,,0.9858618676662444,,0.0084072093582288,,isic_0061194,ham_baseline_r192_20260517_115647,0.9946474272345958,0.9858618676662444,0.0084072093582288,0.0,0.0,0.0,True
15fdb42159efd8bc2d24754ec2b348e812b4dda6337beb5b8fc04330317eae1a,scorecam,ham,ham_dl_preprocess_r192_20260517_185357,ISIC_0058285,192,adaptive_repair,False,/content/drive/MyDrive/Dissertation/edi_exports/heatmaps/scorecam/ham_baseline_r192_20260517_115647/ISIC_0058285_scorecam_heatmap.npy,/content/drive/MyDrive/Dissertation/edi_exports/heatmaps/scorecam/ham_dl_preprocess_r192_20260517_185357/ISIC_0058285_scorecam_heatmap.npy,calculated,False,False,False,0.7307748858973704,,0.5690301731228828,,0.282791191964216,,isic_0058285,ham_baseline_r192_20260517_115647,0.7307748858973704,0.5690301731228828,0.282791191964216,0.0,0.0,0.0,True
fd52887e8866f06e18cb87fef91f5b2283d93fa1ef3a8e9b00bf1e792ec9c720,scorecam,ham,ham_dl_preprocess_r192_20260517_185357,ISIC_0028508,192,adaptive_repair,False,/content/drive/MyDrive/Dissertation/edi_exports/heatmaps/scorecam/ham_baseline_r192_20260517_115647/ISIC_0028508_scorecam_heatmap.npy,/content/drive/MyDrive/Dissertation/edi_exports/heatmaps/scorecam/ham_dl_preprocess_r192_20260517_185357/ISIC_0028508_scorecam_heatmap.npy,calculated,False,False,False,0.9677510343698654,,0.9415594935417176,,0.0372824946366748,,isic_0028508,ham_baseline_r192_20260517_115647,0.9677510343698654,0.9415594935417176,0.0372824946366748,0.0,0.0,0.0,True
996f8d848cb30a55ad7f8d227ae4ef26c3d7f1f480dbc7fed914ea2338672c13,scorecam,ham,ham_dl_preprocess_r192_20260517_185357,ISIC_0032063,192,adaptive_repair,False,/content/drive/MyDrive/Dissertation/edi_exports/heatmaps/scorecam/ham_baseline_r192_20260517_115647/ISIC_0032063_scorecam_heatmap.npy,/content/drive/MyDrive/Dissertation/edi_exports/heatmaps/scorecam/ham_dl_preprocess_r192_20260517_185357/ISIC_0032063_scorecam_heatmap.npy,calculated,False,False,False,0.9892400219090948,,0.9865801185369492,,0.0093999352542517,,isic_0032063,ham_baseline_r192_20260517_115647,0.9892400219090948,0.9865801185369492,0.0093999352542517,0.0,0.0,0.0,True
960643f43affce32223576d61442f88e2c8dc9ab986f8a27f59628bc543299a2,scorecam,ham,ham_dl_preprocess_r192_20260517_185357,ISIC_0067055,192,adaptive_repair,False,/content/drive/MyDrive/Dissertation/edi_exports/heatmaps/scorecam/ham_baseline_r192_20260517_115647/ISIC_0067055_scorecam_heatmap.npy,/content/drive/MyDrive/Dissertation/edi_exports/heatmaps/scorecam/ham_dl_preprocess_r192_20260517_185357/ISIC_0067055_scorecam_heatmap.npy,calculated,False,False,False,0.840941318043883,,0.8157926052808762,,0.1318683678485911,,isic_0067055,ham_baseline_r192_20260517_115647,0.840941318043883,0.8157926052808762,0.1318683678485911,0.0,0.0,0.0,True
705f7225af6411a5bc567a6c825ecb71f5c53cb04870b4d981956c842a90eb24,scorecam,ham,ham_dl_preprocess_r192_20260517_185357,ISIC_0027282,192,adaptive_repair,False,/content/drive/MyDrive/Dissertation/edi_exports/heatmaps/scorecam/ham_baseline_r192_20260517_115647/ISIC_0027282_scorecam_heatmap.npy,/content/drive/MyDrive/Dissertation/edi_exports/heatmaps/scorecam/ham_dl_preprocess_r192_20260517_185357/ISIC_0027282_scorecam_heatmap.npy,calculated,False,False,False,0.9908056854360974,,0.9871058166027068,,0.0087456703396222,,isic_0027282,ham_baseline_r192_20260517_115647,0.9908056854360974,0.9871058166027068,0.0087456703396222,0.0,0.0,0.0,True
adaa085530a014db9ec3b889e49ffead79d81e93c6928325796d5bf382498053,scorecam,ham,ham_dl_preprocess_r192_20260517_185357,ISIC_0068248,192,adaptive_repair,False,/content/drive/MyDrive/Dissertation/edi_exports/heatmaps/scorecam/ham_baseline_r192_20260517_115647/ISIC_0068248_scorecam_heatmap.npy,/content/drive/MyDrive/Dissertation/edi_exports/heatmaps/scorecam/ham_dl_preprocess_r192_20260517_185357/ISIC_0068248_scorecam_heatmap.npy,calculated,False,False,False,0.646368667927748,,0.549432247877121,,0.3136917090795025,,isic_0068248,ham_baseline_r192_20260517_115647,0.646368667927748,0.549432247877121,0.3136917090795025,0.0,0.0,0.0,True
6323f6941aa7042fe8ca837f4734746e61c1ec2f032d21cfd34a52e37ef0e284,scorecam,ham,ham_dl_preprocess_r192_20260517_185357,ISIC_0058003,192,adaptive_repair,False,/content/drive/MyDrive/Dissertation/edi_exports/heatmaps/scorecam/ham_baseline_r192_20260517_115647/ISIC_0058003_scorecam_heatmap.npy,/content/drive/MyDrive/Dissertation/edi_exports/heatmaps/scorecam/ham_dl_preprocess_r192_20260517_185357/ISIC_0058003_scorecam_heatmap.npy,calculated,False,False,False,0.9939508398145545,,0.993517890572548,,0.0047533447600874,,isic_0058003,ham_baseline_r192_20260517_115647,0.9939508398145545,0.993517890572548,0.0047533447600874,0.0,0.0,0.0,True
affc18928f953a22d272fdf28e1d661e98efed10181f97e4834ca5888f6a5238,scorecam,ham,ham_dl_preprocess_r192_20260517_185357,ISIC_0010490,192,adaptive_repair,False,/content/drive/MyDrive/Dissertation/edi_exports/heatmaps/scorecam/ham_baseline_r192_20260517_115647/ISIC_0010490_scorecam_heatmap.npy,/content/drive/MyDrive/Dissertation/edi_exports/heatmaps/scorecam/ham_dl_preprocess_r192_20260517_185357/ISIC_0010490_scorecam_heatmap.npy,calculated,False,False,False,0.9905161032785912,,0.9859827309846878,,0.0093796086880082,,isic_0010490,ham_baseline_r192_20260517_115647,0.9905161032785912,0.9859827309846878,0.0093796086880082,0.0,0.0,0.0,True
e31dd11cc8dce8f2221f795e12d18a25f8bd74222873d2717b1eb725d6974480,scorecam,ham,ham_dl_preprocess_r192_20260517_185357,ISIC_0033153,192,adaptive_repair,False,/content/drive/MyDrive/Dissertation/edi_exports/heatmaps/scorecam/ham_baseline_r192_20260517_115647/ISIC_0033153_scorecam_heatmap.npy,/content/drive/MyDrive/Dissertation/edi_exports/heatmaps/scorecam/ham_dl_preprocess_r192_20260517_185357/ISIC_0033153_scorecam_heatmap.npy,calculated,False,False,False,0.9941633386677948,,0.992493063211441,,0.0052126337273307,,isic_0033153,ham_baseline_r192_20260517_115647,0.9941633386677948,0.992493063211441,0.0052126337273307,0.0,0.0,0.0,True
7d6641d6131c83b610bbe352fbf7cb5ebe421959c258eaf52b6723265c0c0862,scorecam,ham,ham_dl_preprocess_r192_20260517_185357,ISIC_0073194,192,adaptive_repair,False,/content/drive/MyDrive/Dissertation/edi_exports/heatmaps/scorecam/ham_baseline_r192_20260517_115647/ISIC_0073194_scorecam_heatmap.npy,/content/drive/MyDrive/Dissertation/edi_exports/heatmaps/scorecam/ham_dl_preprocess_r192_20260517_185357/ISIC_0073194_scorecam_heatmap.npy,calculated,False,False,False,0.9918871812909488,,0.984166830778122,,0.0099447892882018,,isic_0073194,ham_baseline_r192_20260517_115647,0.9918871812909488,0.984166830778122,0.0099447892882018,0.0,0.0,0.0,True
f244feb68f1600ca5604f12dcb7bedc4e84e66c4b342403421f93ac2a2b40d80,scorecam,ham,ham_dl_preprocess_r192_20260517_185357,ISIC_0028273,192,adaptive_repair,False,/content/drive/MyDrive/Dissertation/edi_exports/heatmaps/scorecam/ham_baseline_r192_20260517_115647/ISIC_0028273_scorecam_heatmap.npy,/content/drive/MyDrive/Dissertation/edi_exports/heatmaps/scorecam/ham_dl_preprocess_r192_20260517_185357/ISIC_0028273_scorecam_heatmap.npy,calculated,False,False,False,0.762690502614076,,0.6408545076847076,,0.2389001205041271,,isic_0028273,ham_baseline_r192_20260517_115647,0.762690502614076,0.6408545076847076,0.2389001205041271,0.0,0.0,0.0,True
3a693dfaa68303b2667d4aa51b25a019ef3a89fa6e74414c62fc7640e111f1e6,scorecam,ham,ham_dl_preprocess_r192_20260517_185357,ISIC_0068778,192,adaptive_repair,False,/content/drive/MyDrive/Dissertation/edi_exports/heatmaps/scorecam/ham_baseline_r192_20260517_115647/ISIC_0068778_scorecam_heatmap.npy,/content/drive/MyDrive/Dissertation/edi_exports/heatmaps/scorecam/ham_dl_preprocess_r192_20260517_185357/ISIC_0068778_scorecam_heatmap.npy,calculated,False,False,False,0.8135690578272802,,0.7484327107667923,,0.1723913801597838,,isic_0068778,ham_baseline_r192_20260517_115647,0.8135690578272802,0.7484327107667923,0.1723913801597838,0.0,0.0,0.0,True
56341efc1418072b26aebb5cf16e6122b7d4a1a30e931c8ee6a579c209a339cd,scorecam,ham,ham_dl_preprocess_r192_20260517_185357,ISIC_0033654,192,adaptive_repair,False,/content/drive/MyDrive/Dissertation/edi_exports/heatmaps/scorecam/ham_baseline_r192_20260517_115647/ISIC_0033654_scorecam_heatmap.npy,/content/drive/MyDrive/Dissertation/edi_exports/heatmaps/scorecam/ham_dl_preprocess_r192_20260517_185357/ISIC_0033654_scorecam_heatmap.npy,calculated,False,False,False,0.9943238889368968,,0.989347442984581,,0.0067453062734852,,isic_0033654,ham_baseline_r192_20260517_115647,0.9943238889368968,0.989347442984581,0.0067453062734852,0.0,0.0,0.0,True
410786283651c26af51224a37e737f3454bcca82670fa1bdc8f31d0112ead1e5,scorecam,ham,ham_dl_preprocess_r192_20260517_185357,ISIC_0028226,192,adaptive_repair,False,/content/drive/MyDrive/Dissertation/edi_exports/heatmaps/scorecam/ham_baseline_r192_20260517_115647/ISIC_0028226_scorecam_heatmap.npy,/content/drive/MyDrive/Dissertation/edi_exports/heatmaps/scorecam/ham_dl_preprocess_r192_20260517_185357/ISIC_0028226_scorecam_heatmap.npy,calculated,False,False,False,0.9933448481957438,,0.9935244023799896,,0.0049015867610692,,isic_0028226,ham_baseline_r192_20260517_115647,0.9933448481957438,0.9935244023799896,0.0049015867610692,0.0,0.0,0.0,True
48a666771f41ff1f1895bfc35aced2396a56b02c17db4501c0a8d4bf0f45f440,scorecam,ham,ham_dl_preprocess_r192_20260517_185357,ISIC_0054787,192,adaptive_repair,False,/content/drive/MyDrive/Dissertation/edi_exports/heatmaps/scorecam/ham_baseline_r192_20260517_115647/ISIC_0054787_scorecam_heatmap.npy,/content/drive/MyDrive/Dissertation/edi_exports/heatmaps/scorecam/ham_dl_preprocess_r192_20260517_185357/ISIC_0054787_scorecam_heatmap.npy,calculated,False,False,False,0.9991448325601582,,0.998753011226654,,0.0008372862466334,,isic_0054787,ham_baseline_r192_20260517_115647,0.9991448325601582,0.998753011226654,0.0008372862466334,0.0,0.0,0.0,True
fd4d8826d4d7b781f1a55cda6941cbef35e41ae3faf86330a4098bb7743fdfc2,scorecam,ham,ham_dl_preprocess_r192_20260517_185357,ISIC_0059680,192,adaptive_repair,False,/content/drive/MyDrive/Dissertation/edi_exports/heatmaps/scorecam/ham_baseline_r192_20260517_115647/ISIC_0059680_scorecam_heatmap.npy,/content/drive/MyDrive/Dissertation/edi_exports/heatmaps/scorecam/ham_dl_preprocess_r192_20260517_185357/ISIC_0059680_scorecam_heatmap.npy,calculated,False,False,False,0.9083772494269644,,0.8870970010757446,,0.0793571871053866,,isic_0059680,ham_baseline_r192_20260517_115647,0.9083772494269644,0.8870970010757446,0.0793571871053866,0.0,0.0,0.0,True
c86237e3740261152c8fbc5987c012bda99328234dea4a4688848707ee3fe2b2,scorecam,ham,ham_dullrazor_r192_20260517_115716,ISIC_0027358,192,adaptive_repair,False,/content/drive/MyDrive/Dissertation/edi_exports/heatmaps/scorecam/ham_baseline_r192_20260517_115647/ISIC_0027358_scorecam_heatmap.npy,/content/drive/MyDrive/Dissertation/edi_exports/heatmaps/scorecam/ham_dullrazor_r192_20260517_115716/ISIC_0027358_scorecam_heatmap.npy,calculated,False,False,False,0.9992294865206148,,0.9992125183343888,,0.0005863692026518,,isic_0027358,ham_baseline_r192_20260517_115647,0.9992294865206148,0.9992125183343888,0.0005863692026518,0.0,0.0,0.0,True
8a8c383fd6d50b4a6f1ace69e8218e7fc2de83d8ed3d64509dd2f087c429348e,scorecam,ham,ham_dullrazor_r192_20260517_115716,ISIC_0030752,192,adaptive_repair,False,/content/drive/MyDrive/Dissertation/edi_exports/heatmaps/scorecam/ham_baseline_r192_20260517_115647/ISIC_0030752_scorecam_heatmap.npy,/content/drive/MyDrive/Dissertation/edi_exports/heatmaps/scorecam/ham_dullrazor_r192_20260517_115716/ISIC_0030752_scorecam_heatmap.npy,calculated,False,False,False,0.9893531777324716,,0.9897324442863464,,0.0077954834237088,,isic_0030752,ham_baseline_r192_20260517_115647,0.9893531777324716,0.9897324442863464,0.0077954834237088,0.0,0.0,0.0,True
3f26c523cc2ed311f4a8fd5f2faeedbc24ed925cc21bed0e105cb69380627e8d,scorecam,ham,ham_dullrazor_r192_20260517_115716,ISIC_0029786,192,adaptive_repair,False,/content/drive/MyDrive/Dissertation/edi_exports/heatmaps/scorecam/ham_baseline_r192_20260517_115647/ISIC_0029786_scorecam_heatmap.npy,/content/drive/MyDrive/Dissertation/edi_exports/heatmaps/scorecam/ham_dullrazor_r192_20260517_115716/ISIC_0029786_scorecam_heatmap.npy,calculated,False,False,False,0.9689782858787336,,0.9572502225637436,,0.0291303172484448,,isic_0029786,ham_baseline_r192_20260517_115647,0.9689782858787336,0.9572502225637436,0.0291303172484448,0.0,0.0,0.0,True
7d6d647834359d928a45014534e81e9bc8f498778ae12fe7941489ec08f9c249,scorecam,ham,ham_dullrazor_r192_20260517_115716,ISIC_0026652,192,adaptive_repair,False,/content/drive/MyDrive/Dissertation/edi_exports/heatmaps/scorecam/ham_baseline_r192_20260517_115647/ISIC_0026652_scorecam_heatmap.npy,/content/drive/MyDrive/Dissertation/edi_exports/heatmaps/scorecam/ham_dullrazor_r192_20260517_115716/ISIC_0026652_scorecam_heatmap.npy,calculated,False,False,False,0.8113823548316956,,0.5323469415307045,,0.2809809405267238,,isic_0026652,ham_baseline_r192_20260517_115647,0.8113823548316956,0.5323469415307045,0.2809809405267238,0.0,0.0,0.0,True
17f0178375bda03d2a852c2c81e51a7006adba1faf126697860b6672fb1d4e99,scorecam,ham,ham_dullrazor_r192_20260517_115716,ISIC_0032833,192,adaptive_repair,False,/content/drive/MyDrive/Dissertation/edi_exports/heatmaps/scorecam/ham_baseline_r192_20260517_115647/ISIC_0032833_scorecam_heatmap.npy,/content/drive/MyDrive/Dissertation/edi_exports/heatmaps/scorecam/ham_dullrazor_r192_20260517_115716/ISIC_0032833_scorecam_heatmap.npy,calculated,False,False,False,0.9889381621761584,,0.9797956347465516,,0.0128676420826846,,isic_0032833,ham_baseline_r192_20260517_115647,0.9889381621761584,0.9797956347465516,0.0128676420826846,0.0,0.0,0.0,True
bbc408db386a720335c7ccef1cb80eae2af711d217894da5e09f039b49efecbb,scorecam,ham,ham_dullrazor_r192_20260517_115716,ISIC_0031445,192,adaptive_repair,False,/content/drive/MyDrive/Dissertation/edi_exports/heatmaps/scorecam/ham_baseline_r192_20260517_115647/ISIC_0031445_scorecam_heatmap.npy,/content/drive/MyDrive/Dissertation/edi_exports/heatmaps/scorecam/ham_dullrazor_r192_20260517_115716/ISIC_0031445_scorecam_heatmap.npy,calculated,False,False,False,0.8735313648279932,,0.8075020909309387,,0.1278661133275323,,isic_0031445,ham_baseline_r192_20260517_115647,0.8735313648279932,0.8075020909309387,0.1278661133275323,0.0,0.0,0.0,True
f5d123a978d83809309ecb4f5a578d7d77ee34ed27bcffd3326bd5c65808c311,scorecam,ham,ham_dullrazor_r192_20260517_115716,ISIC_0063544,192,adaptive_repair,False,/content/drive/MyDrive/Dissertation/edi_exports/heatmaps/scorecam/ham_baseline_r192_20260517_115647/ISIC_0063544_scorecam_heatmap.npy,/content/drive/MyDrive/Dissertation/edi_exports/heatmaps/scorecam/ham_dullrazor_r192_20260517_115716/ISIC_0063544_scorecam_heatmap.npy,calculated,False,False,False,0.997250963333518,,0.9968359917402267,,0.0022692632965071,,isic_0063544,ham_baseline_r192_20260517_115647,0.997250963333518,0.9968359917402267,0.0022692632965071,0.0,0.0,0.0,True
54311979d8ac0e8147537eda62841feb333380434f8c58cf2c8c6dc19d7572e3,scorecam,ham,ham_dullrazor_r192_20260517_115716,ISIC_0053615,192,adaptive_repair,False,/content/drive/MyDrive/Dissertation/edi_exports/heatmaps/scorecam/ham_baseline_r192_20260517_115647/ISIC_0053615_scorecam_heatmap.npy,/content/drive/MyDrive/Dissertation/edi_exports/heatmaps/scorecam/ham_dullrazor_r192_20260517_115716/ISIC_0053615_scorecam_heatmap.npy,calculated,False,False,False,0.9968773212166514,,0.9943682700395584,,0.0035965346760579,,isic_0053615,ham_baseline_r192_20260517_115647,0.9968773212166514,0.9943682700395584,0.0035965346760579,0.0,0.0,0.0,True
b802836153e735a562fa596b6e5d854ea1776767ec85e2b3eaddbbb4ad0cb2da,scorecam,ham,ham_dullrazor_r192_20260517_115716,ISIC_0067519,192,adaptive_repair,False,/content/drive/MyDrive/Dissertation/edi_exports/heatmaps/scorecam/ham_baseline_r192_20260517_115647/ISIC_0067519_scorecam_heatmap.npy,/content/drive/MyDrive/Dissertation/edi_exports/heatmaps/scorecam/ham_dullrazor_r192_20260517_115716/ISIC_0067519_scorecam_heatmap.npy,calculated,False,False,False,0.9382298232180224,,0.919397547841072,,0.0557437702749583,,isic_0067519,ham_baseline_r192_20260517_115647,0.9382298232180224,0.919397547841072,0.0557437702749583,0.0,0.0,0.0,True
51d7a1fd4a6a720f8d9b522eb43fa9c96b27dc1bd5ef89f03c458b9dac90f460,scorecam,ham,ham_dullrazor_r192_20260517_115716,ISIC_0030653,192,adaptive_repair,False,/content/drive/MyDrive/Dissertation/edi_exports/heatmaps/scorecam/ham_baseline_r192_20260517_115647/ISIC_0030653_scorecam_heatmap.npy,/content/drive/MyDrive/Dissertation/edi_exports/heatmaps/scorecam/ham_dullrazor_r192_20260517_115716/ISIC_0030653_scorecam_heatmap.npy,calculated,False,False,False,0.9980094208849568,,0.9974972158670424,,0.0017490368452395,,isic_0030653,ham_baseline_r192_20260517_115647,0.9980094208849568,0.9974972158670424,0.0017490368452395,0.0,0.0,0.0,True
9bcf3986c590c986e9bc630356f653bd573f3944fda363d1f41c613de86343a5,scorecam,ham,ham_dullrazor_r192_20260517_115716,ISIC_0064161,192,adaptive_repair,False,/content/drive/MyDrive/Dissertation/edi_exports/heatmaps/scorecam/ham_baseline_r192_20260517_115647/ISIC_0064161_scorecam_heatmap.npy,/content/drive/MyDrive/Dissertation/edi_exports/heatmaps/scorecam/ham_dullrazor_r192_20260517_115716/ISIC_0064161_scorecam_heatmap.npy,calculated,False,False,False,0.9887926635108808,,0.9814078360795976,,0.0120979160824811,,isic_0064161,ham_baseline_r192_20260517_115647,0.9887926635108808,0.9814078360795976,0.0120979160824811,0.0,0.0,0.0,True
f3fd1653e5bdf6df567458ec8c7a6bd7841694cb8d4723559511915eceedeb5a,scorecam,ham,ham_dullrazor_r192_20260517_115716,ISIC_0031005,192,adaptive_repair,False,/content/drive/MyDrive/Dissertation/edi_exports/heatmaps/scorecam/ham_baseline_r192_20260517_115647/ISIC_0031005_scorecam_heatmap.npy,/content/drive/MyDrive/Dissertation/edi_exports/heatmaps/scorecam/ham_dullrazor_r192_20260517_115716/ISIC_0031005_scorecam_heatmap.npy,calculated,False,False,False,0.9977826182736524,,0.9972934424877168,,0.0019076241877285,,isic_0031005,ham_baseline_r192_20260517_115647,0.9977826182736524,0.9972934424877168,0.0019076241877285,0.0,0.0,0.0,True
c6dda36c7760de3dded5c606964a1d6d1d76bd9d0ebbb097a9dc783359dec925,scorecam,ham,ham_dullrazor_r192_20260517_115716,ISIC_0028490,192,adaptive_repair,False,/content/drive/MyDrive/Dissertation/edi_exports/heatmaps/scorecam/ham_baseline_r192_20260517_115647/ISIC_0028490_scorecam_heatmap.npy,/content/drive/MyDrive/Dissertation/edi_exports/heatmaps/scorecam/ham_dullrazor_r192_20260517_115716/ISIC_0028490_scorecam_heatmap.npy,calculated,False,False,False,0.9463772575424976,,0.9454177916049956,,0.0406967898118777,,isic_0028490,ham_baseline_r192_20260517_115647,0.9463772575424976,0.9454177916049956,0.0406967898118777,0.0,0.0,0.0,True
0d21bec97710bb7de3c3e789df1a436c3a7038a2568fe68e501a55baa61a825f,scorecam,ham,ham_dullrazor_r192_20260517_115716,ISIC_0027712,192,adaptive_repair,False,/content/drive/MyDrive/Dissertation/edi_exports/heatmaps/scorecam/ham_baseline_r192_20260517_115647/ISIC_0027712_scorecam_heatmap.npy,/content/drive/MyDrive/Dissertation/edi_exports/heatmaps/scorecam/ham_dullrazor_r192_20260517_115716/ISIC_0027712_scorecam_heatmap.npy,calculated,False,False,False,0.9950397571967262,,0.9915100932121276,,0.0054850140947546,,isic_0027712,ham_baseline_r192_20260517_115647,0.9950397571967262,0.9915100932121276,0.0054850140947546,0.0,0.0,0.0,True
9d5fe85f777c00f17d7bf07f5aad5bd019c5646a92f0231817b7059b4fde01d2,scorecam,ham,ham_dullrazor_r192_20260517_115716,ISIC_0015232_DOWNSAMPLED,192,adaptive_repair,False,/content/drive/MyDrive/Dissertation/edi_exports/heatmaps/scorecam/ham_baseline_r192_20260517_115647/ISIC_0015232_downsampled_scorecam_heatmap.npy,/content/drive/MyDrive/Dissertation/edi_exports/heatmaps/scorecam/ham_dullrazor_r192_20260517_115716/ISIC_0015232_downsampled_scorecam_heatmap.npy,calculated,False,False,False,0.996530917498288,,0.9950339645147324,,0.0033502883680618,,isic_0015232_downsampled,ham_baseline_r192_20260517_115647,0.996530917498288,0.9950339645147324,0.0033502883680618,0.0,0.0,0.0,True
1e6a8b29db90e620c27bc2cd169a920d7fb7d6e5bf53e48842bfc3d857822cf9,scorecam,ham,ham_dullrazor_r192_20260517_115716,ISIC_0031745,192,adaptive_repair,False,/content/drive/MyDrive/Dissertation/edi_exports/heatmaps/scorecam/ham_baseline_r192_20260517_115647/ISIC_0031745_scorecam_heatmap.npy,/content/drive/MyDrive/Dissertation/edi_exports/heatmaps/scorecam/ham_dullrazor_r192_20260517_115716/ISIC_0031745_scorecam_heatmap.npy,calculated,False,False,False,0.9547345213366268,,0.9323794543743134,,0.0451266424786866,,isic_0031745,ham_baseline_r192_20260517_115647,0.9547345213366268,0.9323794543743134,0.0451266424786866,0.0,0.0,0.0,True
99c0ed69a649273b4845ad908c8daae52222d85ebbbfa30a05e2a38222e8ac69,scorecam,ham,ham_dullrazor_r192_20260517_115716,ISIC_0027397,192,adaptive_repair,False,/content/drive/MyDrive/Dissertation/edi_exports/heatmaps/scorecam/ham_baseline_r192_20260517_115647/ISIC_0027397_scorecam_heatmap.npy,/content/drive/MyDrive/Dissertation/edi_exports/heatmaps/scorecam/ham_dullrazor_r192_20260517_115716/ISIC_0027397_scorecam_heatmap.npy,calculated,False,False,False,0.9968657051455512,,0.9971292614936828,,0.0022189429667707,,isic_0027397,ham_baseline_r192_20260517_115647,0.9968657051455512,0.9971292614936828,0.0022189429667707,0.0,0.0,0.0,True
10fdb8a091c12423168cd266a27d56779915e8bd9e260864afb195b68a3881ad,scorecam,ham,ham_dullrazor_r192_20260517_115716,ISIC_0070105,192,adaptive_repair,False,/content/drive/MyDrive/Dissertation/edi_exports/heatmaps/scorecam/ham_baseline_r192_20260517_115647/ISIC_0070105_scorecam_heatmap.npy,/content/drive/MyDrive/Dissertation/edi_exports/heatmaps/scorecam/ham_dullrazor_r192_20260517_115716/ISIC_0070105_scorecam_heatmap.npy,calculated,False,False,False,0.9997071198274178,,0.9995816200971605,,0.0002824099945654,,isic_0070105,ham_baseline_r192_20260517_115647,0.9997071198274178,0.9995816200971605,0.0002824099945654,0.0,0.0,0.0,True
34ecfe1374a0458306a5089f4eeb5cb97350409535d099a1ba939d713301d257,scorecam,ham,ham_dullrazor_r192_20260517_115716,ISIC_0028847,192,adaptive_repair,False,/content/drive/MyDrive/Dissertation/edi_exports/heatmaps/scorecam/ham_baseline_r192_20260517_115647/ISIC_0028847_scorecam_heatmap.npy,/content/drive/MyDrive/Dissertation/edi_exports/heatmaps/scorecam/ham_dullrazor_r192_20260517_115716/ISIC_0028847_scorecam_heatmap.npy,calculated,False,False,False,0.995079701849139,,0.9921219646930696,,0.0051690921911805,,isic_0028847,ham_baseline_r192_20260517_115647,0.995079701849139,0.9921219646930696,0.0051690921911805,0.0,0.0,0.0,True
c95c0fcf08ee3ab5d6af7fde8a087243b8cd29e6f094798fbc41df5a0d48adef,scorecam,ham,ham_dullrazor_r192_20260517_115716,ISIC_0068414,192,adaptive_repair,False,/content/drive/MyDrive/Dissertation/edi_exports/heatmaps/scorecam/ham_baseline_r192_20260517_115647/ISIC_0068414_scorecam_heatmap.npy,/content/drive/MyDrive/Dissertation/edi_exports/heatmaps/scorecam/ham_dullrazor_r192_20260517_115716/ISIC_0068414_scorecam_heatmap.npy,calculated,False,False,False,0.9976405644112536,,0.99494369328022,,0.0031180122570766,,isic_0068414,ham_baseline_r192_20260517_115647,0.9976405644112536,0.99494369328022,0.0031180122570766,0.0,0.0,0.0,True
126ece9407a9946673aef3114dff720e6583c358d332043f64bed30e63a6e77a,scorecam,ham,ham_dullrazor_r192_20260517_115716,ISIC_0032425,192,adaptive_repair,False,/content/drive/MyDrive/Dissertation/edi_exports/heatmaps/scorecam/ham_baseline_r192_20260517_115647/ISIC_0032425_scorecam_heatmap.npy,/content/drive/MyDrive/Dissertation/edi_exports/heatmaps/scorecam/ham_dullrazor_r192_20260517_115716/ISIC_0032425_scorecam_heatmap.npy,calculated,False,False,False,0.9911856359718492,,0.9909435361623764,,0.0067318229258495,,isic_0032425,ham_baseline_r192_20260517_115647,0.9911856359718492,0.9909435361623764,0.0067318229258495,0.0,0.0,0.0,True
b922814293d7a7524fd70cbf24af342a17375ea5c4e0e40f3a7572f91881bd4b,scorecam,ham,ham_dullrazor_r192_20260517_115716,ISIC_0031535,192,adaptive_repair,False,/content/drive/MyDrive/Dissertation/edi_exports/heatmaps/scorecam/ham_baseline_r192_20260517_115647/ISIC_0031535_scorecam_heatmap.npy,/content/drive/MyDrive/Dissertation/edi_exports/heatmaps/scorecam/ham_dullrazor_r192_20260517_115716/ISIC_0031535_scorecam_heatmap.npy,calculated,False,False,False,0.969674035624734,,0.9498294293880464,,0.0326667763997934,,isic_0031535,ham_baseline_r192_20260517_115647,0.969674035624734,0.9498294293880464,0.0326667763997934,0.0,0.0,0.0,True
44ada81f97f473510a01a6d21a86fab8f7e749bd86e09decd2e9b56cacc2b0ed,scorecam,ham,ham_dullrazor_r192_20260517_115716,ISIC_0027102,192,adaptive_repair,False,/content/drive/MyDrive/Dissertation/edi_exports/heatmaps/scorecam/ham_baseline_r192_20260517_115647/ISIC_0027102_scorecam_heatmap.npy,/content/drive/MyDrive/Dissertation/edi_exports/heatmaps/scorecam/ham_dullrazor_r192_20260517_115716/ISIC_0027102_scorecam_heatmap.npy,calculated,False,False,False,0.9295510194036216,,0.8846518695354462,,0.0752863103813715,,isic_0027102,ham_baseline_r192_20260517_115647,0.9295510194036216,0.8846518695354462,0.0752863103813715,0.0,0.0,0.0,True
63a8db99c9e27eb55eb7313bf30ae1684fc4da2a4fd35ea85ad1ee0dc08af5e0,scorecam,ham,ham_dullrazor_r192_20260517_115716,ISIC_0061194,192,adaptive_repair,False,/content/drive/MyDrive/Dissertation/edi_exports/heatmaps/scorecam/ham_baseline_r192_20260517_115647/ISIC_0061194_scorecam_heatmap.npy,/content/drive/MyDrive/Dissertation/edi_exports/heatmaps/scorecam/ham_dullrazor_r192_20260517_115716/ISIC_0061194_scorecam_heatmap.npy,calculated,False,False,False,0.9996766452120696,,0.9994480162858964,,0.0003568305540344,,isic_0061194,ham_baseline_r192_20260517_115647,0.9996766452120696,0.9994480162858964,0.0003568305540344,0.0,0.0,0.0,True
acc5b96e4c558054afd879ed92625fa89426dfca176e699db5b76da13b203dbc,scorecam,ham,ham_dullrazor_r192_20260517_115716,ISIC_0058285,192,adaptive_repair,False,/content/drive/MyDrive/Dissertation/edi_exports/heatmaps/scorecam/ham_baseline_r192_20260517_115647/ISIC_0058285_scorecam_heatmap.npy,/content/drive/MyDrive/Dissertation/edi_exports/heatmaps/scorecam/ham_dullrazor_r192_20260517_115716/ISIC_0058285_scorecam_heatmap.npy,calculated,False,False,False,0.933562591398162,,0.8837718665599823,,0.0747234188704684,,isic_0058285,ham_baseline_r192_20260517_115647,0.933562591398162,0.8837718665599823,0.0747234188704684,0.0,0.0,0.0,True
795a49cc4cd6fc54ca558c0c2f04829306897d28d5c24baec500a333435ded08,scorecam,ham,ham_dullrazor_r192_20260517_115716,ISIC_0028508,192,adaptive_repair,False,/content/drive/MyDrive/Dissertation/edi_exports/heatmaps/scorecam/ham_baseline_r192_20260517_115647/ISIC_0028508_scorecam_heatmap.npy,/content/drive/MyDrive/Dissertation/edi_exports/heatmaps/scorecam/ham_dullrazor_r192_20260517_115716/ISIC_0028508_scorecam_heatmap.npy,calculated,False,False,False,0.989426508414453,,0.9838535040616988,,0.0107166208655372,,isic_0028508,ham_baseline_r192_20260517_115647,0.989426508414453,0.9838535040616988,0.0107166208655372,0.0,0.0,0.0,True
f5e12aa8eb187c3a4fa4da1af28a8d808d5ea59787243dc20cb7f82b43c3feba,scorecam,ham,ham_dullrazor_r192_20260517_115716,ISIC_0032063,192,adaptive_repair,False,/content/drive/MyDrive/Dissertation/edi_exports/heatmaps/scorecam/ham_baseline_r192_20260517_115647/ISIC_0032063_scorecam_heatmap.npy,/content/drive/MyDrive/Dissertation/edi_exports/heatmaps/scorecam/ham_dullrazor_r192_20260517_115716/ISIC_0032063_scorecam_heatmap.npy,calculated,False,False,False,0.996120161411909,,0.994810551404953,,0.0035646839445462,,isic_0032063,ham_baseline_r192_20260517_115647,0.996120161411909,0.994810551404953,0.0035646839445462,0.0,0.0,0.0,True
7835dcd03ebeeb0e257aab1a44b5d6b42d56019de680e41364a664b1ffc98aa1,scorecam,ham,ham_dullrazor_r192_20260517_115716,ISIC_0067055,192,adaptive_repair,False,/content/drive/MyDrive/Dissertation/edi_exports/heatmaps/scorecam/ham_baseline_r192_20260517_115647/ISIC_0067055_scorecam_heatmap.npy,/content/drive/MyDrive/Dissertation/edi_exports/heatmaps/scorecam/ham_dullrazor_r192_20260517_115716/ISIC_0067055_scorecam_heatmap.npy,calculated,False,False,False,0.9596888701511648,,0.9321934580802916,,0.0439810534220629,,isic_0067055,ham_baseline_r192_20260517_115647,0.9596888701511648,0.9321934580802916,0.0439810534220629,0.0,0.0,0.0,True
600363d540cb6ad112702c2ca88bc91e8fc5e5ecf22e23bcd89de5bc25437584,scorecam,ham,ham_dullrazor_r192_20260517_115716,ISIC_0027282,192,adaptive_repair,False,/content/drive/MyDrive/Dissertation/edi_exports/heatmaps/scorecam/ham_baseline_r192_20260517_115647/ISIC_0027282_scorecam_heatmap.npy,/content/drive/MyDrive/Dissertation/edi_exports/heatmaps/scorecam/ham_dullrazor_r192_20260517_115716/ISIC_0027282_scorecam_heatmap.npy,calculated,False,False,False,0.9983304116608174,,0.9976304024457932,,0.001602195861899,,isic_0027282,ham_baseline_r192_20260517_115647,0.9983304116608174,0.9976304024457932,0.001602195861899,0.0,0.0,0.0,True
ac381157862b9898db329cf60d37d84b1cbdc4545752242f4719d784e4521d13,scorecam,ham,ham_dullrazor_r192_20260517_115716,ISIC_0068248,192,adaptive_repair,False,/content/drive/MyDrive/Dissertation/edi_exports/heatmaps/scorecam/ham_baseline_r192_20260517_115647/ISIC_0068248_scorecam_heatmap.npy,/content/drive/MyDrive/Dissertation/edi_exports/heatmaps/scorecam/ham_dullrazor_r192_20260517_115716/ISIC_0068248_scorecam_heatmap.npy,calculated,False,False,False,0.8886858027278375,,0.8472531288862228,,0.1042019848749292,,isic_0068248,ham_baseline_r192_20260517_115647,0.8886858027278375,0.8472531288862228,0.1042019848749292,0.0,0.0,0.0,True
3e19fb00c72da2f2aafb393e6e2131bba2d1c1e8f4a66547d6f7c33971d6bcea,scorecam,ham,ham_dullrazor_r192_20260517_115716,ISIC_0058003,192,adaptive_repair,False,/content/drive/MyDrive/Dissertation/edi_exports/heatmaps/scorecam/ham_baseline_r192_20260517_115647/ISIC_0058003_scorecam_heatmap.npy,/content/drive/MyDrive/Dissertation/edi_exports/heatmaps/scorecam/ham_dullrazor_r192_20260517_115716/ISIC_0058003_scorecam_heatmap.npy,calculated,False,False,False,0.9991113804730692,,0.9987030774354936,,0.0008706161639859,,isic_0058003,ham_baseline_r192_20260517_115647,0.9991113804730692,0.9987030774354936,0.0008706161639859,0.0,0.0,0.0,True
70b211197d1df0697e9d0d3d0c6bcd778fc9df79d6f72f0573f236c5ec21885a,scorecam,ham,ham_dullrazor_r192_20260517_115716,ISIC_0010490,192,adaptive_repair,False,/content/drive/MyDrive/Dissertation/edi_exports/heatmaps/scorecam/ham_baseline_r192_20260517_115647/ISIC_0010490_scorecam_heatmap.npy,/content/drive/MyDrive/Dissertation/edi_exports/heatmaps/scorecam/ham_dullrazor_r192_20260517_115716/ISIC_0010490_scorecam_heatmap.npy,calculated,False,False,False,0.9880855539289122,,0.9838502705097198,,0.011053476262912,,isic_0010490,ham_baseline_r192_20260517_115647,0.9880855539289122,0.9838502705097198,0.011053476262912,0.0,0.0,0.0,True
c70914483a45c7012b6443d317828d5bf8891116eae0ac9ef018243d68317500,scorecam,ham,ham_dullrazor_r192_20260517_115716,ISIC_0033153,192,adaptive_repair,False,/content/drive/MyDrive/Dissertation/edi_exports/heatmaps/scorecam/ham_baseline_r192_20260517_115647/ISIC_0033153_scorecam_heatmap.npy,/content/drive/MyDrive/Dissertation/edi_exports/heatmaps/scorecam/ham_dullrazor_r192_20260517_115716/ISIC_0033153_scorecam_heatmap.npy,calculated,False,False,False,0.995216682904992,,0.992034450173378,,0.0051786041870629,,isic_0033153,ham_baseline_r192_20260517_115647,0.995216682904992,0.992034450173378,0.0051786041870629,0.0,0.0,0.0,True
dd57128d534a3a761ffc28c6f75715bc6e009864648cf77d7d52a949088deee1,scorecam,ham,ham_dullrazor_r192_20260517_115716,ISIC_0073194,192,adaptive_repair,False,/content/drive/MyDrive/Dissertation/edi_exports/heatmaps/scorecam/ham_baseline_r192_20260517_115647/ISIC_0073194_scorecam_heatmap.npy,/content/drive/MyDrive/Dissertation/edi_exports/heatmaps/scorecam/ham_dullrazor_r192_20260517_115716/ISIC_0073194_scorecam_heatmap.npy,calculated,False,False,False,0.9993493969802164,,0.9990991950035096,,0.0006130532531911,,isic_0073194,ham_baseline_r192_20260517_115647,0.9993493969802164,0.9990991950035096,0.0006130532531911,0.0,0.0,0.0,True
c5d35735a43af1e21728ab1ee811962e9233d2253950813f2ea5900740fd607b,scorecam,ham,ham_dullrazor_r192_20260517_115716,ISIC_0028273,192,adaptive_repair,False,/content/drive/MyDrive/Dissertation/edi_exports/heatmaps/scorecam/ham_baseline_r192_20260517_115647/ISIC_0028273_scorecam_heatmap.npy,/content/drive/MyDrive/Dissertation/edi_exports/heatmaps/scorecam/ham_dullrazor_r192_20260517_115716/ISIC_0028273_scorecam_heatmap.npy,calculated,False,False,False,0.921705070422646,,0.8966615349054337,,0.0712429649416216,,isic_0028273,ham_baseline_r192_20260517_115647,0.921705070422646,0.8966615349054337,0.0712429649416216,0.0,0.0,0.0,True
32a44f3c5b9395c381844cce54388cdf78808ce1ae634ecf8946aa7219c7737c,scorecam,ham,ham_dullrazor_r192_20260517_115716,ISIC_0068778,192,adaptive_repair,False,/content/drive/MyDrive/Dissertation/edi_exports/heatmaps/scorecam/ham_baseline_r192_20260517_115647/ISIC_0068778_scorecam_heatmap.npy,/content/drive/MyDrive/Dissertation/edi_exports/heatmaps/scorecam/ham_dullrazor_r192_20260517_115716/ISIC_0068778_scorecam_heatmap.npy,calculated,False,False,False,0.6542571807968484,,0.6494684815406799,,0.2617014640304479,,isic_0068778,ham_baseline_r192_20260517_115647,0.6542571807968484,0.6494684815406799,0.2617014640304479,0.0,0.0,0.0,True
bc1cfdf3a6ff36655741cc90232ce4aa4e6f87c25e99f92065d5f5b94a49da9c,scorecam,ham,ham_dullrazor_r192_20260517_115716,ISIC_0033654,192,adaptive_repair,False,/content/drive/MyDrive/Dissertation/edi_exports/heatmaps/scorecam/ham_baseline_r192_20260517_115647/ISIC_0033654_scorecam_heatmap.npy,/content/drive/MyDrive/Dissertation/edi_exports/heatmaps/scorecam/ham_dullrazor_r192_20260517_115716/ISIC_0033654_scorecam_heatmap.npy,calculated,False,False,False,0.987842879542414,,0.9791524410247804,,0.0134630596020063,,isic_0033654,ham_baseline_r192_20260517_115647,0.987842879542414,0.9791524410247804,0.0134630596020063,0.0,0.0,0.0,True
4fa4751e3c1bf53b40118c27187d4a4fb6cb7332d6218f7f8a448c8262e38044,scorecam,ham,ham_dullrazor_r192_20260517_115716,ISIC_0028226,192,adaptive_repair,False,/content/drive/MyDrive/Dissertation/edi_exports/heatmaps/scorecam/ham_baseline_r192_20260517_115647/ISIC_0028226_scorecam_heatmap.npy,/content/drive/MyDrive/Dissertation/edi_exports/heatmaps/scorecam/ham_dullrazor_r192_20260517_115716/ISIC_0028226_scorecam_heatmap.npy,calculated,False,False,False,0.9940961059501364,,0.9914676994085312,,0.0057421238082003,,isic_0028226,ham_baseline_r192_20260517_115647,0.9940961059501364,0.9914676994085312,0.0057421238082003,0.0,0.0,0.0,True
c057f453fb6aa07fed77c8cf265182481a501021f4589e8568674a24f50900b6,scorecam,ham,ham_dullrazor_r192_20260517_115716,ISIC_0054787,192,adaptive_repair,False,/content/drive/MyDrive/Dissertation/edi_exports/heatmaps/scorecam/ham_baseline_r192_20260517_115647/ISIC_0054787_scorecam_heatmap.npy,/content/drive/MyDrive/Dissertation/edi_exports/heatmaps/scorecam/ham_dullrazor_r192_20260517_115716/ISIC_0054787_scorecam_heatmap.npy,calculated,False,False,False,0.998398774491544,,0.9958112388849258,,0.002494686934651,,isic_0054787,ham_baseline_r192_20260517_115647,0.998398774491544,0.9958112388849258,0.002494686934651,0.0,0.0,0.0,True
df1281aa4949399be925b85f98844da5c214d0e355ccc5e6e1c1d3f9ea9bca98,scorecam,ham,ham_dullrazor_r192_20260517_115716,ISIC_0059680,192,adaptive_repair,False,/content/drive/MyDrive/Dissertation/edi_exports/heatmaps/scorecam/ham_baseline_r192_20260517_115647/ISIC_0059680_scorecam_heatmap.npy,/content/drive/MyDrive/Dissertation/edi_exports/heatmaps/scorecam/ham_dullrazor_r192_20260517_115716/ISIC_0059680_scorecam_heatmap.npy,calculated,False,False,False,0.9837859893324428,,0.9823404550552368,,0.0128832751392709,,isic_0059680,ham_baseline_r192_20260517_115647,0.9837859893324428,0.9823404550552368,0.0128832751392709,0.0,0.0,0.0,True
e334c7aecfee1f3a4393a83d435a37e18f52e9de2e1d472ebd36714486aae7f9,scorecam,ham,ham_hdbmie_r192_20260517_160918,ISIC_0027358,192,adaptive_repair,False,/content/drive/MyDrive/Dissertation/edi_exports/heatmaps/scorecam/ham_baseline_r192_20260517_115647/ISIC_0027358_scorecam_heatmap.npy,/content/drive/MyDrive/Dissertation/edi_exports/heatmaps/scorecam/ham_hdbmie_r192_20260517_160918/ISIC_0027358_scorecam_heatmap.npy,calculated,False,False,False,0.999283037010818,,0.999346911907196,,0.0005057847936975,,isic_0027358,ham_baseline_r192_20260517_115647,0.999283037010818,0.999346911907196,0.0005057847936975,0.0,0.0,0.0,True
9557fd9ff205b9cfb497e554eb341d13d4b8b0e9933d13763fd78eaefa56faad,scorecam,ham,ham_hdbmie_r192_20260517_160918,ISIC_0030752,192,adaptive_repair,False,/content/drive/MyDrive/Dissertation/edi_exports/heatmaps/scorecam/ham_baseline_r192_20260517_115647/ISIC_0030752_scorecam_heatmap.npy,/content/drive/MyDrive/Dissertation/edi_exports/heatmaps/scorecam/ham_hdbmie_r192_20260517_160918/ISIC_0030752_scorecam_heatmap.npy,calculated,False,False,False,0.992385486233218,,0.9919114410877228,,0.0059479078978341,,isic_0030752,ham_baseline_r192_20260517_115647,0.992385486233218,0.9919114410877228,0.0059479078978341,0.0,0.0,0.0,True
061891d8e6fb5ec64388da3fdd1e44f81f3048ce3f4be7114351f32544bc8a10,scorecam,ham,ham_hdbmie_r192_20260517_160918,ISIC_0029786,192,adaptive_repair,False,/content/drive/MyDrive/Dissertation/edi_exports/heatmaps/scorecam/ham_baseline_r192_20260517_115647/ISIC_0029786_scorecam_heatmap.npy,/content/drive/MyDrive/Dissertation/edi_exports/heatmaps/scorecam/ham_hdbmie_r192_20260517_160918/ISIC_0029786_scorecam_heatmap.npy,calculated,False,False,False,0.9931017029792588,,0.9904239624738692,,0.0065125930182506,,isic_0029786,ham_baseline_r192_20260517_115647,0.9931017029792588,0.9904239624738692,0.0065125930182506,0.0,0.0,0.0,True
ffefeffd8f8dde8e35d9404d55823b7357212c3c9c873ad0da8dd24ca94c0445,scorecam,ham,ham_hdbmie_r192_20260517_160918,ISIC_0026652,192,adaptive_repair,False,/content/drive/MyDrive/Dissertation/edi_exports/heatmaps/scorecam/ham_baseline_r192_20260517_115647/ISIC_0026652_scorecam_heatmap.npy,/content/drive/MyDrive/Dissertation/edi_exports/heatmaps/scorecam/ham_hdbmie_r192_20260517_160918/ISIC_0026652_scorecam_heatmap.npy,calculated,False,False,False,0.921412527611568,,0.8682372719049454,,0.0855282321446353,,isic_0026652,ham_baseline_r192_20260517_115647,0.921412527611568,0.8682372719049454,0.0855282321446353,0.0,0.0,0.0,True
ca28450c2a8adc0717589f7727aa039bc95c0ece05f88d5aef31b91ea3265b16,scorecam,ham,ham_hdbmie_r192_20260517_160918,ISIC_0032833,192,adaptive_repair,False,/content/drive/MyDrive/Dissertation/edi_exports/heatmaps/scorecam/ham_baseline_r192_20260517_115647/ISIC_0032833_scorecam_heatmap.npy,/content/drive/MyDrive/Dissertation/edi_exports/heatmaps/scorecam/ham_hdbmie_r192_20260517_160918/ISIC_0032833_scorecam_heatmap.npy,calculated,False,False,False,0.9956988441207576,,0.9918441027402878,,0.0051532375996666,,isic_0032833,ham_baseline_r192_20260517_115647,0.9956988441207576,0.9918441027402878,0.0051532375996666,0.0,0.0,0.0,True
97705e3f297d4679ad400226625f9606ffa4884d39086c77f10e926777310477,scorecam,ham,ham_hdbmie_r192_20260517_160918,ISIC_0031445,192,adaptive_repair,False,/content/drive/MyDrive/Dissertation/edi_exports/heatmaps/scorecam/ham_baseline_r192_20260517_115647/ISIC_0031445_scorecam_heatmap.npy,/content/drive/MyDrive/Dissertation/edi_exports/heatmaps/scorecam/ham_hdbmie_r192_20260517_160918/ISIC_0031445_scorecam_heatmap.npy,calculated,False,False,False,0.9304616360705876,,0.8850816041231155,,0.0748437889207953,,isic_0031445,ham_baseline_r192_20260517_115647,0.9304616360705876,0.8850816041231155,0.0748437889207953,0.0,0.0,0.0,True
7dfafca83b503bf533d3bdf73cf15df45f459144324d7faf5572da9d8af98801,scorecam,ham,ham_hdbmie_r192_20260517_160918,ISIC_0063544,192,adaptive_repair,False,/content/drive/MyDrive/Dissertation/edi_exports/heatmaps/scorecam/ham_baseline_r192_20260517_115647/ISIC_0063544_scorecam_heatmap.npy,/content/drive/MyDrive/Dissertation/edi_exports/heatmaps/scorecam/ham_hdbmie_r192_20260517_160918/ISIC_0063544_scorecam_heatmap.npy,calculated,False,False,False,0.997123701450451,,0.9962226301431656,,0.0026077595658044,,isic_0063544,ham_baseline_r192_20260517_115647,0.997123701450451,0.9962226301431656,0.0026077595658044,0.0,0.0,0.0,True
c7acd1a52b312be273e1acb01e7158eaae73a3528ed864a8846489d38d85453c,scorecam,ham,ham_hdbmie_r192_20260517_160918,ISIC_0053615,192,adaptive_repair,False,/content/drive/MyDrive/Dissertation/edi_exports/heatmaps/scorecam/ham_baseline_r192_20260517_115647/ISIC_0053615_scorecam_heatmap.npy,/content/drive/MyDrive/Dissertation/edi_exports/heatmaps/scorecam/ham_hdbmie_r192_20260517_160918/ISIC_0053615_scorecam_heatmap.npy,calculated,False,False,False,0.9802377455817148,,0.9615854769945144,,0.024147825107314,,isic_0053615,ham_baseline_r192_20260517_115647,0.9802377455817148,0.9615854769945144,0.024147825107314,0.0,0.0,0.0,True
886b0a141bdb1e35811cfe1ccd47ea7cc380657a9ef186c076f795f68f5f1e90,scorecam,ham,ham_hdbmie_r192_20260517_160918,ISIC_0067519,192,adaptive_repair,False,/content/drive/MyDrive/Dissertation/edi_exports/heatmaps/scorecam/ham_baseline_r192_20260517_115647/ISIC_0067519_scorecam_heatmap.npy,/content/drive/MyDrive/Dissertation/edi_exports/heatmaps/scorecam/ham_hdbmie_r192_20260517_160918/ISIC_0067519_scorecam_heatmap.npy,calculated,False,False,False,0.9340284415069592,,0.895856037735939,,0.0685648707552907,,isic_0067519,ham_baseline_r192_20260517_115647,0.9340284415069592,0.895856037735939,0.0685648707552907,0.0,0.0,0.0,True
59912e41a676e7342a6d64ba77fed5b1b75bf27091bc5fa28ae722532a444816,scorecam,ham,ham_hdbmie_r192_20260517_160918,ISIC_0030653,192,adaptive_repair,False,/content/drive/MyDrive/Dissertation/edi_exports/heatmaps/scorecam/ham_baseline_r192_20260517_115647/ISIC_0030653_scorecam_heatmap.npy,/content/drive/MyDrive/Dissertation/edi_exports/heatmaps/scorecam/ham_hdbmie_r192_20260517_160918/ISIC_0030653_scorecam_heatmap.npy,calculated,False,False,False,0.9985886266010138,,0.9986969530582428,,0.0010043668206251,,isic_0030653,ham_baseline_r192_20260517_115647,0.9985886266010138,0.9986969530582428,0.0010043668206251,0.0,0.0,0.0,True
18e79ce777b7a8f31ab0c1b9080c33f008fcdc339383f6ac8efcad78cdbfc4a3,scorecam,ham,ham_hdbmie_r192_20260517_160918,ISIC_0064161,192,adaptive_repair,False,/content/drive/MyDrive/Dissertation/edi_exports/heatmaps/scorecam/ham_baseline_r192_20260517_115647/ISIC_0064161_scorecam_heatmap.npy,/content/drive/MyDrive/Dissertation/edi_exports/heatmaps/scorecam/ham_hdbmie_r192_20260517_160918/ISIC_0064161_scorecam_heatmap.npy,calculated,False,False,False,0.9789057446004475,,0.960498720407486,,0.0250242036461451,,isic_0064161,ham_baseline_r192_20260517_115647,0.9789057446004475,0.960498720407486,0.0250242036461451,0.0,0.0,0.0,True
047887814382ea00521603f5fb4f56de65c6644ba749e320b20f7c6465c7c6ce,scorecam,ham,ham_hdbmie_r192_20260517_160918,ISIC_0031005,192,adaptive_repair,False,/content/drive/MyDrive/Dissertation/edi_exports/heatmaps/scorecam/ham_baseline_r192_20260517_115647/ISIC_0031005_scorecam_heatmap.npy,/content/drive/MyDrive/Dissertation/edi_exports/heatmaps/scorecam/ham_hdbmie_r192_20260517_160918/ISIC_0031005_scorecam_heatmap.npy,calculated,False,False,False,0.9895578202196916,,0.9825310558080672,,0.0113450170410434,,isic_0031005,ham_baseline_r192_20260517_115647,0.9895578202196916,0.9825310558080672,0.0113450170410434,0.0,0.0,0.0,True
e766a5a50a105879474aa75b624b104d40d73ae2bda8721ddd41af293efe1bb5,scorecam,ham,ham_hdbmie_r192_20260517_160918,ISIC_0028490,192,adaptive_repair,False,/content/drive/MyDrive/Dissertation/edi_exports/heatmaps/scorecam/ham_baseline_r192_20260517_115647/ISIC_0028490_scorecam_heatmap.npy,/content/drive/MyDrive/Dissertation/edi_exports/heatmaps/scorecam/ham_hdbmie_r192_20260517_160918/ISIC_0028490_scorecam_heatmap.npy,calculated,False,False,False,0.9749967992503168,,0.9718274176120758,,0.0203370913813828,,isic_0028490,ham_baseline_r192_20260517_115647,0.9749967992503168,0.9718274176120758,0.0203370913813828,0.0,0.0,0.0,True
932cccff5179e809c6b36ae888a9c92c5c58c9660dc7b47ebc29e88f03234851,scorecam,ham,ham_hdbmie_r192_20260517_160918,ISIC_0027712,192,adaptive_repair,False,/content/drive/MyDrive/Dissertation/edi_exports/heatmaps/scorecam/ham_baseline_r192_20260517_115647/ISIC_0027712_scorecam_heatmap.npy,/content/drive/MyDrive/Dissertation/edi_exports/heatmaps/scorecam/ham_hdbmie_r192_20260517_160918/ISIC_0027712_scorecam_heatmap.npy,calculated,False,False,False,0.9985575622039804,,0.9974119961261748,,0.0016546113859173,,isic_0027712,ham_baseline_r192_20260517_115647,0.9985575622039804,0.9974119961261748,0.0016546113859173,0.0,0.0,0.0,True
f0c076186e98394af0197540336489175e0745cbfebc754789cd802952aba5ca,scorecam,ham,ham_hdbmie_r192_20260517_160918,ISIC_0015232_DOWNSAMPLED,192,adaptive_repair,False,/content/drive/MyDrive/Dissertation/edi_exports/heatmaps/scorecam/ham_baseline_r192_20260517_115647/ISIC_0015232_downsampled_scorecam_heatmap.npy,/content/drive/MyDrive/Dissertation/edi_exports/heatmaps/scorecam/ham_hdbmie_r192_20260517_160918/ISIC_0015232_downsampled_scorecam_heatmap.npy,calculated,False,False,False,0.9956977988265702,,0.9951462149620056,,0.0035024428123546,,isic_0015232_downsampled,ham_baseline_r192_20260517_115647,0.9956977988265702,0.9951462149620056,0.0035024428123546,0.0,0.0,0.0,True
4ef42d44d5bef1eef5a2fdd5651ebe527460eaee4148a29773c5a5094f27ad7b,scorecam,ham,ham_hdbmie_r192_20260517_160918,ISIC_0031745,192,adaptive_repair,False,/content/drive/MyDrive/Dissertation/edi_exports/heatmaps/scorecam/ham_baseline_r192_20260517_115647/ISIC_0031745_scorecam_heatmap.npy,/content/drive/MyDrive/Dissertation/edi_exports/heatmaps/scorecam/ham_hdbmie_r192_20260517_160918/ISIC_0031745_scorecam_heatmap.npy,calculated,False,False,False,0.9799732122018304,,0.9513523280620576,,0.0293305329185136,,isic_0031745,ham_baseline_r192_20260517_115647,0.9799732122018304,0.9513523280620576,0.0293305329185136,0.0,0.0,0.0,True
740450380e558b764ee45a996b3ae5dd23c88fe52717924d25221f20e7a28858,scorecam,ham,ham_hdbmie_r192_20260517_160918,ISIC_0027397,192,adaptive_repair,False,/content/drive/MyDrive/Dissertation/edi_exports/heatmaps/scorecam/ham_baseline_r192_20260517_115647/ISIC_0027397_scorecam_heatmap.npy,/content/drive/MyDrive/Dissertation/edi_exports/heatmaps/scorecam/ham_hdbmie_r192_20260517_160918/ISIC_0027397_scorecam_heatmap.npy,calculated,False,False,False,0.9957919126055392,,0.9953550845384598,,0.0033744795793853,,isic_0027397,ham_baseline_r192_20260517_115647,0.9957919126055392,0.9953550845384598,0.0033744795793853,0.0,0.0,0.0,True
1d2811d75f0015c3f37ad880debe68a7d6f06b3a797ca73654cb845fff3f67e9,scorecam,ham,ham_hdbmie_r192_20260517_160918,ISIC_0070105,192,adaptive_repair,False,/content/drive/MyDrive/Dissertation/edi_exports/heatmaps/scorecam/ham_baseline_r192_20260517_115647/ISIC_0070105_scorecam_heatmap.npy,/content/drive/MyDrive/Dissertation/edi_exports/heatmaps/scorecam/ham_hdbmie_r192_20260517_160918/ISIC_0070105_scorecam_heatmap.npy,calculated,False,False,False,0.9998300238733108,,0.999834194779396,,0.0001253966419743,,isic_0070105,ham_baseline_r192_20260517_115647,0.9998300238733108,0.999834194779396,0.0001253966419743,0.0,0.0,0.0,True
4be5b4dc4aeac45e4d163ddcbe7ef20a28d0f8d3541b7a2c19dc3a4966cc78c5,scorecam,ham,ham_hdbmie_r192_20260517_160918,ISIC_0028847,192,adaptive_repair,False,/content/drive/MyDrive/Dissertation/edi_exports/heatmaps/scorecam/ham_baseline_r192_20260517_115647/ISIC_0028847_scorecam_heatmap.npy,/content/drive/MyDrive/Dissertation/edi_exports/heatmaps/scorecam/ham_hdbmie_r192_20260517_160918/ISIC_0028847_scorecam_heatmap.npy,calculated,False,False,False,0.9982978018694216,,0.997630938887596,,0.0016100800888465,,isic_0028847,ham_baseline_r192_20260517_115647,0.9982978018694216,0.997630938887596,0.0016100800888465,0.0,0.0,0.0,True
6626b62bdade8b37498ab46e32dbcbfec25d28027fac15f3eba1e8d4c607955b,scorecam,ham,ham_hdbmie_r192_20260517_160918,ISIC_0068414,192,adaptive_repair,False,/content/drive/MyDrive/Dissertation/edi_exports/heatmaps/scorecam/ham_baseline_r192_20260517_115647/ISIC_0068414_scorecam_heatmap.npy,/content/drive/MyDrive/Dissertation/edi_exports/heatmaps/scorecam/ham_hdbmie_r192_20260517_160918/ISIC_0068414_scorecam_heatmap.npy,calculated,False,False,False,0.9970328447759396,,0.9936803132295609,,0.0039016321912347,,isic_0068414,ham_baseline_r192_20260517_115647,0.9970328447759396,0.9936803132295609,0.0039016321912347,0.0,0.0,0.0,True
d46d6dcda709e91b8b4f97037e0c37e0eea9e84cb5f4042fe9764b7323831b6f,scorecam,ham,ham_hdbmie_r192_20260517_160918,ISIC_0032425,192,adaptive_repair,False,/content/drive/MyDrive/Dissertation/edi_exports/heatmaps/scorecam/ham_baseline_r192_20260517_115647/ISIC_0032425_scorecam_heatmap.npy,/content/drive/MyDrive/Dissertation/edi_exports/heatmaps/scorecam/ham_hdbmie_r192_20260517_160918/ISIC_0032425_scorecam_heatmap.npy,calculated,False,False,False,0.9818769400728388,,0.9750487953424454,,0.0170063673105675,,isic_0032425,ham_baseline_r192_20260517_115647,0.9818769400728388,0.9750487953424454,0.0170063673105675,0.0,0.0,0.0,True
c524349a8847aea9492fbda7287042b2d0f2afc21a326812c2e497554da17a0f,scorecam,ham,ham_hdbmie_r192_20260517_160918,ISIC_0031535,192,adaptive_repair,False,/content/drive/MyDrive/Dissertation/edi_exports/heatmaps/scorecam/ham_baseline_r192_20260517_115647/ISIC_0031535_scorecam_heatmap.npy,/content/drive/MyDrive/Dissertation/edi_exports/heatmaps/scorecam/ham_hdbmie_r192_20260517_160918/ISIC_0031535_scorecam_heatmap.npy,calculated,False,False,False,0.9822466408265352,,0.9733616709709167,,0.0177575043079078,,isic_0031535,ham_baseline_r192_20260517_115647,0.9822466408265352,0.9733616709709167,0.0177575043079078,0.0,0.0,0.0,True
cc6de014d2f7af77523d09980fdcfbb63ea0d1b0355dbda44f0b47090640952a,scorecam,ham,ham_hdbmie_r192_20260517_160918,ISIC_0027102,192,adaptive_repair,False,/content/drive/MyDrive/Dissertation/edi_exports/heatmaps/scorecam/ham_baseline_r192_20260517_115647/ISIC_0027102_scorecam_heatmap.npy,/content/drive/MyDrive/Dissertation/edi_exports/heatmaps/scorecam/ham_hdbmie_r192_20260517_160918/ISIC_0027102_scorecam_heatmap.npy,calculated,False,False,False,0.8343535850491055,,0.7796603888273239,,0.1515814093240616,,isic_0027102,ham_baseline_r192_20260517_115647,0.8343535850491055,0.7796603888273239,0.1515814093240616,0.0,0.0,0.0,True
c73c9dd8f80e85f5b2765107512f36dd978c80b5ceb7bfa8be13d794d70d4bc8,scorecam,ham,ham_hdbmie_r192_20260517_160918,ISIC_0061194,192,adaptive_repair,False,/content/drive/MyDrive/Dissertation/edi_exports/heatmaps/scorecam/ham_baseline_r192_20260517_115647/ISIC_0061194_scorecam_heatmap.npy,/content/drive/MyDrive/Dissertation/edi_exports/heatmaps/scorecam/ham_hdbmie_r192_20260517_160918/ISIC_0061194_scorecam_heatmap.npy,calculated,False,False,False,0.9976390291370624,,0.993493303656578,,0.0038435908874453,,isic_0061194,ham_baseline_r192_20260517_115647,0.9976390291370624,0.993493303656578,0.0038435908874453,0.0,0.0,0.0,True
e5535f0e6d668cce96ad487db57f34e35029633b0be0bd81a455f49e6033a652,scorecam,ham,ham_hdbmie_r192_20260517_160918,ISIC_0058285,192,adaptive_repair,False,/content/drive/MyDrive/Dissertation/edi_exports/heatmaps/scorecam/ham_baseline_r192_20260517_115647/ISIC_0058285_scorecam_heatmap.npy,/content/drive/MyDrive/Dissertation/edi_exports/heatmaps/scorecam/ham_hdbmie_r192_20260517_160918/ISIC_0058285_scorecam_heatmap.npy,calculated,False,False,False,0.926430138449978,,0.8711793273687363,,0.0828028017031373,,isic_0058285,ham_baseline_r192_20260517_115647,0.926430138449978,0.8711793273687363,0.0828028017031373,0.0,0.0,0.0,True
0dd76fcccbdf181855ef18db229ee4dd65f73ca18e559bd251c7688a938fc532,scorecam,ham,ham_hdbmie_r192_20260517_160918,ISIC_0028508,192,adaptive_repair,False,/content/drive/MyDrive/Dissertation/edi_exports/heatmaps/scorecam/ham_baseline_r192_20260517_115647/ISIC_0028508_scorecam_heatmap.npy,/content/drive/MyDrive/Dissertation/edi_exports/heatmaps/scorecam/ham_hdbmie_r192_20260517_160918/ISIC_0028508_scorecam_heatmap.npy,calculated,False,False,False,0.9855328472746412,,0.9731665104627608,,0.0170335329499592,,isic_0028508,ham_baseline_r192_20260517_115647,0.9855328472746412,0.9731665104627608,0.0170335329499592,0.0,0.0,0.0,True
37f4c5b0faa36230310ff07179f703e82cb229ec7be7eca4debe80295c724a8e,scorecam,ham,ham_hdbmie_r192_20260517_160918,ISIC_0032063,192,adaptive_repair,False,/content/drive/MyDrive/Dissertation/edi_exports/heatmaps/scorecam/ham_baseline_r192_20260517_115647/ISIC_0032063_scorecam_heatmap.npy,/content/drive/MyDrive/Dissertation/edi_exports/heatmaps/scorecam/ham_hdbmie_r192_20260517_160918/ISIC_0032063_scorecam_heatmap.npy,calculated,False,False,False,0.9909738666022754,,0.9888058602809906,,0.0078536032089358,,isic_0032063,ham_baseline_r192_20260517_115647,0.9909738666022754,0.9888058602809906,0.0078536032089358,0.0,0.0,0.0,True
d728875ba96ea576993420a28a5ddfe4529537e6ad1187f06fce663c054e926c,scorecam,ham,ham_hdbmie_r192_20260517_160918,ISIC_0067055,192,adaptive_repair,False,/content/drive/MyDrive/Dissertation/edi_exports/heatmaps/scorecam/ham_baseline_r192_20260517_115647/ISIC_0067055_scorecam_heatmap.npy,/content/drive/MyDrive/Dissertation/edi_exports/heatmaps/scorecam/ham_hdbmie_r192_20260517_160918/ISIC_0067055_scorecam_heatmap.npy,calculated,False,False,False,0.9895246693324355,,0.9868661016225816,,0.0091857818556003,,isic_0067055,ham_baseline_r192_20260517_115647,0.9895246693324355,0.9868661016225816,0.0091857818556003,0.0,0.0,0.0,True
83934788ed547fc27038b986db16f844391d74c95726e3ae0b9e7b11e75521d6,scorecam,ham,ham_hdbmie_r192_20260517_160918,ISIC_0027282,192,adaptive_repair,False,/content/drive/MyDrive/Dissertation/edi_exports/heatmaps/scorecam/ham_baseline_r192_20260517_115647/ISIC_0027282_scorecam_heatmap.npy,/content/drive/MyDrive/Dissertation/edi_exports/heatmaps/scorecam/ham_hdbmie_r192_20260517_160918/ISIC_0027282_scorecam_heatmap.npy,calculated,False,False,False,0.9917532270874636,,0.9825469404459,,0.0107882230051841,,isic_0027282,ham_baseline_r192_20260517_115647,0.9917532270874636,0.9825469404459,0.0107882230051841,0.0,0.0,0.0,True
932759e7a8d65b57d2e64fda8b1e7cd4f941ba6c882a4f574588fb9cc741577f,scorecam,ham,ham_hdbmie_r192_20260517_160918,ISIC_0068248,192,adaptive_repair,False,/content/drive/MyDrive/Dissertation/edi_exports/heatmaps/scorecam/ham_baseline_r192_20260517_115647/ISIC_0068248_scorecam_heatmap.npy,/content/drive/MyDrive/Dissertation/edi_exports/heatmaps/scorecam/ham_hdbmie_r192_20260517_160918/ISIC_0068248_scorecam_heatmap.npy,calculated,False,False,False,0.7897710778856494,,0.7135304510593414,,0.1957920049989169,,isic_0068248,ham_baseline_r192_20260517_115647,0.7897710778856494,0.7135304510593414,0.1957920049989169,0.0,0.0,0.0,True
f49f8df9629103827f3a91c204ebeb7914c104e0ebaff55340bb95ce36bc6dad,scorecam,ham,ham_hdbmie_r192_20260517_160918,ISIC_0058003,192,adaptive_repair,False,/content/drive/MyDrive/Dissertation/edi_exports/heatmaps/scorecam/ham_baseline_r192_20260517_115647/ISIC_0058003_scorecam_heatmap.npy,/content/drive/MyDrive/Dissertation/edi_exports/heatmaps/scorecam/ham_hdbmie_r192_20260517_160918/ISIC_0058003_scorecam_heatmap.npy,calculated,False,False,False,0.9982273204944112,,0.9973238706588744,,0.0017812345469599,,isic_0058003,ham_baseline_r192_20260517_115647,0.9982273204944112,0.9973238706588744,0.0017812345469599,0.0,0.0,0.0,True
8efafeccf3d4f55e255cf89ed85c97807b59022b5b6af8256dd5b95434bbc6ba,scorecam,ham,ham_hdbmie_r192_20260517_160918,ISIC_0010490,192,adaptive_repair,False,/content/drive/MyDrive/Dissertation/edi_exports/heatmaps/scorecam/ham_baseline_r192_20260517_115647/ISIC_0010490_scorecam_heatmap.npy,/content/drive/MyDrive/Dissertation/edi_exports/heatmaps/scorecam/ham_hdbmie_r192_20260517_160918/ISIC_0010490_scorecam_heatmap.npy,calculated,False,False,False,0.9863132377755516,,0.9843359440565108,,0.0112537185278566,,isic_0010490,ham_baseline_r192_20260517_115647,0.9863132377755516,0.9843359440565108,0.0112537185278566,0.0,0.0,0.0,True
760d0ddc1802a9e880196238c14310a9d635de22e60609032d2af8c670bc2252,scorecam,ham,ham_hdbmie_r192_20260517_160918,ISIC_0033153,192,adaptive_repair,False,/content/drive/MyDrive/Dissertation/edi_exports/heatmaps/scorecam/ham_baseline_r192_20260517_115647/ISIC_0033153_scorecam_heatmap.npy,/content/drive/MyDrive/Dissertation/edi_exports/heatmaps/scorecam/ham_hdbmie_r192_20260517_160918/ISIC_0033153_scorecam_heatmap.npy,calculated,False,False,False,0.993690715051057,,0.9902820438146592,,0.0064362993299061,,isic_0033153,ham_baseline_r192_20260517_115647,0.993690715051057,0.9902820438146592,0.0064362993299061,0.0,0.0,0.0,True
02c27eddb89a2e8f75f4ecd185075b4d3a141159241e8112f85a72dc11f47ef1,scorecam,ham,ham_hdbmie_r192_20260517_160918,ISIC_0073194,192,adaptive_repair,False,/content/drive/MyDrive/Dissertation/edi_exports/heatmaps/scorecam/ham_baseline_r192_20260517_115647/ISIC_0073194_scorecam_heatmap.npy,/content/drive/MyDrive/Dissertation/edi_exports/heatmaps/scorecam/ham_hdbmie_r192_20260517_160918/ISIC_0073194_scorecam_heatmap.npy,calculated,False,False,False,0.9989796140899336,,0.9980965703725816,,0.0012068112912259,,isic_0073194,ham_baseline_r192_20260517_115647,0.9989796140899336,0.9980965703725816,0.0012068112912259,0.0,0.0,0.0,True
25f0b71cfd64b1aec67e06f15a9d23e9f65a2f82d053514500f61b670cc56498,scorecam,ham,ham_hdbmie_r192_20260517_160918,ISIC_0028273,192,adaptive_repair,False,/content/drive/MyDrive/Dissertation/edi_exports/heatmaps/scorecam/ham_baseline_r192_20260517_115647/ISIC_0028273_scorecam_heatmap.npy,/content/drive/MyDrive/Dissertation/edi_exports/heatmaps/scorecam/ham_hdbmie_r192_20260517_160918/ISIC_0028273_scorecam_heatmap.npy,calculated,False,False,False,0.826891028855857,,0.730974867939949,,0.1777898088160612,,isic_0028273,ham_baseline_r192_20260517_115647,0.826891028855857,0.730974867939949,0.1777898088160612,0.0,0.0,0.0,True
86b4d7f30bfe7a62734ec91f44ffd1c33d1ad2b3907d8bc283ab57024de80ee6,scorecam,ham,ham_hdbmie_r192_20260517_160918,ISIC_0068778,192,adaptive_repair,False,/content/drive/MyDrive/Dissertation/edi_exports/heatmaps/scorecam/ham_baseline_r192_20260517_115647/ISIC_0068778_scorecam_heatmap.npy,/content/drive/MyDrive/Dissertation/edi_exports/heatmaps/scorecam/ham_hdbmie_r192_20260517_160918/ISIC_0068778_scorecam_heatmap.npy,calculated,False,False,False,0.8527711198429478,,0.7754842340946198,,0.1490651029919532,,isic_0068778,ham_baseline_r192_20260517_115647,0.8527711198429478,0.7754842340946198,0.1490651029919532,0.0,0.0,0.0,True
086a9d7aa59752adcc1fd8af125966644feeb8737bc11e6bab54e113c2be23c6,scorecam,ham,ham_hdbmie_r192_20260517_160918,ISIC_0033654,192,adaptive_repair,False,/content/drive/MyDrive/Dissertation/edi_exports/heatmaps/scorecam/ham_baseline_r192_20260517_115647/ISIC_0033654_scorecam_heatmap.npy,/content/drive/MyDrive/Dissertation/edi_exports/heatmaps/scorecam/ham_hdbmie_r192_20260517_160918/ISIC_0033654_scorecam_heatmap.npy,calculated,False,False,False,0.995014965293712,,0.9915341436862946,,0.0054791868334247,,isic_0033654,ham_baseline_r192_20260517_115647,0.995014965293712,0.9915341436862946,0.0054791868334247,0.0,0.0,0.0,True
8e51f27cce1c5ef9b83b867870574a01249ae870173adbd3a74f72bc0b612596,scorecam,ham,ham_hdbmie_r192_20260517_160918,ISIC_0028226,192,adaptive_repair,False,/content/drive/MyDrive/Dissertation/edi_exports/heatmaps/scorecam/ham_baseline_r192_20260517_115647/ISIC_0028226_scorecam_heatmap.npy,/content/drive/MyDrive/Dissertation/edi_exports/heatmaps/scorecam/ham_hdbmie_r192_20260517_160918/ISIC_0028226_scorecam_heatmap.npy,calculated,False,False,False,0.9294238173095724,,0.892215296626091,,0.0715363973595614,,isic_0028226,ham_baseline_r192_20260517_115647,0.9294238173095724,0.892215296626091,0.0715363973595614,0.0,0.0,0.0,True
cc609a85174f296570b286925dc59057e43413be78495b229f0bd10ef6173eb1,scorecam,ham,ham_hdbmie_r192_20260517_160918,ISIC_0054787,192,adaptive_repair,False,/content/drive/MyDrive/Dissertation/edi_exports/heatmaps/scorecam/ham_baseline_r192_20260517_115647/ISIC_0054787_scorecam_heatmap.npy,/content/drive/MyDrive/Dissertation/edi_exports/heatmaps/scorecam/ham_hdbmie_r192_20260517_160918/ISIC_0054787_scorecam_heatmap.npy,calculated,False,False,False,0.9991954771540342,,0.998923510313034,,0.0007393755549743,,isic_0054787,ham_baseline_r192_20260517_115647,0.9991954771540342,0.998923510313034,0.0007393755549743,0.0,0.0,0.0,True
865b60dbf586cb11cf8043a9649fff988c328a13fb29aaa036388bcc9c054775,scorecam,ham,ham_hdbmie_r192_20260517_160918,ISIC_0059680,192,adaptive_repair,False,/content/drive/MyDrive/Dissertation/edi_exports/heatmaps/scorecam/ham_baseline_r192_20260517_115647/ISIC_0059680_scorecam_heatmap.npy,/content/drive/MyDrive/Dissertation/edi_exports/heatmaps/scorecam/ham_hdbmie_r192_20260517_160918/ISIC_0059680_scorecam_heatmap.npy,calculated,False,False,False,0.9706222870109442,,0.96167354285717,,0.0265076568186788,,isic_0059680,ham_baseline_r192_20260517_115647,0.9706222870109442,0.96167354285717,0.0265076568186788,0.0,0.0,0.0,True
63f64032fa27058ad2a8acca461f5de66fe1fbb5de82c2e894f9f94df4054ad9,scorecam,ham,ham_navier_stokes_r192_20260517_160842,ISIC_0027358,192,adaptive_repair,False,/content/drive/MyDrive/Dissertation/edi_exports/heatmaps/scorecam/ham_baseline_r192_20260517_115647/ISIC_0027358_scorecam_heatmap.npy,/content/drive/MyDrive/Dissertation/edi_exports/heatmaps/scorecam/ham_navier_stokes_r192_20260517_160842/ISIC_0027358_scorecam_heatmap.npy,calculated,False,False,False,0.9982513373995168,,0.9970588386058808,,0.0019077463471803,,isic_0027358,ham_baseline_r192_20260517_115647,0.9982513373995168,0.9970588386058808,0.0019077463471803,0.0,0.0,0.0,True
94b74f4caeac8ea6950d358c850a3534a31586306e52bc1226728e99ce991226,scorecam,ham,ham_navier_stokes_r192_20260517_160842,ISIC_0030752,192,adaptive_repair,False,/content/drive/MyDrive/Dissertation/edi_exports/heatmaps/scorecam/ham_baseline_r192_20260517_115647/ISIC_0030752_scorecam_heatmap.npy,/content/drive/MyDrive/Dissertation/edi_exports/heatmaps/scorecam/ham_navier_stokes_r192_20260517_160842/ISIC_0030752_scorecam_heatmap.npy,calculated,False,False,False,0.9799576550988358,,0.9772417545318604,,0.0163897089593608,,isic_0030752,ham_baseline_r192_20260517_115647,0.9799576550988358,0.9772417545318604,0.0163897089593608,0.0,0.0,0.0,True
22c8381ae6d6b2cbe806dca4452cda2b6671a73fd84bd5df14f910f50c2da679,scorecam,ham,ham_navier_stokes_r192_20260517_160842,ISIC_0029786,192,adaptive_repair,False,/content/drive/MyDrive/Dissertation/edi_exports/heatmaps/scorecam/ham_baseline_r192_20260517_115647/ISIC_0029786_scorecam_heatmap.npy,/content/drive/MyDrive/Dissertation/edi_exports/heatmaps/scorecam/ham_navier_stokes_r192_20260517_160842/ISIC_0029786_scorecam_heatmap.npy,calculated,False,False,False,0.9924333481064752,,0.9869159460067748,,0.0084336899699937,,isic_0029786,ham_baseline_r192_20260517_115647,0.9924333481064752,0.9869159460067748,0.0084336899699937,0.0,0.0,0.0,True
8d7cd9a3a28974888861d97330181e1612aefcec7e944de0ea79f3d2247fe775,scorecam,ham,ham_navier_stokes_r192_20260517_160842,ISIC_0026652,192,adaptive_repair,False,/content/drive/MyDrive/Dissertation/edi_exports/heatmaps/scorecam/ham_baseline_r192_20260517_115647/ISIC_0026652_scorecam_heatmap.npy,/content/drive/MyDrive/Dissertation/edi_exports/heatmaps/scorecam/ham_navier_stokes_r192_20260517_160842/ISIC_0026652_scorecam_heatmap.npy,calculated,False,False,False,0.8147415409167085,,0.5247730389237404,,0.2839280953089527,,isic_0026652,ham_baseline_r192_20260517_115647,0.8147415409167085,0.5247730389237404,0.2839280953089527,0.0,0.0,0.0,True
3aadbe4eb30829aed8162a8061b8b0dd3b24b3d09dbab9a06b0dedf94d71165c,scorecam,ham,ham_navier_stokes_r192_20260517_160842,ISIC_0032833,192,adaptive_repair,False,/content/drive/MyDrive/Dissertation/edi_exports/heatmaps/scorecam/ham_baseline_r192_20260517_115647/ISIC_0032833_scorecam_heatmap.npy,/content/drive/MyDrive/Dissertation/edi_exports/heatmaps/scorecam/ham_navier_stokes_r192_20260517_160842/ISIC_0032833_scorecam_heatmap.npy,calculated,False,False,False,0.973163415666872,,0.9464337080717088,,0.0334922920474276,,isic_0032833,ham_baseline_r192_20260517_115647,0.973163415666872,0.9464337080717088,0.0334922920474276,0.0,0.0,0.0,True
257cb218b88a50aef85a88d63ad77c27dd3695840d4f7bbf7018fd32388a6d11,scorecam,ham,ham_navier_stokes_r192_20260517_160842,ISIC_0031445,192,adaptive_repair,False,/content/drive/MyDrive/Dissertation/edi_exports/heatmaps/scorecam/ham_baseline_r192_20260517_115647/ISIC_0031445_scorecam_heatmap.npy,/content/drive/MyDrive/Dissertation/edi_exports/heatmaps/scorecam/ham_navier_stokes_r192_20260517_160842/ISIC_0031445_scorecam_heatmap.npy,calculated,False,False,False,0.9236818794731186,,0.8812403976917267,,0.078459331285857,,isic_0031445,ham_baseline_r192_20260517_115647,0.9236818794731186,0.8812403976917267,0.078459331285857,0.0,0.0,0.0,True
c60c6cb867a93205c2fe2fdc6b838b75d256a9ddac502009816a4dbeb4c67669,scorecam,ham,ham_navier_stokes_r192_20260517_160842,ISIC_0063544,192,adaptive_repair,False,/content/drive/MyDrive/Dissertation/edi_exports/heatmaps/scorecam/ham_baseline_r192_20260517_115647/ISIC_0063544_scorecam_heatmap.npy,/content/drive/MyDrive/Dissertation/edi_exports/heatmaps/scorecam/ham_navier_stokes_r192_20260517_160842/ISIC_0063544_scorecam_heatmap.npy,calculated,False,False,False,0.9901493997809552,,0.9881812334060668,,0.0083720333517277,,isic_0063544,ham_baseline_r192_20260517_115647,0.9901493997809552,0.9881812334060668,0.0083720333517277,0.0,0.0,0.0,True
cc55dacfa8f69d066909c3dcc59cbce276b584a972e23cf32b15176a4110fc1d,scorecam,ham,ham_navier_stokes_r192_20260517_160842,ISIC_0053615,192,adaptive_repair,False,/content/drive/MyDrive/Dissertation/edi_exports/heatmaps/scorecam/ham_baseline_r192_20260517_115647/ISIC_0053615_scorecam_heatmap.npy,/content/drive/MyDrive/Dissertation/edi_exports/heatmaps/scorecam/ham_navier_stokes_r192_20260517_160842/ISIC_0053615_scorecam_heatmap.npy,calculated,False,False,False,0.998094559314284,,0.997737556695938,,0.0016075818234599,,isic_0053615,ham_baseline_r192_20260517_115647,0.998094559314284,0.997737556695938,0.0016075818234599,0.0,0.0,0.0,True
12d696e3a4c75d754a5b9c8af436c05a41cfa9b031e65d0a8083734f95d082c3,scorecam,ham,ham_navier_stokes_r192_20260517_160842,ISIC_0067519,192,adaptive_repair,False,/content/drive/MyDrive/Dissertation/edi_exports/heatmaps/scorecam/ham_baseline_r192_20260517_115647/ISIC_0067519_scorecam_heatmap.npy,/content/drive/MyDrive/Dissertation/edi_exports/heatmaps/scorecam/ham_navier_stokes_r192_20260517_160842/ISIC_0067519_scorecam_heatmap.npy,calculated,False,False,False,0.948443985569404,,0.936963438987732,,0.044407284113783,,isic_0067519,ham_baseline_r192_20260517_115647,0.948443985569404,0.936963438987732,0.044407284113783,0.0,0.0,0.0,True
70826f5688149e1d7c458c2f56707fbb6a1b53e2e4a68584ce442425f30d347b,scorecam,ham,ham_navier_stokes_r192_20260517_160842,ISIC_0030653,192,adaptive_repair,False,/content/drive/MyDrive/Dissertation/edi_exports/heatmaps/scorecam/ham_baseline_r192_20260517_115647/ISIC_0030653_scorecam_heatmap.npy,/content/drive/MyDrive/Dissertation/edi_exports/heatmaps/scorecam/ham_navier_stokes_r192_20260517_160842/ISIC_0030653_scorecam_heatmap.npy,calculated,False,False,False,0.9991811497799988,,0.9990994036197662,,0.0006550107451172,,isic_0030653,ham_baseline_r192_20260517_115647,0.9991811497799988,0.9990994036197662,0.0006550107451172,0.0,0.0,0.0,True
6b52d512543fd24056147171b704aa5cd90c6f56cc5dd635cf8053ff0b15c943,scorecam,ham,ham_navier_stokes_r192_20260517_160842,ISIC_0064161,192,adaptive_repair,False,/content/drive/MyDrive/Dissertation/edi_exports/heatmaps/scorecam/ham_baseline_r192_20260517_115647/ISIC_0064161_scorecam_heatmap.npy,/content/drive/MyDrive/Dissertation/edi_exports/heatmaps/scorecam/ham_navier_stokes_r192_20260517_160842/ISIC_0064161_scorecam_heatmap.npy,calculated,False,False,False,0.7995695452219185,,0.681125208735466,,0.2095450093267873,,isic_0064161,ham_baseline_r192_20260517_115647,0.7995695452219185,0.681125208735466,0.2095450093267873,0.0,0.0,0.0,True
1a36cbb8b11e0427cea72e31c0cc4e15ae9cf2570c5b27752eb7756e0f454f42,scorecam,ham,ham_navier_stokes_r192_20260517_160842,ISIC_0031005,192,adaptive_repair,False,/content/drive/MyDrive/Dissertation/edi_exports/heatmaps/scorecam/ham_baseline_r192_20260517_115647/ISIC_0031005_scorecam_heatmap.npy,/content/drive/MyDrive/Dissertation/edi_exports/heatmaps/scorecam/ham_navier_stokes_r192_20260517_160842/ISIC_0031005_scorecam_heatmap.npy,calculated,False,False,False,0.9946240730230348,,0.9948163777589798,,0.0039357928647513,,isic_0031005,ham_baseline_r192_20260517_115647,0.9946240730230348,0.9948163777589798,0.0039357928647513,0.0,0.0,0.0,True
b2d46fe9583893747a1e052252c161cbd1bd79efa5e70e422a3b0a800a28e792,scorecam,ham,ham_navier_stokes_r192_20260517_160842,ISIC_0028490,192,adaptive_repair,False,/content/drive/MyDrive/Dissertation/edi_exports/heatmaps/scorecam/ham_baseline_r192_20260517_115647/ISIC_0028490_scorecam_heatmap.npy,/content/drive/MyDrive/Dissertation/edi_exports/heatmaps/scorecam/ham_navier_stokes_r192_20260517_160842/ISIC_0028490_scorecam_heatmap.npy,calculated,False,False,False,0.9253975959725974,,0.9250327050685884,,0.0561342484725565,,isic_0028490,ham_baseline_r192_20260517_115647,0.9253975959725974,0.9250327050685884,0.0561342484725565,0.0,0.0,0.0,True
677adff13d93ce066a1cadefe832a8e38707af0032ca5c94bc0d5be80b6a2f24,scorecam,ham,ham_navier_stokes_r192_20260517_160842,ISIC_0027712,192,adaptive_repair,False,/content/drive/MyDrive/Dissertation/edi_exports/heatmaps/scorecam/ham_baseline_r192_20260517_115647/ISIC_0027712_scorecam_heatmap.npy,/content/drive/MyDrive/Dissertation/edi_exports/heatmaps/scorecam/ham_navier_stokes_r192_20260517_160842/ISIC_0027712_scorecam_heatmap.npy,calculated,False,False,False,0.9875683755463264,,0.9796853810548782,,0.0132652155859792,,isic_0027712,ham_baseline_r192_20260517_115647,0.9875683755463264,0.9796853810548782,0.0132652155859792,0.0,0.0,0.0,True
e4f4f7df096a98c9bd198f1d965c3444fba314ec334be0c67ffbb5ec84d19a89,scorecam,ham,ham_navier_stokes_r192_20260517_160842,ISIC_0015232_DOWNSAMPLED,192,adaptive_repair,False,/content/drive/MyDrive/Dissertation/edi_exports/heatmaps/scorecam/ham_baseline_r192_20260517_115647/ISIC_0015232_downsampled_scorecam_heatmap.npy,/content/drive/MyDrive/Dissertation/edi_exports/heatmaps/scorecam/ham_navier_stokes_r192_20260517_160842/ISIC_0015232_downsampled_scorecam_heatmap.npy,calculated,False,False,False,0.994563005676692,,0.9895309507846832,,0.0065937731884853,,isic_0015232_downsampled,ham_baseline_r192_20260517_115647,0.994563005676692,0.9895309507846832,0.0065937731884853,0.0,0.0,0.0,True
2124291358c47544913235987e3fae9e4a86560f3856f6296c195d39e6842cf7,scorecam,ham,ham_navier_stokes_r192_20260517_160842,ISIC_0031745,192,adaptive_repair,False,/content/drive/MyDrive/Dissertation/edi_exports/heatmaps/scorecam/ham_baseline_r192_20260517_115647/ISIC_0031745_scorecam_heatmap.npy,/content/drive/MyDrive/Dissertation/edi_exports/heatmaps/scorecam/ham_navier_stokes_r192_20260517_160842/ISIC_0031745_scorecam_heatmap.npy,calculated,False,False,False,0.9980066088232702,,0.9989027231931686,,0.0010469861975981,,isic_0031745,ham_baseline_r192_20260517_115647,0.9980066088232702,0.9989027231931686,0.0010469861975981,0.0,0.0,0.0,True
1a010c1c7dcef56b3771efad99973d10bed1ad907565ee1255a958702be907ac,scorecam,ham,ham_navier_stokes_r192_20260517_160842,ISIC_0027397,192,adaptive_repair,False,/content/drive/MyDrive/Dissertation/edi_exports/heatmaps/scorecam/ham_baseline_r192_20260517_115647/ISIC_0027397_scorecam_heatmap.npy,/content/drive/MyDrive/Dissertation/edi_exports/heatmaps/scorecam/ham_navier_stokes_r192_20260517_160842/ISIC_0027397_scorecam_heatmap.npy,calculated,False,False,False,0.996209741711431,,0.9967623054981232,,0.0025664118230807,,isic_0027397,ham_baseline_r192_20260517_115647,0.996209741711431,0.9967623054981232,0.0025664118230807,0.0,0.0,0.0,True
8a3de1f0a36bab10379937d09d0f8a5aff401ae958764f07b82829d32871afa3,scorecam,ham,ham_navier_stokes_r192_20260517_160842,ISIC_0070105,192,adaptive_repair,False,/content/drive/MyDrive/Dissertation/edi_exports/heatmaps/scorecam/ham_baseline_r192_20260517_115647/ISIC_0070105_scorecam_heatmap.npy,/content/drive/MyDrive/Dissertation/edi_exports/heatmaps/scorecam/ham_navier_stokes_r192_20260517_160842/ISIC_0070105_scorecam_heatmap.npy,calculated,False,False,False,0.9996539799944704,,0.9995605796575546,,0.000306215172605,,isic_0070105,ham_baseline_r192_20260517_115647,0.9996539799944704,0.9995605796575546,0.000306215172605,0.0,0.0,0.0,True
d7f7622296886fd38733850d2020558aec02f484b5bd413509c1a1415b3455f0,scorecam,ham,ham_navier_stokes_r192_20260517_160842,ISIC_0028847,192,adaptive_repair,False,/content/drive/MyDrive/Dissertation/edi_exports/heatmaps/scorecam/ham_baseline_r192_20260517_115647/ISIC_0028847_scorecam_heatmap.npy,/content/drive/MyDrive/Dissertation/edi_exports/heatmaps/scorecam/ham_navier_stokes_r192_20260517_160842/ISIC_0028847_scorecam_heatmap.npy,calculated,False,False,False,0.9953481005908664,,0.9939416646957396,,0.0041921425044134,,isic_0028847,ham_baseline_r192_20260517_115647,0.9953481005908664,0.9939416646957396,0.0041921425044134,0.0,0.0,0.0,True
20ff62fddf242fe19ca24e58e8f78ee7abb1edf380f71cb75e919b5e45c4362c,scorecam,ham,ham_navier_stokes_r192_20260517_160842,ISIC_0068414,192,adaptive_repair,False,/content/drive/MyDrive/Dissertation/edi_exports/heatmaps/scorecam/ham_baseline_r192_20260517_115647/ISIC_0068414_scorecam_heatmap.npy,/content/drive/MyDrive/Dissertation/edi_exports/heatmaps/scorecam/ham_navier_stokes_r192_20260517_160842/ISIC_0068414_scorecam_heatmap.npy,calculated,False,False,False,0.9973467264386956,,0.995817244052887,,0.0027546963638825,,isic_0068414,ham_baseline_r192_20260517_115647,0.9973467264386956,0.995817244052887,0.0027546963638825,0.0,0.0,0.0,True
af16f945b6ef2c63032eb5e7ef03d8f780bcfe3e00b635308be8a9904ff79d45,scorecam,ham,ham_navier_stokes_r192_20260517_160842,ISIC_0032425,192,adaptive_repair,False,/content/drive/MyDrive/Dissertation/edi_exports/heatmaps/scorecam/ham_baseline_r192_20260517_115647/ISIC_0032425_scorecam_heatmap.npy,/content/drive/MyDrive/Dissertation/edi_exports/heatmaps/scorecam/ham_navier_stokes_r192_20260517_160842/ISIC_0032425_scorecam_heatmap.npy,calculated,False,False,False,0.9797341187151308,,0.9715877026319504,,0.019272619005242,,isic_0032425,ham_baseline_r192_20260517_115647,0.9797341187151308,0.9715877026319504,0.019272619005242,0.0,0.0,0.0,True
811772cc24bbf37194b8ab629649d4d95d9ba7b25b679073a3ac6b7cdde3f23e,scorecam,ham,ham_navier_stokes_r192_20260517_160842,ISIC_0031535,192,adaptive_repair,False,/content/drive/MyDrive/Dissertation/edi_exports/heatmaps/scorecam/ham_baseline_r192_20260517_115647/ISIC_0031535_scorecam_heatmap.npy,/content/drive/MyDrive/Dissertation/edi_exports/heatmaps/scorecam/ham_navier_stokes_r192_20260517_160842/ISIC_0031535_scorecam_heatmap.npy,calculated,False,False,False,0.965330733013985,,0.943935215473175,,0.0366997090099162,,isic_0031535,ham_baseline_r192_20260517_115647,0.965330733013985,0.943935215473175,0.0366997090099162,0.0,0.0,0.0,True
8699df6a02ca2a5d40ff647ebc17b91515dcf55b45bec68f4a08c3f50a154cb6,scorecam,ham,ham_navier_stokes_r192_20260517_160842,ISIC_0027102,192,adaptive_repair,False,/content/drive/MyDrive/Dissertation/edi_exports/heatmaps/scorecam/ham_baseline_r192_20260517_115647/ISIC_0027102_scorecam_heatmap.npy,/content/drive/MyDrive/Dissertation/edi_exports/heatmaps/scorecam/ham_navier_stokes_r192_20260517_160842/ISIC_0027102_scorecam_heatmap.npy,calculated,False,False,False,0.9424279735528744,,0.9584450125694276,,0.0351705003270677,,isic_0027102,ham_baseline_r192_20260517_115647,0.9424279735528744,0.9584450125694276,0.0351705003270677,0.0,0.0,0.0,True
9ebb91b07f0a67938a859b46b148bb70d21ecfefb655d578aceb064c20067909,scorecam,ham,ham_navier_stokes_r192_20260517_160842,ISIC_0061194,192,adaptive_repair,False,/content/drive/MyDrive/Dissertation/edi_exports/heatmaps/scorecam/ham_baseline_r192_20260517_115647/ISIC_0061194_scorecam_heatmap.npy,/content/drive/MyDrive/Dissertation/edi_exports/heatmaps/scorecam/ham_navier_stokes_r192_20260517_160842/ISIC_0061194_scorecam_heatmap.npy,calculated,False,False,False,0.99954942455398,,0.9993008673191072,,0.0004622102019514,,isic_0061194,ham_baseline_r192_20260517_115647,0.99954942455398,0.9993008673191072,0.0004622102019514,0.0,0.0,0.0,True
df9c8dea22c4ea8a673e5327dafe11a8e73dec9c3541c699337e8a855ccea36d,scorecam,ham,ham_navier_stokes_r192_20260517_160842,ISIC_0058285,192,adaptive_repair,False,/content/drive/MyDrive/Dissertation/edi_exports/heatmaps/scorecam/ham_baseline_r192_20260517_115647/ISIC_0058285_scorecam_heatmap.npy,/content/drive/MyDrive/Dissertation/edi_exports/heatmaps/scorecam/ham_navier_stokes_r192_20260517_160842/ISIC_0058285_scorecam_heatmap.npy,calculated,False,False,False,0.9262656945283536,,0.8793005645275116,,0.0787832941041558,,isic_0058285,ham_baseline_r192_20260517_115647,0.9262656945283536,0.8793005645275116,0.0787832941041558,0.0,0.0,0.0,True
ffe48b9a84230dbc9bbfe8bda523a8896f267df2a81dc636939b64650462e8e5,scorecam,ham,ham_navier_stokes_r192_20260517_160842,ISIC_0028508,192,adaptive_repair,False,/content/drive/MyDrive/Dissertation/edi_exports/heatmaps/scorecam/ham_baseline_r192_20260517_115647/ISIC_0028508_scorecam_heatmap.npy,/content/drive/MyDrive/Dissertation/edi_exports/heatmaps/scorecam/ham_navier_stokes_r192_20260517_160842/ISIC_0028508_scorecam_heatmap.npy,calculated,False,False,False,0.9771881492364664,,0.9578559398651124,,0.0267749927583272,,isic_0028508,ham_baseline_r192_20260517_115647,0.9771881492364664,0.9578559398651124,0.0267749927583272,0.0,0.0,0.0,True
d25ad1b42beb8222dfc99aa9ce7ac3ebacfac8bf0c15b06bbc1462f8b872bf07,scorecam,ham,ham_navier_stokes_r192_20260517_160842,ISIC_0032063,192,adaptive_repair,False,/content/drive/MyDrive/Dissertation/edi_exports/heatmaps/scorecam/ham_baseline_r192_20260517_115647/ISIC_0032063_scorecam_heatmap.npy,/content/drive/MyDrive/Dissertation/edi_exports/heatmaps/scorecam/ham_navier_stokes_r192_20260517_160842/ISIC_0032063_scorecam_heatmap.npy,calculated,False,False,False,0.995345828711234,,0.994737148284912,,0.0037949686797355,,isic_0032063,ham_baseline_r192_20260517_115647,0.995345828711234,0.994737148284912,0.0037949686797355,0.0,0.0,0.0,True
c224aea0194b186ce53a74597dfa34abeff54c3559d7457a873f012eae9cadcb,scorecam,ham,ham_navier_stokes_r192_20260517_160842,ISIC_0067055,192,adaptive_repair,False,/content/drive/MyDrive/Dissertation/edi_exports/heatmaps/scorecam/ham_baseline_r192_20260517_115647/ISIC_0067055_scorecam_heatmap.npy,/content/drive/MyDrive/Dissertation/edi_exports/heatmaps/scorecam/ham_navier_stokes_r192_20260517_160842/ISIC_0067055_scorecam_heatmap.npy,calculated,False,False,False,0.9550252538220468,,0.91573765873909,,0.0533748571749432,,isic_0067055,ham_baseline_r192_20260517_115647,0.9550252538220468,0.91573765873909,0.0533748571749432,0.0,0.0,0.0,True
a7a5f665c675ad3a0dcc061262e8e225f4cabaeca3e3b3867cbd147afcfac2dd,scorecam,ham,ham_navier_stokes_r192_20260517_160842,ISIC_0027282,192,adaptive_repair,False,/content/drive/MyDrive/Dissertation/edi_exports/heatmaps/scorecam/ham_baseline_r192_20260517_115647/ISIC_0027282_scorecam_heatmap.npy,/content/drive/MyDrive/Dissertation/edi_exports/heatmaps/scorecam/ham_navier_stokes_r192_20260517_160842/ISIC_0027282_scorecam_heatmap.npy,calculated,False,False,False,0.9981093760083024,,0.9969328939914704,,0.0020062090021892,,isic_0027282,ham_baseline_r192_20260517_115647,0.9981093760083024,0.9969328939914704,0.0020062090021892,0.0,0.0,0.0,True
0d61e9c8ee4407984abeb8c4dc9ca4f6077b025df59062eb08edfad087efe8ef,scorecam,ham,ham_navier_stokes_r192_20260517_160842,ISIC_0068248,192,adaptive_repair,False,/content/drive/MyDrive/Dissertation/edi_exports/heatmaps/scorecam/ham_baseline_r192_20260517_115647/ISIC_0068248_scorecam_heatmap.npy,/content/drive/MyDrive/Dissertation/edi_exports/heatmaps/scorecam/ham_navier_stokes_r192_20260517_160842/ISIC_0068248_scorecam_heatmap.npy,calculated,False,False,False,0.8760455932221758,,0.8314947932958603,,0.1152412050465259,,isic_0068248,ham_baseline_r192_20260517_115647,0.8760455932221758,0.8314947932958603,0.1152412050465259,0.0,0.0,0.0,True
da24ee0f812edd845b547c5d6805a217e18c593a62f97750f57ac6277cc367b4,scorecam,ham,ham_navier_stokes_r192_20260517_160842,ISIC_0058003,192,adaptive_repair,False,/content/drive/MyDrive/Dissertation/edi_exports/heatmaps/scorecam/ham_baseline_r192_20260517_115647/ISIC_0058003_scorecam_heatmap.npy,/content/drive/MyDrive/Dissertation/edi_exports/heatmaps/scorecam/ham_navier_stokes_r192_20260517_160842/ISIC_0058003_scorecam_heatmap.npy,calculated,False,False,False,0.9992143291800376,,0.998329222202301,,0.0010318066038401,,isic_0058003,ham_baseline_r192_20260517_115647,0.9992143291800376,0.998329222202301,0.0010318066038401,0.0,0.0,0.0,True
fd05c96ebf494b17e68bc6fdb4ce7e42182849fb996535bd491d67cc9346872c,scorecam,ham,ham_navier_stokes_r192_20260517_160842,ISIC_0010490,192,adaptive_repair,False,/content/drive/MyDrive/Dissertation/edi_exports/heatmaps/scorecam/ham_baseline_r192_20260517_115647/ISIC_0010490_scorecam_heatmap.npy,/content/drive/MyDrive/Dissertation/edi_exports/heatmaps/scorecam/ham_navier_stokes_r192_20260517_160842/ISIC_0010490_scorecam_heatmap.npy,calculated,False,False,False,0.990551785157525,,0.9852519184350969,,0.0097360944930703,,isic_0010490,ham_baseline_r192_20260517_115647,0.990551785157525,0.9852519184350969,0.0097360944930703,0.0,0.0,0.0,True
f96ccbcd5455249732263911439130d52e3dd53fd527b0cfb93cd66818cd7292,scorecam,ham,ham_navier_stokes_r192_20260517_160842,ISIC_0033153,192,adaptive_repair,False,/content/drive/MyDrive/Dissertation/edi_exports/heatmaps/scorecam/ham_baseline_r192_20260517_115647/ISIC_0033153_scorecam_heatmap.npy,/content/drive/MyDrive/Dissertation/edi_exports/heatmaps/scorecam/ham_navier_stokes_r192_20260517_160842/ISIC_0033153_scorecam_heatmap.npy,calculated,False,False,False,0.9956827033430566,,0.992540955543518,,0.0048088463924768,,isic_0033153,ham_baseline_r192_20260517_115647,0.9956827033430566,0.992540955543518,0.0048088463924768,0.0,0.0,0.0,True
c7cb72d6b3d9da1ae7d24d6f8a82c4b4c621e5cbab38a6543e69080cf29f6d5f,scorecam,ham,ham_navier_stokes_r192_20260517_160842,ISIC_0073194,192,adaptive_repair,False,/content/drive/MyDrive/Dissertation/edi_exports/heatmaps/scorecam/ham_baseline_r192_20260517_115647/ISIC_0073194_scorecam_heatmap.npy,/content/drive/MyDrive/Dissertation/edi_exports/heatmaps/scorecam/ham_navier_stokes_r192_20260517_160842/ISIC_0073194_scorecam_heatmap.npy,calculated,False,False,False,0.9972949530116422,,0.9958145171403884,,0.0027690031768952,,isic_0073194,ham_baseline_r192_20260517_115647,0.9972949530116422,0.9958145171403884,0.0027690031768952,0.0,0.0,0.0,True
e480462ecf80630eba93857c330a96463e180b8834bcbe6edf18ec3fe07226fe,scorecam,ham,ham_navier_stokes_r192_20260517_160842,ISIC_0028273,192,adaptive_repair,False,/content/drive/MyDrive/Dissertation/edi_exports/heatmaps/scorecam/ham_baseline_r192_20260517_115647/ISIC_0028273_scorecam_heatmap.npy,/content/drive/MyDrive/Dissertation/edi_exports/heatmaps/scorecam/ham_navier_stokes_r192_20260517_160842/ISIC_0028273_scorecam_heatmap.npy,calculated,False,False,False,0.8488706477008455,,0.8137996792793274,,0.1308824984351249,,isic_0028273,ham_baseline_r192_20260517_115647,0.8488706477008455,0.8137996792793274,0.1308824984351249,0.0,0.0,0.0,True
12df33bc112e86d2afdec177c6b5f1a87b318874cd656e7ae459a65c3aff1dfb,scorecam,ham,ham_navier_stokes_r192_20260517_160842,ISIC_0068778,192,adaptive_repair,False,/content/drive/MyDrive/Dissertation/edi_exports/heatmaps/scorecam/ham_baseline_r192_20260517_115647/ISIC_0068778_scorecam_heatmap.npy,/content/drive/MyDrive/Dissertation/edi_exports/heatmaps/scorecam/ham_navier_stokes_r192_20260517_160842/ISIC_0068778_scorecam_heatmap.npy,calculated,False,False,False,0.7312099823090158,,0.7260817587375641,,0.204156625053964,,isic_0068778,ham_baseline_r192_20260517_115647,0.7312099823090158,0.7260817587375641,0.204156625053964,0.0,0.0,0.0,True
bf69e7967cdd462d5652cc09f915f6a5cdce82d902dfc05dcacc93189d1c966d,scorecam,ham,ham_navier_stokes_r192_20260517_160842,ISIC_0033654,192,adaptive_repair,False,/content/drive/MyDrive/Dissertation/edi_exports/heatmaps/scorecam/ham_baseline_r192_20260517_115647/ISIC_0033654_scorecam_heatmap.npy,/content/drive/MyDrive/Dissertation/edi_exports/heatmaps/scorecam/ham_navier_stokes_r192_20260517_160842/ISIC_0033654_scorecam_heatmap.npy,calculated,False,False,False,0.9926899981364486,,0.9883019328117372,,0.0076765340600193,,isic_0033654,ham_baseline_r192_20260517_115647,0.9926899981364486,0.9883019328117372,0.0076765340600193,0.0,0.0,0.0,True
50e561b743740e5696cee7f07115587b47b6760fadfdd4df66a429c05b5b0f60,scorecam,ham,ham_navier_stokes_r192_20260517_160842,ISIC_0028226,192,adaptive_repair,False,/content/drive/MyDrive/Dissertation/edi_exports/heatmaps/scorecam/ham_baseline_r192_20260517_115647/ISIC_0028226_scorecam_heatmap.npy,/content/drive/MyDrive/Dissertation/edi_exports/heatmaps/scorecam/ham_navier_stokes_r192_20260517_160842/ISIC_0028226_scorecam_heatmap.npy,calculated,False,False,False,0.9962448030467717,,0.9962374269962312,,0.0028200857401915,,isic_0028226,ham_baseline_r192_20260517_115647,0.9962448030467717,0.9962374269962312,0.0028200857401915,0.0,0.0,0.0,True
320965bab3b86cb0ce4360dcd365b021ef28e3a4bd47f7bfed007a71fc8acdbb,scorecam,ham,ham_navier_stokes_r192_20260517_160842,ISIC_0054787,192,adaptive_repair,False,/content/drive/MyDrive/Dissertation/edi_exports/heatmaps/scorecam/ham_baseline_r192_20260517_115647/ISIC_0054787_scorecam_heatmap.npy,/content/drive/MyDrive/Dissertation/edi_exports/heatmaps/scorecam/ham_navier_stokes_r192_20260517_160842/ISIC_0054787_scorecam_heatmap.npy,calculated,False,False,False,0.998885795306731,,0.9970591515302658,,0.0017489754081843,,isic_0054787,ham_baseline_r192_20260517_115647,0.998885795306731,0.9970591515302658,0.0017489754081843,0.0,0.0,0.0,True
76486cb2104af0113f9c57f36ca76eb85f661351ea0b9da88a804c408aeb9ff3,scorecam,ham,ham_navier_stokes_r192_20260517_160842,ISIC_0059680,192,adaptive_repair,False,/content/drive/MyDrive/Dissertation/edi_exports/heatmaps/scorecam/ham_baseline_r192_20260517_115647/ISIC_0059680_scorecam_heatmap.npy,/content/drive/MyDrive/Dissertation/edi_exports/heatmaps/scorecam/ham_navier_stokes_r192_20260517_160842/ISIC_0059680_scorecam_heatmap.npy,calculated,False,False,False,0.967965028804766,,0.9697800129652024,,0.0231187363162073,,isic_0059680,ham_baseline_r192_20260517_115647,0.967965028804766,0.9697800129652024,0.0231187363162073,0.0,0.0,0.0,True
f67687e37d4881fb27c0f33d73edacd33868836553d5dbc69cff0e886ebeb1f4,scorecam,ham,ham_telea_r192_20260517_160859,ISIC_0027358,192,adaptive_repair,False,/content/drive/MyDrive/Dissertation/edi_exports/heatmaps/scorecam/ham_baseline_r192_20260517_115647/ISIC_0027358_scorecam_heatmap.npy,/content/drive/MyDrive/Dissertation/edi_exports/heatmaps/scorecam/ham_telea_r192_20260517_160859/ISIC_0027358_scorecam_heatmap.npy,calculated,False,False,False,0.9993804969707168,,0.9995010644197464,,0.0004043435474476,,isic_0027358,ham_baseline_r192_20260517_115647,0.9993804969707168,0.9995010644197464,0.0004043435474476,0.0,0.0,0.0,True
6db9907b3b2121f980e2ca2c38cecb09ecfe9c3255c7d3228cbc0be18fbf676e,scorecam,ham,ham_telea_r192_20260517_160859,ISIC_0030752,192,adaptive_repair,False,/content/drive/MyDrive/Dissertation/edi_exports/heatmaps/scorecam/ham_baseline_r192_20260517_115647/ISIC_0030752_scorecam_heatmap.npy,/content/drive/MyDrive/Dissertation/edi_exports/heatmaps/scorecam/ham_telea_r192_20260517_160859/ISIC_0030752_scorecam_heatmap.npy,calculated,False,False,False,0.9909846798085248,,0.9895339608192444,,0.0074868496382466,,isic_0030752,ham_baseline_r192_20260517_115647,0.9909846798085248,0.9895339608192444,0.0074868496382466,0.0,0.0,0.0,True
0cc25ec4bbcf6ac9843e2e2b323791eee0bafb80471755b6725fee7e5c675396,scorecam,ham,ham_telea_r192_20260517_160859,ISIC_0029786,192,adaptive_repair,False,/content/drive/MyDrive/Dissertation/edi_exports/heatmaps/scorecam/ham_baseline_r192_20260517_115647/ISIC_0029786_scorecam_heatmap.npy,/content/drive/MyDrive/Dissertation/edi_exports/heatmaps/scorecam/ham_telea_r192_20260517_160859/ISIC_0029786_scorecam_heatmap.npy,calculated,False,False,False,0.9919248236537724,,0.9886808395385742,,0.0076783743172698,,isic_0029786,ham_baseline_r192_20260517_115647,0.9919248236537724,0.9886808395385742,0.0076783743172698,0.0,0.0,0.0,True
1b902cd70ea2a01e4a3a2f3ec28b054cc8e01eb892785c9175955548617e0dc8,scorecam,ham,ham_telea_r192_20260517_160859,ISIC_0026652,192,adaptive_repair,False,/content/drive/MyDrive/Dissertation/edi_exports/heatmaps/scorecam/ham_baseline_r192_20260517_115647/ISIC_0026652_scorecam_heatmap.npy,/content/drive/MyDrive/Dissertation/edi_exports/heatmaps/scorecam/ham_telea_r192_20260517_160859/ISIC_0026652_scorecam_heatmap.npy,calculated,False,False,False,0.8219594183586985,,0.5868970230221748,,0.2510616338992379,,isic_0026652,ham_baseline_r192_20260517_115647,0.8219594183586985,0.5868970230221748,0.2510616338992379,0.0,0.0,0.0,True
790bfc6a2170f27206bcdc94431b5c70a04170a686308da2d777445e2cd54be6,scorecam,ham,ham_telea_r192_20260517_160859,ISIC_0032833,192,adaptive_repair,False,/content/drive/MyDrive/Dissertation/edi_exports/heatmaps/scorecam/ham_baseline_r192_20260517_115647/ISIC_0032833_scorecam_heatmap.npy,/content/drive/MyDrive/Dissertation/edi_exports/heatmaps/scorecam/ham_telea_r192_20260517_160859/ISIC_0032833_scorecam_heatmap.npy,calculated,False,False,False,0.9749452523129062,,0.9522129744291306,,0.0301571997072082,,isic_0032833,ham_baseline_r192_20260517_115647,0.9749452523129062,0.9522129744291306,0.0301571997072082,0.0,0.0,0.0,True
e4625496fada405fafd949ece42cfe7f2b795b0ffe25ac66bc004a4adeae7c9b,scorecam,ham,ham_telea_r192_20260517_160859,ISIC_0031445,192,adaptive_repair,False,/content/drive/MyDrive/Dissertation/edi_exports/heatmaps/scorecam/ham_baseline_r192_20260517_115647/ISIC_0031445_scorecam_heatmap.npy,/content/drive/MyDrive/Dissertation/edi_exports/heatmaps/scorecam/ham_telea_r192_20260517_160859/ISIC_0031445_scorecam_heatmap.npy,calculated,False,False,False,0.91648635229069,,0.8682358115911484,,0.0867605061317532,,isic_0031445,ham_baseline_r192_20260517_115647,0.91648635229069,0.8682358115911484,0.0867605061317532,0.0,0.0,0.0,True
26f17baed689bfa8de0ec6cce98be7c0ddcd67e34f33154288f48fd6d0147754,scorecam,ham,ham_telea_r192_20260517_160859,ISIC_0063544,192,adaptive_repair,False,/content/drive/MyDrive/Dissertation/edi_exports/heatmaps/scorecam/ham_baseline_r192_20260517_115647/ISIC_0063544_scorecam_heatmap.npy,/content/drive/MyDrive/Dissertation/edi_exports/heatmaps/scorecam/ham_telea_r192_20260517_160859/ISIC_0063544_scorecam_heatmap.npy,calculated,False,False,False,0.9968928572157804,,0.996704712510109,,0.0024244294410004,,isic_0063544,ham_baseline_r192_20260517_115647,0.9968928572157804,0.996704712510109,0.0024244294410004,0.0,0.0,0.0,True
6488ee662aadb0e4a4a634ba3eaa481dc3ba98905b770881984cfad0d9d33805,scorecam,ham,ham_telea_r192_20260517_160859,ISIC_0053615,192,adaptive_repair,False,/content/drive/MyDrive/Dissertation/edi_exports/heatmaps/scorecam/ham_baseline_r192_20260517_115647/ISIC_0053615_scorecam_heatmap.npy,/content/drive/MyDrive/Dissertation/edi_exports/heatmaps/scorecam/ham_telea_r192_20260517_160859/ISIC_0053615_scorecam_heatmap.npy,calculated,False,False,False,0.9971069789734762,,0.996345043182373,,0.0025507336654444,,isic_0053615,ham_baseline_r192_20260517_115647,0.9971069789734762,0.996345043182373,0.0025507336654444,0.0,0.0,0.0,True
7194591865feec75e56af564d0418ae5e22c4a175927edbf88c5664b46dcdbae,scorecam,ham,ham_telea_r192_20260517_160859,ISIC_0067519,192,adaptive_repair,False,/content/drive/MyDrive/Dissertation/edi_exports/heatmaps/scorecam/ham_baseline_r192_20260517_115647/ISIC_0067519_scorecam_heatmap.npy,/content/drive/MyDrive/Dissertation/edi_exports/heatmaps/scorecam/ham_telea_r192_20260517_160859/ISIC_0067519_scorecam_heatmap.npy,calculated,False,False,False,0.971502022783701,,0.9740065783262252,,0.0201212051409621,,isic_0067519,ham_baseline_r192_20260517_115647,0.971502022783701,0.9740065783262252,0.0201212051409621,0.0,0.0,0.0,True
bde5bb913a6f0e5e520ee1d3c3adedb1dfe971762ce08adba6f717181ddf33cf,scorecam,ham,ham_telea_r192_20260517_160859,ISIC_0030653,192,adaptive_repair,False,/content/drive/MyDrive/Dissertation/edi_exports/heatmaps/scorecam/ham_baseline_r192_20260517_115647/ISIC_0030653_scorecam_heatmap.npy,/content/drive/MyDrive/Dissertation/edi_exports/heatmaps/scorecam/ham_telea_r192_20260517_160859/ISIC_0030653_scorecam_heatmap.npy,calculated,False,False,False,0.9979551032331386,,0.9985668212175368,,0.0012278135829468,,isic_0030653,ham_baseline_r192_20260517_115647,0.9979551032331386,0.9985668212175368,0.0012278135829468,0.0,0.0,0.0,True
bb1ade2e2996f5fe242cf366266ee1693155e98e75858620691c68d3f99ef338,scorecam,ham,ham_telea_r192_20260517_160859,ISIC_0064161,192,adaptive_repair,False,/content/drive/MyDrive/Dissertation/edi_exports/heatmaps/scorecam/ham_baseline_r192_20260517_115647/ISIC_0064161_scorecam_heatmap.npy,/content/drive/MyDrive/Dissertation/edi_exports/heatmaps/scorecam/ham_telea_r192_20260517_160859/ISIC_0064161_scorecam_heatmap.npy,calculated,False,False,False,0.6846649521540682,,0.6050922349095345,,0.2762876445067157,,isic_0064161,ham_baseline_r192_20260517_115647,0.6846649521540682,0.6050922349095345,0.2762876445067157,0.0,0.0,0.0,True
a45550035818ed1ec4eb6b9a75856d50615d5aaeb002651d2e1ae1ff5a278b44,scorecam,ham,ham_telea_r192_20260517_160859,ISIC_0031005,192,adaptive_repair,False,/content/drive/MyDrive/Dissertation/edi_exports/heatmaps/scorecam/ham_baseline_r192_20260517_115647/ISIC_0031005_scorecam_heatmap.npy,/content/drive/MyDrive/Dissertation/edi_exports/heatmaps/scorecam/ham_telea_r192_20260517_160859/ISIC_0031005_scorecam_heatmap.npy,calculated,False,False,False,0.9975219561604084,,0.997557133436203,,0.0018409442417964,,isic_0031005,ham_baseline_r192_20260517_115647,0.9975219561604084,0.997557133436203,0.0018409442417964,0.0,0.0,0.0,True
05f356ba478470fe19c62ba970b724aeda92db6b66e947652e5f0e4d7ef33334,scorecam,ham,ham_telea_r192_20260517_160859,ISIC_0028490,192,adaptive_repair,False,/content/drive/MyDrive/Dissertation/edi_exports/heatmaps/scorecam/ham_baseline_r192_20260517_115647/ISIC_0028490_scorecam_heatmap.npy,/content/drive/MyDrive/Dissertation/edi_exports/heatmaps/scorecam/ham_telea_r192_20260517_160859/ISIC_0028490_scorecam_heatmap.npy,calculated,False,False,False,0.9416307276427122,,0.9425420314073564,,0.0433213023856438,,isic_0028490,ham_baseline_r192_20260517_115647,0.9416307276427122,0.9425420314073564,0.0433213023856438,0.0,0.0,0.0,True
3a6b06495e292f09f7ec737ba0a23a28b33b6cea22aee24c53935884d228ce91,scorecam,ham,ham_telea_r192_20260517_160859,ISIC_0027712,192,adaptive_repair,False,/content/drive/MyDrive/Dissertation/edi_exports/heatmaps/scorecam/ham_baseline_r192_20260517_115647/ISIC_0027712_scorecam_heatmap.npy,/content/drive/MyDrive/Dissertation/edi_exports/heatmaps/scorecam/ham_telea_r192_20260517_160859/ISIC_0027712_scorecam_heatmap.npy,calculated,False,False,False,0.9934660839333986,,0.9877195954322816,,0.0077736813005095,,isic_0027712,ham_baseline_r192_20260517_115647,0.9934660839333986,0.9877195954322816,0.0077736813005095,0.0,0.0,0.0,True
70f1cac717ed670453b4ca01f2f6db76596e33c7360371daf633544e2fc5cd9e,scorecam,ham,ham_telea_r192_20260517_160859,ISIC_0015232_DOWNSAMPLED,192,adaptive_repair,False,/content/drive/MyDrive/Dissertation/edi_exports/heatmaps/scorecam/ham_baseline_r192_20260517_115647/ISIC_0015232_downsampled_scorecam_heatmap.npy,/content/drive/MyDrive/Dissertation/edi_exports/heatmaps/scorecam/ham_telea_r192_20260517_160859/ISIC_0015232_downsampled_scorecam_heatmap.npy,calculated,False,False,False,0.9958231548837172,,0.9887318909168245,,0.0066782658206585,,isic_0015232_downsampled,ham_baseline_r192_20260517_115647,0.9958231548837172,0.9887318909168245,0.0066782658206585,0.0,0.0,0.0,True
be991eadcc2a817f0c2292b3d6389214eacd09a1fc18317de9efd9392c90237c,scorecam,ham,ham_telea_r192_20260517_160859,ISIC_0031745,192,adaptive_repair,False,/content/drive/MyDrive/Dissertation/edi_exports/heatmaps/scorecam/ham_baseline_r192_20260517_115647/ISIC_0031745_scorecam_heatmap.npy,/content/drive/MyDrive/Dissertation/edi_exports/heatmaps/scorecam/ham_telea_r192_20260517_160859/ISIC_0031745_scorecam_heatmap.npy,calculated,False,False,False,0.997720548384354,,0.9979773163795472,,0.0015812047141379,,isic_0031745,ham_baseline_r192_20260517_115647,0.997720548384354,0.9979773163795472,0.0015812047141379,0.0,0.0,0.0,True
55c66443bf41eb568aefae01482b78470453a9c7d84df51cf2a7ad8525cff37a,scorecam,ham,ham_telea_r192_20260517_160859,ISIC_0027397,192,adaptive_repair,False,/content/drive/MyDrive/Dissertation/edi_exports/heatmaps/scorecam/ham_baseline_r192_20260517_115647/ISIC_0027397_scorecam_heatmap.npy,/content/drive/MyDrive/Dissertation/edi_exports/heatmaps/scorecam/ham_telea_r192_20260517_160859/ISIC_0027397_scorecam_heatmap.npy,calculated,False,False,False,0.996880156947264,,0.99723319709301,,0.002163362216679,,isic_0027397,ham_baseline_r192_20260517_115647,0.996880156947264,0.99723319709301,0.002163362216679,0.0,0.0,0.0,True
91a17ca034c661936f6626c11b3fdb3ea1ede16fc590845ae00aaee8af99594b,scorecam,ham,ham_telea_r192_20260517_160859,ISIC_0070105,192,adaptive_repair,False,/content/drive/MyDrive/Dissertation/edi_exports/heatmaps/scorecam/ham_baseline_r192_20260517_115647/ISIC_0070105_scorecam_heatmap.npy,/content/drive/MyDrive/Dissertation/edi_exports/heatmaps/scorecam/ham_telea_r192_20260517_160859/ISIC_0070105_scorecam_heatmap.npy,calculated,False,False,False,0.9994402863481172,,0.9990332871675492,,0.0006232848291961,,isic_0070105,ham_baseline_r192_20260517_115647,0.9994402863481172,0.9990332871675492,0.0006232848291961,0.0,0.0,0.0,True
b405098276b40939009ab2ae3d23cbc4b9abb66a9bdc8b040fbbfa6cb377486a,scorecam,ham,ham_telea_r192_20260517_160859,ISIC_0028847,192,adaptive_repair,False,/content/drive/MyDrive/Dissertation/edi_exports/heatmaps/scorecam/ham_baseline_r192_20260517_115647/ISIC_0028847_scorecam_heatmap.npy,/content/drive/MyDrive/Dissertation/edi_exports/heatmaps/scorecam/ham_telea_r192_20260517_160859/ISIC_0028847_scorecam_heatmap.npy,calculated,False,False,False,0.9867914275145406,,0.9804147481918336,,0.013094769025448,,isic_0028847,ham_baseline_r192_20260517_115647,0.9867914275145406,0.9804147481918336,0.013094769025448,0.0,0.0,0.0,True
3c34774cceb586ee4cb573afff3c3ea620275e45801ab8e5aded6798780d94a4,scorecam,ham,ham_telea_r192_20260517_160859,ISIC_0068414,192,adaptive_repair,False,/content/drive/MyDrive/Dissertation/edi_exports/heatmaps/scorecam/ham_baseline_r192_20260517_115647/ISIC_0068414_scorecam_heatmap.npy,/content/drive/MyDrive/Dissertation/edi_exports/heatmaps/scorecam/ham_telea_r192_20260517_160859/ISIC_0068414_scorecam_heatmap.npy,calculated,False,False,False,0.9982077299727112,,0.9969685822725296,,0.0019637763705574,,isic_0068414,ham_baseline_r192_20260517_115647,0.9982077299727112,0.9969685822725296,0.0019637763705574,0.0,0.0,0.0,True
10104c2f6b0f1764d513a9b006a1a0ca78292a3421e84dab46ba41c42ffd4d73,scorecam,ham,ham_telea_r192_20260517_160859,ISIC_0032425,192,adaptive_repair,False,/content/drive/MyDrive/Dissertation/edi_exports/heatmaps/scorecam/ham_baseline_r192_20260517_115647/ISIC_0032425_scorecam_heatmap.npy,/content/drive/MyDrive/Dissertation/edi_exports/heatmaps/scorecam/ham_telea_r192_20260517_160859/ISIC_0032425_scorecam_heatmap.npy,calculated,False,False,False,0.9889742034590386,,0.9877253025770188,,0.0088937978467309,,isic_0032425,ham_baseline_r192_20260517_115647,0.9889742034590386,0.9877253025770188,0.0088937978467309,0.0,0.0,0.0,True
25892329fb405ade75d3f3d92458cb6e87378744ac8a713a9cbebc848a2c9a2e,scorecam,ham,ham_telea_r192_20260517_160859,ISIC_0031535,192,adaptive_repair,False,/content/drive/MyDrive/Dissertation/edi_exports/heatmaps/scorecam/ham_baseline_r192_20260517_115647/ISIC_0031535_scorecam_heatmap.npy,/content/drive/MyDrive/Dissertation/edi_exports/heatmaps/scorecam/ham_telea_r192_20260517_160859/ISIC_0031535_scorecam_heatmap.npy,calculated,False,False,False,0.958361063209673,,0.9305598139762878,,0.0451298272094378,,isic_0031535,ham_baseline_r192_20260517_115647,0.958361063209673,0.9305598139762878,0.0451298272094378,0.0,0.0,0.0,True
f806822013736dc7469475eb64dcee7382e89e701ede6410f0bf258e3dab50ed,scorecam,ham,ham_telea_r192_20260517_160859,ISIC_0027102,192,adaptive_repair,False,/content/drive/MyDrive/Dissertation/edi_exports/heatmaps/scorecam/ham_baseline_r192_20260517_115647/ISIC_0027102_scorecam_heatmap.npy,/content/drive/MyDrive/Dissertation/edi_exports/heatmaps/scorecam/ham_telea_r192_20260517_160859/ISIC_0027102_scorecam_heatmap.npy,calculated,False,False,False,0.929307859219339,,0.9057739228010178,,0.0647860737946564,,isic_0027102,ham_baseline_r192_20260517_115647,0.929307859219339,0.9057739228010178,0.0647860737946564,0.0,0.0,0.0,True
b9c1a8b49c2cce764c91273d35d364db7bf4e0f75fb9fb818b8dee693f89d8f3,scorecam,ham,ham_telea_r192_20260517_160859,ISIC_0061194,192,adaptive_repair,False,/content/drive/MyDrive/Dissertation/edi_exports/heatmaps/scorecam/ham_baseline_r192_20260517_115647/ISIC_0061194_scorecam_heatmap.npy,/content/drive/MyDrive/Dissertation/edi_exports/heatmaps/scorecam/ham_telea_r192_20260517_160859/ISIC_0061194_scorecam_heatmap.npy,calculated,False,False,False,0.9994210731612958,,0.9988504350185394,,0.0007195142004063,,isic_0061194,ham_baseline_r192_20260517_115647,0.9994210731612958,0.9988504350185394,0.0007195142004063,0.0,0.0,0.0,True
0b8669f3439476097a01b2bcdd577f1589012b53c00c3ad24ecc3a586b907c23,scorecam,ham,ham_telea_r192_20260517_160859,ISIC_0058285,192,adaptive_repair,False,/content/drive/MyDrive/Dissertation/edi_exports/heatmaps/scorecam/ham_baseline_r192_20260517_115647/ISIC_0058285_scorecam_heatmap.npy,/content/drive/MyDrive/Dissertation/edi_exports/heatmaps/scorecam/ham_telea_r192_20260517_160859/ISIC_0058285_scorecam_heatmap.npy,calculated,False,False,False,0.9400997409232827,,0.9066145420074464,,0.0616677937654561,,isic_0058285,ham_baseline_r192_20260517_115647,0.9400997409232827,0.9066145420074464,0.0616677937654561,0.0,0.0,0.0,True
8b4ede960ff2c8fcb3ca0eccbd3df1eb1bda84dbe5cda064ebb380031af1e7ac,scorecam,ham,ham_telea_r192_20260517_160859,ISIC_0028508,192,adaptive_repair,False,/content/drive/MyDrive/Dissertation/edi_exports/heatmaps/scorecam/ham_baseline_r192_20260517_115647/ISIC_0028508_scorecam_heatmap.npy,/content/drive/MyDrive/Dissertation/edi_exports/heatmaps/scorecam/ham_telea_r192_20260517_160859/ISIC_0028508_scorecam_heatmap.npy,calculated,False,False,False,0.9909937887424772,,0.98280331492424,,0.0108498953522606,,isic_0028508,ham_baseline_r192_20260517_115647,0.9909937887424772,0.98280331492424,0.0108498953522606,0.0,0.0,0.0,True
973423ed25ead7d3357241e36149a109f7e5ad6117cdd439bf1523c42f969825,scorecam,ham,ham_telea_r192_20260517_160859,ISIC_0032063,192,adaptive_repair,False,/content/drive/MyDrive/Dissertation/edi_exports/heatmaps/scorecam/ham_baseline_r192_20260517_115647/ISIC_0032063_scorecam_heatmap.npy,/content/drive/MyDrive/Dissertation/edi_exports/heatmaps/scorecam/ham_telea_r192_20260517_160859/ISIC_0032063_scorecam_heatmap.npy,calculated,False,False,False,0.9965461671774448,,0.996223211288452,,0.0027518525614127,,isic_0032063,ham_baseline_r192_20260517_115647,0.9965461671774448,0.996223211288452,0.0027518525614127,0.0,0.0,0.0,True
4e01f0cb807f5e2426017303012bb262f7b9f52dbd4dec093776d8b966be84a1,scorecam,ham,ham_telea_r192_20260517_160859,ISIC_0067055,192,adaptive_repair,False,/content/drive/MyDrive/Dissertation/edi_exports/heatmaps/scorecam/ham_baseline_r192_20260517_115647/ISIC_0067055_scorecam_heatmap.npy,/content/drive/MyDrive/Dissertation/edi_exports/heatmaps/scorecam/ham_telea_r192_20260517_160859/ISIC_0067055_scorecam_heatmap.npy,calculated,False,False,False,0.9635401872341292,,0.9398723244667052,,0.039178790958115,,isic_0067055,ham_baseline_r192_20260517_115647,0.9635401872341292,0.9398723244667052,0.039178790958115,0.0,0.0,0.0,True
d162bded7d804c47911fd855f45167d37f61f67d0256ed0addca0bd9824315c9,scorecam,ham,ham_telea_r192_20260517_160859,ISIC_0027282,192,adaptive_repair,False,/content/drive/MyDrive/Dissertation/edi_exports/heatmaps/scorecam/ham_baseline_r192_20260517_115647/ISIC_0027282_scorecam_heatmap.npy,/content/drive/MyDrive/Dissertation/edi_exports/heatmaps/scorecam/ham_telea_r192_20260517_160859/ISIC_0027282_scorecam_heatmap.npy,calculated,False,False,False,0.9982759185834988,,0.9976451992988586,,0.0016084207046959,,isic_0027282,ham_baseline_r192_20260517_115647,0.9982759185834988,0.9976451992988586,0.0016084207046959,0.0,0.0,0.0,True
5be0aefd8fc669359bf60179a3895f7f8f61fbed942420ca52080d735ae37fa3,scorecam,ham,ham_telea_r192_20260517_160859,ISIC_0068248,192,adaptive_repair,False,/content/drive/MyDrive/Dissertation/edi_exports/heatmaps/scorecam/ham_baseline_r192_20260517_115647/ISIC_0068248_scorecam_heatmap.npy,/content/drive/MyDrive/Dissertation/edi_exports/heatmaps/scorecam/ham_telea_r192_20260517_160859/ISIC_0068248_scorecam_heatmap.npy,calculated,False,False,False,0.8840533933916341,,0.842552438378334,,0.1077104324629244,,isic_0068248,ham_baseline_r192_20260517_115647,0.8840533933916341,0.842552438378334,0.1077104324629244,0.0,0.0,0.0,True
f772df2742c840070dfca2201ae2304e27c3f5ea26b29e8db48ea1592eaa1729,scorecam,ham,ham_telea_r192_20260517_160859,ISIC_0058003,192,adaptive_repair,False,/content/drive/MyDrive/Dissertation/edi_exports/heatmaps/scorecam/ham_baseline_r192_20260517_115647/ISIC_0058003_scorecam_heatmap.npy,/content/drive/MyDrive/Dissertation/edi_exports/heatmaps/scorecam/ham_telea_r192_20260517_160859/ISIC_0058003_scorecam_heatmap.npy,calculated,False,False,False,0.9964524627799812,,0.9963414967060088,,0.0027161359520002,,isic_0058003,ham_baseline_r192_20260517_115647,0.9964524627799812,0.9963414967060088,0.0027161359520002,0.0,0.0,0.0,True
74ac3e8e5017f4e4d49af6b276bad91cef4ecef14f7c09a02385a5c0cec920f6,scorecam,ham,ham_telea_r192_20260517_160859,ISIC_0010490,192,adaptive_repair,False,/content/drive/MyDrive/Dissertation/edi_exports/heatmaps/scorecam/ham_baseline_r192_20260517_115647/ISIC_0010490_scorecam_heatmap.npy,/content/drive/MyDrive/Dissertation/edi_exports/heatmaps/scorecam/ham_telea_r192_20260517_160859/ISIC_0010490_scorecam_heatmap.npy,calculated,False,False,False,0.9878200665214224,,0.982115775346756,,0.0119870956962663,,isic_0010490,ham_baseline_r192_20260517_115647,0.9878200665214224,0.982115775346756,0.0119870956962663,0.0,0.0,0.0,True
b53b7955470142011b44a4af0acf91c95f95ec3609f7fbf9590e8bdc0dd8359a,scorecam,ham,ham_telea_r192_20260517_160859,ISIC_0033153,192,adaptive_repair,False,/content/drive/MyDrive/Dissertation/edi_exports/heatmaps/scorecam/ham_baseline_r192_20260517_115647/ISIC_0033153_scorecam_heatmap.npy,/content/drive/MyDrive/Dissertation/edi_exports/heatmaps/scorecam/ham_telea_r192_20260517_160859/ISIC_0033153_scorecam_heatmap.npy,calculated,False,False,False,0.9966342572370812,,0.9936245679855348,,0.0040291516979623,,isic_0033153,ham_baseline_r192_20260517_115647,0.9966342572370812,0.9936245679855348,0.0040291516979623,0.0,0.0,0.0,True
c6bdbad55fcdb9065df4edd1769a0734bc8a45da2c137d6c25dd704aefd4a58e,scorecam,ham,ham_telea_r192_20260517_160859,ISIC_0073194,192,adaptive_repair,False,/content/drive/MyDrive/Dissertation/edi_exports/heatmaps/scorecam/ham_baseline_r192_20260517_115647/ISIC_0073194_scorecam_heatmap.npy,/content/drive/MyDrive/Dissertation/edi_exports/heatmaps/scorecam/ham_telea_r192_20260517_160859/ISIC_0073194_scorecam_heatmap.npy,calculated,False,False,False,0.999282987390028,,0.9989442378282548,,0.0007071342383656,,isic_0073194,ham_baseline_r192_20260517_115647,0.999282987390028,0.9989442378282548,0.0007071342383656,0.0,0.0,0.0,True
2d7f3fabd09a6b2f45a502c9eabf0c0b3960e852c4f630491372db873f708c03,scorecam,ham,ham_telea_r192_20260517_160859,ISIC_0028273,192,adaptive_repair,False,/content/drive/MyDrive/Dissertation/edi_exports/heatmaps/scorecam/ham_baseline_r192_20260517_115647/ISIC_0028273_scorecam_heatmap.npy,/content/drive/MyDrive/Dissertation/edi_exports/heatmaps/scorecam/ham_telea_r192_20260517_160859/ISIC_0028273_scorecam_heatmap.npy,calculated,False,False,False,0.871370789762473,,0.8523150086402893,,0.1059997982392371,,isic_0028273,ham_baseline_r192_20260517_115647,0.871370789762473,0.8523150086402893,0.1059997982392371,0.0,0.0,0.0,True
0c11bf29b752fd3d8bb0f3a7a799fbf90ecdfebfb58e590c5c70aefa6aa67bc4,scorecam,ham,ham_telea_r192_20260517_160859,ISIC_0068778,192,adaptive_repair,False,/content/drive/MyDrive/Dissertation/edi_exports/heatmaps/scorecam/ham_baseline_r192_20260517_115647/ISIC_0068778_scorecam_heatmap.npy,/content/drive/MyDrive/Dissertation/edi_exports/heatmaps/scorecam/ham_telea_r192_20260517_160859/ISIC_0068778_scorecam_heatmap.npy,calculated,False,False,False,0.781926563020862,,0.7229204624891281,,0.1930581280002204,,isic_0068778,ham_baseline_r192_20260517_115647,0.781926563020862,0.7229204624891281,0.1930581280002204,0.0,0.0,0.0,True
9fd225d8d7c38b56a1a80c6005595f68c056fe9163d236016a71c011eb239fd6,scorecam,ham,ham_telea_r192_20260517_160859,ISIC_0033654,192,adaptive_repair,False,/content/drive/MyDrive/Dissertation/edi_exports/heatmaps/scorecam/ham_baseline_r192_20260517_115647/ISIC_0033654_scorecam_heatmap.npy,/content/drive/MyDrive/Dissertation/edi_exports/heatmaps/scorecam/ham_telea_r192_20260517_160859/ISIC_0033654_scorecam_heatmap.npy,calculated,False,False,False,0.9916246663483318,,0.9856564998626708,,0.0092655834815815,,isic_0033654,ham_baseline_r192_20260517_115647,0.9916246663483318,0.9856564998626708,0.0092655834815815,0.0,0.0,0.0,True
d2f0c373adeadf69b89727e8a0b235e660375122acdf58df23fa48ead0cb545a,scorecam,ham,ham_telea_r192_20260517_160859,ISIC_0028226,192,adaptive_repair,False,/content/drive/MyDrive/Dissertation/edi_exports/heatmaps/scorecam/ham_baseline_r192_20260517_115647/ISIC_0028226_scorecam_heatmap.npy,/content/drive/MyDrive/Dissertation/edi_exports/heatmaps/scorecam/ham_telea_r192_20260517_160859/ISIC_0028226_scorecam_heatmap.npy,calculated,False,False,False,0.9964963557823716,,0.99675153195858,,0.002500145075117,,isic_0028226,ham_baseline_r192_20260517_115647,0.9964963557823716,0.99675153195858,0.002500145075117,0.0,0.0,0.0,True
523ccba319f1d32ed94ea14df032985dc323ab7aaa41842697b6ba9849cb79ab,scorecam,ham,ham_telea_r192_20260517_160859,ISIC_0054787,192,adaptive_repair,False,/content/drive/MyDrive/Dissertation/edi_exports/heatmaps/scorecam/ham_baseline_r192_20260517_115647/ISIC_0054787_scorecam_heatmap.npy,/content/drive/MyDrive/Dissertation/edi_exports/heatmaps/scorecam/ham_telea_r192_20260517_160859/ISIC_0054787_scorecam_heatmap.npy,calculated,False,False,False,0.9985994110871494,,0.995887964963913,,0.0024061647462561,,isic_0054787,ham_baseline_r192_20260517_115647,0.9985994110871494,0.995887964963913,0.0024061647462561,0.0,0.0,0.0,True
288e7f10be6745c94cb1a57ec1d724394aef209f9a6eac035e5183ed37bf58fe,scorecam,ham,ham_telea_r192_20260517_160859,ISIC_0059680,192,adaptive_repair,False,/content/drive/MyDrive/Dissertation/edi_exports/heatmaps/scorecam/ham_baseline_r192_20260517_115647/ISIC_0059680_scorecam_heatmap.npy,/content/drive/MyDrive/Dissertation/edi_exports/heatmaps/scorecam/ham_telea_r192_20260517_160859/ISIC_0059680_scorecam_heatmap.npy,calculated,False,False,False,0.9833941789803334,,0.9771898984909058,,0.0155565060094637,,isic_0059680,ham_baseline_r192_20260517_115647,0.9833941789803334,0.9771898984909058,0.0155565060094637,0.0,0.0,0.0,True
8fb78982491194f69f13ea7344c761b52f498051899a2b96e2c48cc8ee857a79,scorecam,train_ham_test_isic,train_ham_test_isic_diffusion_r128_20260521_204628,ISIC_0027358,128,adaptive_repair,False,/content/drive/MyDrive/Dissertation/edi_exports/heatmaps/scorecam/train_ham_test_isic_baseline_r128_20260521_223809/ISIC_0027358_scorecam_heatmap.npy,/content/drive/MyDrive/Dissertation/edi_exports/heatmaps/scorecam/train_ham_test_isic_diffusion_r128_20260521_204628/ISIC_0027358_scorecam_heatmap.npy,calculated,False,False,False,0.9954034296936644,,0.9927868694067,,0.0047557078732338,,isic_0027358,train_ham_test_isic_baseline_r128_20260521_223809,0.9954034296936644,0.9927868694067,0.0047557078732338,0.0,0.0,0.0,True
8589ba3adb7db85f0208a7a5ea3d1917eebd5db92226a4ff67873b606d2e12c8,scorecam,train_ham_test_isic,train_ham_test_isic_diffusion_r128_20260521_204628,ISIC_0030752,128,adaptive_repair,False,/content/drive/MyDrive/Dissertation/edi_exports/heatmaps/scorecam/train_ham_test_isic_baseline_r128_20260521_223809/ISIC_0030752_scorecam_heatmap.npy,/content/drive/MyDrive/Dissertation/edi_exports/heatmaps/scorecam/train_ham_test_isic_diffusion_r128_20260521_204628/ISIC_0030752_scorecam_heatmap.npy,calculated,False,False,False,0.9985963122091732,,0.9984811693429948,,0.0011103372762093,,isic_0030752,train_ham_test_isic_baseline_r128_20260521_223809,0.9985963122091732,0.9984811693429948,0.0011103372762093,0.0,0.0,0.0,True
08be9943da0ee76649b52270027034fc2eed8a22b25a004134010e9c15db3b06,scorecam,train_ham_test_isic,train_ham_test_isic_diffusion_r128_20260521_204628,ISIC_0029786,128,adaptive_repair,False,/content/drive/MyDrive/Dissertation/edi_exports/heatmaps/scorecam/train_ham_test_isic_baseline_r128_20260521_223809/ISIC_0029786_scorecam_heatmap.npy,/content/drive/MyDrive/Dissertation/edi_exports/heatmaps/scorecam/train_ham_test_isic_diffusion_r128_20260521_204628/ISIC_0029786_scorecam_heatmap.npy,calculated,False,False,False,0.904739672975888,,0.8972357958555222,,0.0751971838282669,,isic_0029786,train_ham_test_isic_baseline_r128_20260521_223809,0.904739672975888,0.8972357958555222,0.0751971838282669,0.0,0.0,0.0,True
d0b7d8e7126054d52ba1b7a27b92d76d5b13316360267b056c33ec2223dd62de,scorecam,train_ham_test_isic,train_ham_test_isic_diffusion_r128_20260521_204628,ISIC_0026652,128,adaptive_repair,False,/content/drive/MyDrive/Dissertation/edi_exports/heatmaps/scorecam/train_ham_test_isic_baseline_r128_20260521_223809/ISIC_0026652_scorecam_heatmap.npy,/content/drive/MyDrive/Dissertation/edi_exports/heatmaps/scorecam/train_ham_test_isic_diffusion_r128_20260521_204628/ISIC_0026652_scorecam_heatmap.npy,calculated,False,False,False,0.9888269356857684,,0.9876746535301208,,0.0089559393134974,,isic_0026652,train_ham_test_isic_baseline_r128_20260521_223809,0.9888269356857684,0.9876746535301208,0.0089559393134974,0.0,0.0,0.0,True
0e4f7fc8904885a91c46c1a6d4aeb6b20028acef23d310c25c975211c9969f45,scorecam,train_ham_test_isic,train_ham_test_isic_diffusion_r128_20260521_204628,ISIC_0032833,128,adaptive_repair,False,/content/drive/MyDrive/Dissertation/edi_exports/heatmaps/scorecam/train_ham_test_isic_baseline_r128_20260521_223809/ISIC_0032833_scorecam_heatmap.npy,/content/drive/MyDrive/Dissertation/edi_exports/heatmaps/scorecam/train_ham_test_isic_diffusion_r128_20260521_204628/ISIC_0032833_scorecam_heatmap.npy,calculated,False,False,False,0.9991354946785732,,0.9982877522706984,,0.0010722501950074,,isic_0032833,train_ham_test_isic_baseline_r128_20260521_223809,0.9991354946785732,0.9982877522706984,0.0010722501950074,0.0,0.0,0.0,True
2b97e1396d39360d6b3b3cf9fd3475a45fb3d5836dbde3485f9d233f7419289a,scorecam,train_ham_test_isic,train_ham_test_isic_diffusion_r128_20260521_204628,ISIC_0031445,128,adaptive_repair,False,/content/drive/MyDrive/Dissertation/edi_exports/heatmaps/scorecam/train_ham_test_isic_baseline_r128_20260521_223809/ISIC_0031445_scorecam_heatmap.npy,/content/drive/MyDrive/Dissertation/edi_exports/heatmaps/scorecam/train_ham_test_isic_diffusion_r128_20260521_204628/ISIC_0031445_scorecam_heatmap.npy,calculated,False,False,False,0.9572995925284732,,0.939817637205124,,0.0407662832653197,,isic_0031445,train_ham_test_isic_baseline_r128_20260521_223809,0.9572995925284732,0.939817637205124,0.0407662832653197,0.0,0.0,0.0,True
e109a8027104ec980dc395a7022d8418255015f1352f4aaf4ed6f8f683cb62da,scorecam,train_ham_test_isic,train_ham_test_isic_diffusion_r128_20260521_204628,ISIC_0063544,128,adaptive_repair,False,/content/drive/MyDrive/Dissertation/edi_exports/heatmaps/scorecam/train_ham_test_isic_baseline_r128_20260521_223809/ISIC_0063544_scorecam_heatmap.npy,/content/drive/MyDrive/Dissertation/edi_exports/heatmaps/scorecam/train_ham_test_isic_diffusion_r128_20260521_204628/ISIC_0063544_scorecam_heatmap.npy,calculated,False,False,False,0.9858071586621776,,0.9851295948028564,,0.0109834129330273,,isic_0063544,train_ham_test_isic_baseline_r128_20260521_223809,0.9858071586621776,0.9851295948028564,0.0109834129330273,0.0,0.0,0.0,True
5b442292eb247a1bcd560da6cf538ed07db23a43b31774d262d2cce18a77d0c9,scorecam,train_ham_test_isic,train_ham_test_isic_diffusion_r128_20260521_204628,ISIC_0053615,128,adaptive_repair,False,/content/drive/MyDrive/Dissertation/edi_exports/heatmaps/scorecam/train_ham_test_isic_baseline_r128_20260521_223809/ISIC_0053615_scorecam_heatmap.npy,/content/drive/MyDrive/Dissertation/edi_exports/heatmaps/scorecam/train_ham_test_isic_diffusion_r128_20260521_204628/ISIC_0053615_scorecam_heatmap.npy,calculated,False,False,False,0.9970373379411503,,0.9938236474990844,,0.0038288417651701,,isic_0053615,train_ham_test_isic_baseline_r128_20260521_223809,0.9970373379411503,0.9938236474990844,0.0038288417651701,0.0,0.0,0.0,True
cd64118045bd4682776c13319c86e3d35d7365b02d476c7aa5028268dd73d6c4,scorecam,train_ham_test_isic,train_ham_test_isic_diffusion_r128_20260521_204628,ISIC_0067519,128,adaptive_repair,False,/content/drive/MyDrive/Dissertation/edi_exports/heatmaps/scorecam/train_ham_test_isic_baseline_r128_20260521_223809/ISIC_0067519_scorecam_heatmap.npy,/content/drive/MyDrive/Dissertation/edi_exports/heatmaps/scorecam/train_ham_test_isic_diffusion_r128_20260521_204628/ISIC_0067519_scorecam_heatmap.npy,calculated,False,False,False,0.9954186691031084,,0.9923476278781892,,0.0049715187851283,,isic_0067519,train_ham_test_isic_baseline_r128_20260521_223809,0.9954186691031084,0.9923476278781892,0.0049715187851283,0.0,0.0,0.0,True
7e5015abff463998432892f07733d0ff37b7a3c4431431f947a94a51a5f12d27,scorecam,train_ham_test_isic,train_ham_test_isic_diffusion_r128_20260521_204628,ISIC_0030653,128,adaptive_repair,False,/content/drive/MyDrive/Dissertation/edi_exports/heatmaps/scorecam/train_ham_test_isic_baseline_r128_20260521_223809/ISIC_0030653_scorecam_heatmap.npy,/content/drive/MyDrive/Dissertation/edi_exports/heatmaps/scorecam/train_ham_test_isic_diffusion_r128_20260521_204628/ISIC_0030653_scorecam_heatmap.npy,calculated,False,False,False,0.9976946158372026,,0.9969164282083512,,0.0021181319365237,,isic_0030653,train_ham_test_isic_baseline_r128_20260521_223809,0.9976946158372026,0.9969164282083512,0.0021181319365237,0.0,0.0,0.0,True
4488b2ac8e8c4b767b5ef44b6abea2aa4ef77890ae8b9f707c269721a3b3b418,scorecam,train_ham_test_isic,train_ham_test_isic_diffusion_r128_20260521_204628,ISIC_0064161,128,adaptive_repair,False,/content/drive/MyDrive/Dissertation/edi_exports/heatmaps/scorecam/train_ham_test_isic_baseline_r128_20260521_223809/ISIC_0064161_scorecam_heatmap.npy,/content/drive/MyDrive/Dissertation/edi_exports/heatmaps/scorecam/train_ham_test_isic_diffusion_r128_20260521_204628/ISIC_0064161_scorecam_heatmap.npy,calculated,False,False,False,0.939752568268718,,0.9491672813892365,,0.0404782172382022,,isic_0064161,train_ham_test_isic_baseline_r128_20260521_223809,0.939752568268718,0.9491672813892365,0.0404782172382022,0.0,0.0,0.0,True
b62531528fac2185a2d44ffcbca848770b37a0cd818e31d3007f07189c159839,scorecam,train_ham_test_isic,train_ham_test_isic_diffusion_r128_20260521_204628,ISIC_0031005,128,adaptive_repair,False,/content/drive/MyDrive/Dissertation/edi_exports/heatmaps/scorecam/train_ham_test_isic_baseline_r128_20260521_223809/ISIC_0031005_scorecam_heatmap.npy,/content/drive/MyDrive/Dissertation/edi_exports/heatmaps/scorecam/train_ham_test_isic_diffusion_r128_20260521_204628/ISIC_0031005_scorecam_heatmap.npy,calculated,False,False,False,0.9924071547217308,,0.9918493628501892,,0.0059735298944726,,isic_0031005,train_ham_test_isic_baseline_r128_20260521_223809,0.9924071547217308,0.9918493628501892,0.0059735298944726,0.0,0.0,0.0,True
aa428406639684e547904090ab6cb2fc26dba22dd259c12c6bcf3a92f10d8b82,scorecam,train_ham_test_isic,train_ham_test_isic_diffusion_r128_20260521_204628,ISIC_0028490,128,adaptive_repair,False,/content/drive/MyDrive/Dissertation/edi_exports/heatmaps/scorecam/train_ham_test_isic_baseline_r128_20260521_223809/ISIC_0028490_scorecam_heatmap.npy,/content/drive/MyDrive/Dissertation/edi_exports/heatmaps/scorecam/train_ham_test_isic_diffusion_r128_20260521_204628/ISIC_0028490_scorecam_heatmap.npy,calculated,False,False,False,0.9893551049562104,,0.9896430820226668,,0.0078396827496138,,isic_0028490,train_ham_test_isic_baseline_r128_20260521_223809,0.9893551049562104,0.9896430820226668,0.0078396827496138,0.0,0.0,0.0,True
0459f22d1a106189922d08643a18d78cdc7ec108a845e93878eb05b2bd06d487,scorecam,train_ham_test_isic,train_ham_test_isic_diffusion_r128_20260521_204628,ISIC_0027712,128,adaptive_repair,False,/content/drive/MyDrive/Dissertation/edi_exports/heatmaps/scorecam/train_ham_test_isic_baseline_r128_20260521_223809/ISIC_0027712_scorecam_heatmap.npy,/content/drive/MyDrive/Dissertation/edi_exports/heatmaps/scorecam/train_ham_test_isic_diffusion_r128_20260521_204628/ISIC_0027712_scorecam_heatmap.npy,calculated,False,False,False,0.991871792174697,,0.9897300750017166,,0.0071670144554674,,isic_0027712,train_ham_test_isic_baseline_r128_20260521_223809,0.991871792174697,0.9897300750017166,0.0071670144554674,0.0,0.0,0.0,True
93132c2372100cca0344d4ac91d384463a77ec87923a413c7572c4086123a8b9,scorecam,train_ham_test_isic,train_ham_test_isic_diffusion_r128_20260521_204628,ISIC_0015232_DOWNSAMPLED,128,adaptive_repair,False,/content/drive/MyDrive/Dissertation/edi_exports/heatmaps/scorecam/train_ham_test_isic_baseline_r128_20260521_223809/ISIC_0015232_downsampled_scorecam_heatmap.npy,/content/drive/MyDrive/Dissertation/edi_exports/heatmaps/scorecam/train_ham_test_isic_diffusion_r128_20260521_204628/ISIC_0015232_downsampled_scorecam_heatmap.npy,calculated,False,False,False,0.9955147787669624,,0.9929152131080629,,0.004663698754228,,isic_0015232_downsampled,train_ham_test_isic_baseline_r128_20260521_223809,0.9955147787669624,0.9929152131080629,0.004663698754228,0.0,0.0,0.0,True
34c83b7574cfaf0fcb27f71f694233084f3d37075cfec237b60b020b9ad74599,scorecam,train_ham_test_isic,train_ham_test_isic_diffusion_r128_20260521_204628,ISIC_0031745,128,adaptive_repair,False,/content/drive/MyDrive/Dissertation/edi_exports/heatmaps/scorecam/train_ham_test_isic_baseline_r128_20260521_223809/ISIC_0031745_scorecam_heatmap.npy,/content/drive/MyDrive/Dissertation/edi_exports/heatmaps/scorecam/train_ham_test_isic_diffusion_r128_20260521_204628/ISIC_0031745_scorecam_heatmap.npy,calculated,False,False,False,0.9932516468424344,,0.9906231909990312,,0.0063754927898759,,isic_0031745,train_ham_test_isic_baseline_r128_20260521_223809,0.9932516468424344,0.9906231909990312,0.0063754927898759,0.0,0.0,0.0,True
b3d9f6f6854cc9e38575fa0e8cc897452316c233bc575b363c177c0ab87ab4e1,scorecam,train_ham_test_isic,train_ham_test_isic_diffusion_r128_20260521_204628,ISIC_0027397,128,adaptive_repair,False,/content/drive/MyDrive/Dissertation/edi_exports/heatmaps/scorecam/train_ham_test_isic_baseline_r128_20260521_223809/ISIC_0027397_scorecam_heatmap.npy,/content/drive/MyDrive/Dissertation/edi_exports/heatmaps/scorecam/train_ham_test_isic_diffusion_r128_20260521_204628/ISIC_0027397_scorecam_heatmap.npy,calculated,False,False,False,0.9948059130422544,,0.996517688035965,,0.0030396777214539,,isic_0027397,train_ham_test_isic_baseline_r128_20260521_223809,0.9948059130422544,0.996517688035965,0.0030396777214539,0.0,0.0,0.0,True
fbecabb8abb3f956ab0e5cf1bcdbd536f6614f2a3295c7b55cce25994e9bd621,scorecam,train_ham_test_isic,train_ham_test_isic_diffusion_r128_20260521_204628,ISIC_0070105,128,adaptive_repair,False,/content/drive/MyDrive/Dissertation/edi_exports/heatmaps/scorecam/train_ham_test_isic_baseline_r128_20260521_223809/ISIC_0070105_scorecam_heatmap.npy,/content/drive/MyDrive/Dissertation/edi_exports/heatmaps/scorecam/train_ham_test_isic_diffusion_r128_20260521_204628/ISIC_0070105_scorecam_heatmap.npy,calculated,False,False,False,0.9997507685541532,,0.9997416138648988,,0.0001915009290123,,isic_0070105,train_ham_test_isic_baseline_r128_20260521_223809,0.9997507685541532,0.9997416138648988,0.0001915009290123,0.0,0.0,0.0,True
043ef8c7c704123c0c2e49d5cfc55e38e54dc96b5688c090864a1f25698b12aa,scorecam,train_ham_test_isic,train_ham_test_isic_diffusion_r128_20260521_204628,ISIC_0028847,128,adaptive_repair,False,/content/drive/MyDrive/Dissertation/edi_exports/heatmaps/scorecam/train_ham_test_isic_baseline_r128_20260521_223809/ISIC_0028847_scorecam_heatmap.npy,/content/drive/MyDrive/Dissertation/edi_exports/heatmaps/scorecam/train_ham_test_isic_diffusion_r128_20260521_204628/ISIC_0028847_scorecam_heatmap.npy,calculated,False,False,False,0.9767745519254948,,0.9723316729068756,,0.0196405255651884,,isic_0028847,train_ham_test_isic_baseline_r128_20260521_223809,0.9767745519254948,0.9723316729068756,0.0196405255651884,0.0,0.0,0.0,True
4c03d0b56f9321fb5369dabe9e91021044ada77f6697247d28881a41d7500d97,scorecam,train_ham_test_isic,train_ham_test_isic_diffusion_r128_20260521_204628,ISIC_0068414,128,adaptive_repair,False,/content/drive/MyDrive/Dissertation/edi_exports/heatmaps/scorecam/train_ham_test_isic_baseline_r128_20260521_223809/ISIC_0068414_scorecam_heatmap.npy,/content/drive/MyDrive/Dissertation/edi_exports/heatmaps/scorecam/train_ham_test_isic_diffusion_r128_20260521_204628/ISIC_0068414_scorecam_heatmap.npy,calculated,False,False,False,0.9988468529392336,,0.998881995677948,,0.0008472889262176,,isic_0068414,train_ham_test_isic_baseline_r128_20260521_223809,0.9988468529392336,0.998881995677948,0.0008472889262176,0.0,0.0,0.0,True
e9e73fbb6d7d2c1954aa072372bc14fa15b66e9f007020167fac4d53cbd8436c,scorecam,train_ham_test_isic,train_ham_test_isic_diffusion_r128_20260521_204628,ISIC_0032425,128,adaptive_repair,False,/content/drive/MyDrive/Dissertation/edi_exports/heatmaps/scorecam/train_ham_test_isic_baseline_r128_20260521_223809/ISIC_0032425_scorecam_heatmap.npy,/content/drive/MyDrive/Dissertation/edi_exports/heatmaps/scorecam/train_ham_test_isic_diffusion_r128_20260521_204628/ISIC_0032425_scorecam_heatmap.npy,calculated,False,False,False,0.9640134093962816,,0.9432762116193772,,0.0373585418412409,,isic_0032425,train_ham_test_isic_baseline_r128_20260521_223809,0.9640134093962816,0.9432762116193772,0.0373585418412409,0.0,0.0,0.0,True
e51539b2e20d960ca2fbd5198a572e2bbde82bc1db74fec08afd49536f8fef0c,scorecam,train_ham_test_isic,train_ham_test_isic_diffusion_r128_20260521_204628,ISIC_0031535,128,adaptive_repair,False,/content/drive/MyDrive/Dissertation/edi_exports/heatmaps/scorecam/train_ham_test_isic_baseline_r128_20260521_223809/ISIC_0031535_scorecam_heatmap.npy,/content/drive/MyDrive/Dissertation/edi_exports/heatmaps/scorecam/train_ham_test_isic_diffusion_r128_20260521_204628/ISIC_0031535_scorecam_heatmap.npy,calculated,False,False,False,0.9990096124246958,,0.9988412857055664,,0.0008269540410428,,isic_0031535,train_ham_test_isic_baseline_r128_20260521_223809,0.9990096124246958,0.9988412857055664,0.0008269540410428,0.0,0.0,0.0,True
bce190fcad96fa232a873f5276379a899180f08e2c662ca7c8a89c7eb8943095,scorecam,train_ham_test_isic,train_ham_test_isic_diffusion_r128_20260521_204628,ISIC_0027102,128,adaptive_repair,False,/content/drive/MyDrive/Dissertation/edi_exports/heatmaps/scorecam/train_ham_test_isic_baseline_r128_20260521_223809/ISIC_0027102_scorecam_heatmap.npy,/content/drive/MyDrive/Dissertation/edi_exports/heatmaps/scorecam/train_ham_test_isic_diffusion_r128_20260521_204628/ISIC_0027102_scorecam_heatmap.npy,calculated,False,False,False,0.960026403951863,,0.9119943827390672,,0.0539962076425006,,isic_0027102,train_ham_test_isic_baseline_r128_20260521_223809,0.960026403951863,0.9119943827390672,0.0539962076425006,0.0,0.0,0.0,True
c8a7695460c4c53811b956c2828fee1ab7877140251f369963f8327c523b4341,scorecam,train_ham_test_isic,train_ham_test_isic_diffusion_r128_20260521_204628,ISIC_0061194,128,adaptive_repair,False,/content/drive/MyDrive/Dissertation/edi_exports/heatmaps/scorecam/train_ham_test_isic_baseline_r128_20260521_223809/ISIC_0061194_scorecam_heatmap.npy,/content/drive/MyDrive/Dissertation/edi_exports/heatmaps/scorecam/train_ham_test_isic_diffusion_r128_20260521_204628/ISIC_0061194_scorecam_heatmap.npy,calculated,False,False,False,0.999995142127395,,0.9999923557043076,,5.036615997489058e-06,,isic_0061194,train_ham_test_isic_baseline_r128_20260521_223809,0.999995142127395,0.9999923557043076,5.036615997489058e-06,0.0,0.0,0.0,True
95bf29b8589f7514b202344a9c7b50001c23f76d439865dbc1135e04b3d36a50,scorecam,train_ham_test_isic,train_ham_test_isic_diffusion_r128_20260521_204628,ISIC_0058285,128,adaptive_repair,False,/content/drive/MyDrive/Dissertation/edi_exports/heatmaps/scorecam/train_ham_test_isic_baseline_r128_20260521_223809/ISIC_0058285_scorecam_heatmap.npy,/content/drive/MyDrive/Dissertation/edi_exports/heatmaps/scorecam/train_ham_test_isic_diffusion_r128_20260521_204628/ISIC_0058285_scorecam_heatmap.npy,calculated,False,False,False,0.9431819447036692,,0.9297174364328384,,0.0493457956076634,,isic_0058285,train_ham_test_isic_baseline_r128_20260521_223809,0.9431819447036692,0.9297174364328384,0.0493457956076634,0.0,0.0,0.0,True
fa3bef51d7713bc35c81c7cab15253edcc2e79c8e99781f6f865e3605b6b1840,scorecam,train_ham_test_isic,train_ham_test_isic_diffusion_r128_20260521_204628,ISIC_0028508,128,adaptive_repair,False,/content/drive/MyDrive/Dissertation/edi_exports/heatmaps/scorecam/train_ham_test_isic_baseline_r128_20260521_223809/ISIC_0028508_scorecam_heatmap.npy,/content/drive/MyDrive/Dissertation/edi_exports/heatmaps/scorecam/train_ham_test_isic_diffusion_r128_20260521_204628/ISIC_0028508_scorecam_heatmap.npy,calculated,False,False,False,0.7858809419601973,,0.8918857574462891,,0.1075868857868061,,isic_0028508,train_ham_test_isic_baseline_r128_20260521_223809,0.7858809419601973,0.8918857574462891,0.1075868857868061,0.0,0.0,0.0,True
00694dce850c18c447b1d6f59176d5b7fbc7114a618a95d79bc0b9980141b807,scorecam,train_ham_test_isic,train_ham_test_isic_diffusion_r128_20260521_204628,ISIC_0032063,128,adaptive_repair,False,/content/drive/MyDrive/Dissertation/edi_exports/heatmaps/scorecam/train_ham_test_isic_baseline_r128_20260521_223809/ISIC_0032063_scorecam_heatmap.npy,/content/drive/MyDrive/Dissertation/edi_exports/heatmaps/scorecam/train_ham_test_isic_diffusion_r128_20260521_204628/ISIC_0032063_scorecam_heatmap.npy,calculated,False,False,False,0.987654514169272,,0.9820147156715392,,0.0120790136219123,,isic_0032063,train_ham_test_isic_baseline_r128_20260521_223809,0.987654514169272,0.9820147156715392,0.0120790136219123,0.0,0.0,0.0,True
1da4bcbf174d48d04e9f958749c8ace218fb5bd59b02b949cb3a450b52e66f13,scorecam,train_ham_test_isic,train_ham_test_isic_diffusion_r128_20260521_204628,ISIC_0067055,128,adaptive_repair,False,/content/drive/MyDrive/Dissertation/edi_exports/heatmaps/scorecam/train_ham_test_isic_baseline_r128_20260521_223809/ISIC_0067055_scorecam_heatmap.npy,/content/drive/MyDrive/Dissertation/edi_exports/heatmaps/scorecam/train_ham_test_isic_diffusion_r128_20260521_204628/ISIC_0067055_scorecam_heatmap.npy,calculated,False,False,False,0.9891699245500352,,0.9894414842128754,,0.0079867767560535,,isic_0067055,train_ham_test_isic_baseline_r128_20260521_223809,0.9891699245500352,0.9894414842128754,0.0079867767560535,0.0,0.0,0.0,True
41711462c4d2a50e87df7dad179f6ba0656e49401364f94ca8b3b682b468c594,scorecam,train_ham_test_isic,train_ham_test_isic_diffusion_r128_20260521_204628,ISIC_0027282,128,adaptive_repair,False,/content/drive/MyDrive/Dissertation/edi_exports/heatmaps/scorecam/train_ham_test_isic_baseline_r128_20260521_223809/ISIC_0027282_scorecam_heatmap.npy,/content/drive/MyDrive/Dissertation/edi_exports/heatmaps/scorecam/train_ham_test_isic_diffusion_r128_20260521_204628/ISIC_0027282_scorecam_heatmap.npy,calculated,False,False,False,0.9959954801679384,,0.9965243339538574,,0.0027389629810866,,isic_0027282,train_ham_test_isic_baseline_r128_20260521_223809,0.9959954801679384,0.9965243339538574,0.0027389629810866,0.0,0.0,0.0,True
f8e21af5862748c8687449e56ed560e7cc3bafa7efa469f28852f93b4f6ff5f8,scorecam,train_ham_test_isic,train_ham_test_isic_diffusion_r128_20260521_204628,ISIC_0068248,128,adaptive_repair,False,/content/drive/MyDrive/Dissertation/edi_exports/heatmaps/scorecam/train_ham_test_isic_baseline_r128_20260521_223809/ISIC_0068248_scorecam_heatmap.npy,/content/drive/MyDrive/Dissertation/edi_exports/heatmaps/scorecam/train_ham_test_isic_diffusion_r128_20260521_204628/ISIC_0068248_scorecam_heatmap.npy,calculated,False,False,False,0.9700324585543828,,0.9497834891080856,,0.0326001408073615,,isic_0068248,train_ham_test_isic_baseline_r128_20260521_223809,0.9700324585543828,0.9497834891080856,0.0326001408073615,0.0,0.0,0.0,True
28e40339317ca1976bec0f6e5eaf6c97e7b0e5922226118e9aba3f650f9c65bc,scorecam,train_ham_test_isic,train_ham_test_isic_diffusion_r128_20260521_204628,ISIC_0058003,128,adaptive_repair,False,/content/drive/MyDrive/Dissertation/edi_exports/heatmaps/scorecam/train_ham_test_isic_baseline_r128_20260521_223809/ISIC_0058003_scorecam_heatmap.npy,/content/drive/MyDrive/Dissertation/edi_exports/heatmaps/scorecam/train_ham_test_isic_diffusion_r128_20260521_204628/ISIC_0058003_scorecam_heatmap.npy,calculated,False,False,False,0.9876702408848632,,0.9847434908151628,,0.0107106943712028,,isic_0058003,train_ham_test_isic_baseline_r128_20260521_223809,0.9876702408848632,0.9847434908151628,0.0107106943712028,0.0,0.0,0.0,True
49c754ba9b978375b034593ed8c74feba6a699fa5244a5a46ad309a43c32112f,scorecam,train_ham_test_isic,train_ham_test_isic_diffusion_r128_20260521_204628,ISIC_0010490,128,adaptive_repair,False,/content/drive/MyDrive/Dissertation/edi_exports/heatmaps/scorecam/train_ham_test_isic_baseline_r128_20260521_223809/ISIC_0010490_scorecam_heatmap.npy,/content/drive/MyDrive/Dissertation/edi_exports/heatmaps/scorecam/train_ham_test_isic_diffusion_r128_20260521_204628/ISIC_0010490_scorecam_heatmap.npy,calculated,False,False,False,0.9986689606132606,,0.9980605244636536,,0.001302497614858,,isic_0010490,train_ham_test_isic_baseline_r128_20260521_223809,0.9986689606132606,0.9980605244636536,0.001302497614858,0.0,0.0,0.0,True
da0c58b413af698855c5c3d93627ed2c1d4dc7b1c3e83c5530141c25a47a9a6e,scorecam,train_ham_test_isic,train_ham_test_isic_diffusion_r128_20260521_204628,ISIC_0033153,128,adaptive_repair,False,/content/drive/MyDrive/Dissertation/edi_exports/heatmaps/scorecam/train_ham_test_isic_baseline_r128_20260521_223809/ISIC_0033153_scorecam_heatmap.npy,/content/drive/MyDrive/Dissertation/edi_exports/heatmaps/scorecam/train_ham_test_isic_diffusion_r128_20260521_204628/ISIC_0033153_scorecam_heatmap.npy,calculated,False,False,False,0.9942058557341265,,0.9922777712345124,,0.0053096504492122,,isic_0033153,train_ham_test_isic_baseline_r128_20260521_223809,0.9942058557341265,0.9922777712345124,0.0053096504492122,0.0,0.0,0.0,True
8f345d30a2698d23b6f21ca9cc8c29d6f2eb498f0794da424147387fefbfc0ff,scorecam,train_ham_test_isic,train_ham_test_isic_diffusion_r128_20260521_204628,ISIC_0073194,128,adaptive_repair,False,/content/drive/MyDrive/Dissertation/edi_exports/heatmaps/scorecam/train_ham_test_isic_baseline_r128_20260521_223809/ISIC_0073194_scorecam_heatmap.npy,/content/drive/MyDrive/Dissertation/edi_exports/heatmaps/scorecam/train_ham_test_isic_diffusion_r128_20260521_204628/ISIC_0073194_scorecam_heatmap.npy,calculated,False,False,False,0.9998324685095236,,0.9997935891151428,,0.0001450883150476,,isic_0073194,train_ham_test_isic_baseline_r128_20260521_223809,0.9998324685095236,0.9997935891151428,0.0001450883150476,0.0,0.0,0.0,True
aa96a041cbf4de62b1b77a28482e740c69884aaa716e3937ce9c6ac3aa4baf01,scorecam,train_ham_test_isic,train_ham_test_isic_diffusion_r128_20260521_204628,ISIC_0028273,128,adaptive_repair,False,/content/drive/MyDrive/Dissertation/edi_exports/heatmaps/scorecam/train_ham_test_isic_baseline_r128_20260521_223809/ISIC_0028273_scorecam_heatmap.npy,/content/drive/MyDrive/Dissertation/edi_exports/heatmaps/scorecam/train_ham_test_isic_diffusion_r128_20260521_204628/ISIC_0028273_scorecam_heatmap.npy,calculated,False,False,False,0.950176523528063,,0.9414667338132858,,0.0417225022113413,,isic_0028273,train_ham_test_isic_baseline_r128_20260521_223809,0.950176523528063,0.9414667338132858,0.0417225022113413,0.0,0.0,0.0,True
c90dc1608221c867784b2f4e6f63d4121e9c0454e0723c6442a6ce66eba905c9,scorecam,train_ham_test_isic,train_ham_test_isic_diffusion_r128_20260521_204628,ISIC_0068778,128,adaptive_repair,False,/content/drive/MyDrive/Dissertation/edi_exports/heatmaps/scorecam/train_ham_test_isic_baseline_r128_20260521_223809/ISIC_0068778_scorecam_heatmap.npy,/content/drive/MyDrive/Dissertation/edi_exports/heatmaps/scorecam/train_ham_test_isic_diffusion_r128_20260521_204628/ISIC_0068778_scorecam_heatmap.npy,calculated,False,False,False,0.8182368468355777,,0.6796851605176926,,0.2055982080322592,,isic_0068778,train_ham_test_isic_baseline_r128_20260521_223809,0.8182368468355777,0.6796851605176926,0.2055982080322592,0.0,0.0,0.0,True
98f3afea5c5016dcc237bfb1bf3508e4c1ae24fa3ac8bfcbb2916183c84841b1,scorecam,train_ham_test_isic,train_ham_test_isic_diffusion_r128_20260521_204628,ISIC_0033654,128,adaptive_repair,False,/content/drive/MyDrive/Dissertation/edi_exports/heatmaps/scorecam/train_ham_test_isic_baseline_r128_20260521_223809/ISIC_0033654_scorecam_heatmap.npy,/content/drive/MyDrive/Dissertation/edi_exports/heatmaps/scorecam/train_ham_test_isic_diffusion_r128_20260521_204628/ISIC_0033654_scorecam_heatmap.npy,calculated,False,False,False,0.9956279918016508,,0.9942334592342376,,0.0039762724324684,,isic_0033654,train_ham_test_isic_baseline_r128_20260521_223809,0.9956279918016508,0.9942334592342376,0.0039762724324684,0.0,0.0,0.0,True
14eb1dc21cdaa95a1cbbd79e934df2d422e343b82f0e3c237d7c863109e08ebe,scorecam,train_ham_test_isic,train_ham_test_isic_diffusion_r128_20260521_204628,ISIC_0028226,128,adaptive_repair,False,/content/drive/MyDrive/Dissertation/edi_exports/heatmaps/scorecam/train_ham_test_isic_baseline_r128_20260521_223809/ISIC_0028226_scorecam_heatmap.npy,/content/drive/MyDrive/Dissertation/edi_exports/heatmaps/scorecam/train_ham_test_isic_diffusion_r128_20260521_204628/ISIC_0028226_scorecam_heatmap.npy,calculated,False,False,False,0.9957289552749058,,0.9935250133275986,,0.0043052545174742,,isic_0028226,train_ham_test_isic_baseline_r128_20260521_223809,0.9957289552749058,0.9935250133275986,0.0043052545174742,0.0,0.0,0.0,True
bd95324b9964f6c1ce9cc7177ca07b9584ac26c5d61f7dc84605f4be275fd1dd,scorecam,train_ham_test_isic,train_ham_test_isic_diffusion_r128_20260521_204628,ISIC_0054787,128,adaptive_repair,False,/content/drive/MyDrive/Dissertation/edi_exports/heatmaps/scorecam/train_ham_test_isic_baseline_r128_20260521_223809/ISIC_0054787_scorecam_heatmap.npy,/content/drive/MyDrive/Dissertation/edi_exports/heatmaps/scorecam/train_ham_test_isic_diffusion_r128_20260521_204628/ISIC_0054787_scorecam_heatmap.npy,calculated,False,False,False,0.9999408672589668,,0.9999518394470216,,3.886346174752919e-05,,isic_0054787,train_ham_test_isic_baseline_r128_20260521_223809,0.9999408672589668,0.9999518394470216,3.886346174752919e-05,0.0,0.0,0.0,True
327a5f72965a57d33032cc36e5764bef259f1acfc24f238f9d8144e1fcc0101c,scorecam,train_ham_test_isic,train_ham_test_isic_diffusion_r128_20260521_204628,ISIC_0059680,128,adaptive_repair,False,/content/drive/MyDrive/Dissertation/edi_exports/heatmaps/scorecam/train_ham_test_isic_baseline_r128_20260521_223809/ISIC_0059680_scorecam_heatmap.npy,/content/drive/MyDrive/Dissertation/edi_exports/heatmaps/scorecam/train_ham_test_isic_diffusion_r128_20260521_204628/ISIC_0059680_scorecam_heatmap.npy,calculated,False,False,False,0.8836391608292391,,0.9095464795827866,,0.0743169700012969,,isic_0059680,train_ham_test_isic_baseline_r128_20260521_223809,0.8836391608292391,0.9095464795827866,0.0743169700012969,0.0,0.0,0.0,True
0b5a3c370c14e0834a6adcb785526b4338ba8fe990c47e42699d4a905d8f3fcd,scorecam,train_ham_test_isic,train_ham_test_isic_dl_preprocess_r128_20260521_204612,ISIC_0027358,128,adaptive_repair,False,/content/drive/MyDrive/Dissertation/edi_exports/heatmaps/scorecam/train_ham_test_isic_baseline_r128_20260521_223809/ISIC_0027358_scorecam_heatmap.npy,/content/drive/MyDrive/Dissertation/edi_exports/heatmaps/scorecam/train_ham_test_isic_dl_preprocess_r128_20260521_204612/ISIC_0027358_scorecam_heatmap.npy,calculated,False,False,False,0.9972313350696628,,0.9975903183221816,,0.0018970070714934,,isic_0027358,train_ham_test_isic_baseline_r128_20260521_223809,0.9972313350696628,0.9975903183221816,0.0018970070714934,0.0,0.0,0.0,True
2c28efae9e668c7c57fc98267da9c17b12c1bfd60cef2a0284f188a9487abf36,scorecam,train_ham_test_isic,train_ham_test_isic_dl_preprocess_r128_20260521_204612,ISIC_0030752,128,adaptive_repair,False,/content/drive/MyDrive/Dissertation/edi_exports/heatmaps/scorecam/train_ham_test_isic_baseline_r128_20260521_223809/ISIC_0030752_scorecam_heatmap.npy,/content/drive/MyDrive/Dissertation/edi_exports/heatmaps/scorecam/train_ham_test_isic_dl_preprocess_r128_20260521_204612/ISIC_0030752_scorecam_heatmap.npy,calculated,False,False,False,0.9990630581970058,,0.9988172054290771,,0.0008256327362099,,isic_0030752,train_ham_test_isic_baseline_r128_20260521_223809,0.9990630581970058,0.9988172054290771,0.0008256327362099,0.0,0.0,0.0,True
4c183b2435807f5e46125cae8961e596adcc3af03c0676afdd498233710a0c5c,scorecam,train_ham_test_isic,train_ham_test_isic_dl_preprocess_r128_20260521_204612,ISIC_0029786,128,adaptive_repair,False,/content/drive/MyDrive/Dissertation/edi_exports/heatmaps/scorecam/train_ham_test_isic_baseline_r128_20260521_223809/ISIC_0029786_scorecam_heatmap.npy,/content/drive/MyDrive/Dissertation/edi_exports/heatmaps/scorecam/train_ham_test_isic_dl_preprocess_r128_20260521_204612/ISIC_0029786_scorecam_heatmap.npy,calculated,False,False,False,0.9374041052787896,,0.9287183731794356,,0.0512897870905847,,isic_0029786,train_ham_test_isic_baseline_r128_20260521_223809,0.9374041052787896,0.9287183731794356,0.0512897870905847,0.0,0.0,0.0,True
5067af8b22aec6f0d94fc32e7f98dc234250d6dadb941af20986d5323eb8a719,scorecam,train_ham_test_isic,train_ham_test_isic_dl_preprocess_r128_20260521_204612,ISIC_0026652,128,adaptive_repair,False,/content/drive/MyDrive/Dissertation/edi_exports/heatmaps/scorecam/train_ham_test_isic_baseline_r128_20260521_223809/ISIC_0026652_scorecam_heatmap.npy,/content/drive/MyDrive/Dissertation/edi_exports/heatmaps/scorecam/train_ham_test_isic_dl_preprocess_r128_20260521_204612/ISIC_0026652_scorecam_heatmap.npy,calculated,False,False,False,0.9910015048599932,,0.9899047464132308,,0.0072972505783862,,isic_0026652,train_ham_test_isic_baseline_r128_20260521_223809,0.9910015048599932,0.9899047464132308,0.0072972505783862,0.0,0.0,0.0,True
71c5d7b41a188f9fcbf528a411309f9bb8fb10a0bd6765896474e436f032b34f,scorecam,train_ham_test_isic,train_ham_test_isic_dl_preprocess_r128_20260521_204612,ISIC_0032833,128,adaptive_repair,False,/content/drive/MyDrive/Dissertation/edi_exports/heatmaps/scorecam/train_ham_test_isic_baseline_r128_20260521_223809/ISIC_0032833_scorecam_heatmap.npy,/content/drive/MyDrive/Dissertation/edi_exports/heatmaps/scorecam/train_ham_test_isic_dl_preprocess_r128_20260521_204612/ISIC_0032833_scorecam_heatmap.npy,calculated,False,False,False,0.999487377966856,,0.9994829893112184,,0.0003866608526768,,isic_0032833,train_ham_test_isic_baseline_r128_20260521_223809,0.999487377966856,0.9994829893112184,0.0003866608526768,0.0,0.0,0.0,True
30a4c4d18f21bcfc41e41211da1df174e40287713e417926f5f207866e095794,scorecam,train_ham_test_isic,train_ham_test_isic_dl_preprocess_r128_20260521_204612,ISIC_0031445,128,adaptive_repair,False,/content/drive/MyDrive/Dissertation/edi_exports/heatmaps/scorecam/train_ham_test_isic_baseline_r128_20260521_223809/ISIC_0031445_scorecam_heatmap.npy,/content/drive/MyDrive/Dissertation/edi_exports/heatmaps/scorecam/train_ham_test_isic_dl_preprocess_r128_20260521_204612/ISIC_0031445_scorecam_heatmap.npy,calculated,False,False,False,0.963556431062299,,0.9448885768651962,,0.0366666038018271,,isic_0031445,train_ham_test_isic_baseline_r128_20260521_223809,0.963556431062299,0.9448885768651962,0.0366666038018271,0.0,0.0,0.0,True
606169b1ac6097854de19f39a60640226ba50acf19d70c2e12b23811912ed29d,scorecam,train_ham_test_isic,train_ham_test_isic_dl_preprocess_r128_20260521_204612,ISIC_0063544,128,adaptive_repair,False,/content/drive/MyDrive/Dissertation/edi_exports/heatmaps/scorecam/train_ham_test_isic_baseline_r128_20260521_223809/ISIC_0063544_scorecam_heatmap.npy,/content/drive/MyDrive/Dissertation/edi_exports/heatmaps/scorecam/train_ham_test_isic_dl_preprocess_r128_20260521_204612/ISIC_0063544_scorecam_heatmap.npy,calculated,False,False,False,0.990950374674777,,0.9908768385648729,,0.0068239870488693,,isic_0063544,train_ham_test_isic_baseline_r128_20260521_223809,0.990950374674777,0.9908768385648729,0.0068239870488693,0.0,0.0,0.0,True
fa8b6e89b88dce9b15ddd9fb2e4d7ab0a30f0da063b0c7f6e1e4b06486d3fb38,scorecam,train_ham_test_isic,train_ham_test_isic_dl_preprocess_r128_20260521_204612,ISIC_0053615,128,adaptive_repair,False,/content/drive/MyDrive/Dissertation/edi_exports/heatmaps/scorecam/train_ham_test_isic_baseline_r128_20260521_223809/ISIC_0053615_scorecam_heatmap.npy,/content/drive/MyDrive/Dissertation/edi_exports/heatmaps/scorecam/train_ham_test_isic_dl_preprocess_r128_20260521_204612/ISIC_0053615_scorecam_heatmap.npy,calculated,False,False,False,0.9985891230896068,,0.9962009489536284,,0.002252244750784,,isic_0053615,train_ham_test_isic_baseline_r128_20260521_223809,0.9985891230896068,0.9962009489536284,0.002252244750784,0.0,0.0,0.0,True
a925f4d0c0bce676aba9a6e9a8fab519810c76dd4f5499139dcfb690b238f889,scorecam,train_ham_test_isic,train_ham_test_isic_dl_preprocess_r128_20260521_204612,ISIC_0067519,128,adaptive_repair,False,/content/drive/MyDrive/Dissertation/edi_exports/heatmaps/scorecam/train_ham_test_isic_baseline_r128_20260521_223809/ISIC_0067519_scorecam_heatmap.npy,/content/drive/MyDrive/Dissertation/edi_exports/heatmaps/scorecam/train_ham_test_isic_dl_preprocess_r128_20260521_204612/ISIC_0067519_scorecam_heatmap.npy,calculated,False,False,False,0.9914788377031036,,0.9937983900308608,,0.0052310955587936,,isic_0067519,train_ham_test_isic_baseline_r128_20260521_223809,0.9914788377031036,0.9937983900308608,0.0052310955587936,0.0,0.0,0.0,True
37350138b07e9d03e90565c587213f1f16a5445229c3a1a8f8128b49b1e3406f,scorecam,train_ham_test_isic,train_ham_test_isic_dl_preprocess_r128_20260521_204612,ISIC_0030653,128,adaptive_repair,False,/content/drive/MyDrive/Dissertation/edi_exports/heatmaps/scorecam/train_ham_test_isic_baseline_r128_20260521_223809/ISIC_0030653_scorecam_heatmap.npy,/content/drive/MyDrive/Dissertation/edi_exports/heatmaps/scorecam/train_ham_test_isic_dl_preprocess_r128_20260521_204612/ISIC_0030653_scorecam_heatmap.npy,calculated,False,False,False,0.9961291170321463,,0.9931112974882126,,0.004412071997857,,isic_0030653,train_ham_test_isic_baseline_r128_20260521_223809,0.9961291170321463,0.9931112974882126,0.004412071997857,0.0,0.0,0.0,True
8cfc8065ffa940fd6513fac1b5c61d152a69a5be67a0e85d5333c1afe399fe67,scorecam,train_ham_test_isic,train_ham_test_isic_dl_preprocess_r128_20260521_204612,ISIC_0064161,128,adaptive_repair,False,/content/drive/MyDrive/Dissertation/edi_exports/heatmaps/scorecam/train_ham_test_isic_baseline_r128_20260521_223809/ISIC_0064161_scorecam_heatmap.npy,/content/drive/MyDrive/Dissertation/edi_exports/heatmaps/scorecam/train_ham_test_isic_dl_preprocess_r128_20260521_204612/ISIC_0064161_scorecam_heatmap.npy,calculated,False,False,False,0.9459124615303728,,0.9497450590133668,,0.0386493551107234,,isic_0064161,train_ham_test_isic_baseline_r128_20260521_223809,0.9459124615303728,0.9497450590133668,0.0386493551107234,0.0,0.0,0.0,True
6e3facd0f8fa90261fbd422808a2770ae9abd2727bfb9bcd8b6a1ff91e795066,scorecam,train_ham_test_isic,train_ham_test_isic_dl_preprocess_r128_20260521_204612,ISIC_0031005,128,adaptive_repair,False,/content/drive/MyDrive/Dissertation/edi_exports/heatmaps/scorecam/train_ham_test_isic_baseline_r128_20260521_223809/ISIC_0031005_scorecam_heatmap.npy,/content/drive/MyDrive/Dissertation/edi_exports/heatmaps/scorecam/train_ham_test_isic_dl_preprocess_r128_20260521_204612/ISIC_0031005_scorecam_heatmap.npy,calculated,False,False,False,0.9972403779074078,,0.9965552538633348,,0.0024122785914807,,isic_0031005,train_ham_test_isic_baseline_r128_20260521_223809,0.9972403779074078,0.9965552538633348,0.0024122785914807,0.0,0.0,0.0,True
a489b8a0b7e259fd4896c6f1416eb618cb96448fa75b3cc973af9695940795a1,scorecam,train_ham_test_isic,train_ham_test_isic_dl_preprocess_r128_20260521_204612,ISIC_0028490,128,adaptive_repair,False,/content/drive/MyDrive/Dissertation/edi_exports/heatmaps/scorecam/train_ham_test_isic_baseline_r128_20260521_223809/ISIC_0028490_scorecam_heatmap.npy,/content/drive/MyDrive/Dissertation/edi_exports/heatmaps/scorecam/train_ham_test_isic_dl_preprocess_r128_20260521_204612/ISIC_0028490_scorecam_heatmap.npy,calculated,False,False,False,0.992571026459402,,0.993083581328392,,0.0053154527209534,,isic_0028490,train_ham_test_isic_baseline_r128_20260521_223809,0.992571026459402,0.993083581328392,0.0053154527209534,0.0,0.0,0.0,True
cf4ce1be86424966e9af92c10e39f5e7070ef9278c17c9cfb16fb017bdca8717,scorecam,train_ham_test_isic,train_ham_test_isic_dl_preprocess_r128_20260521_204612,ISIC_0027712,128,adaptive_repair,False,/content/drive/MyDrive/Dissertation/edi_exports/heatmaps/scorecam/train_ham_test_isic_baseline_r128_20260521_223809/ISIC_0027712_scorecam_heatmap.npy,/content/drive/MyDrive/Dissertation/edi_exports/heatmaps/scorecam/train_ham_test_isic_dl_preprocess_r128_20260521_204612/ISIC_0027712_scorecam_heatmap.npy,calculated,False,False,False,0.9983177114291306,,0.998123735189438,,0.0013587045479984,,isic_0027712,train_ham_test_isic_baseline_r128_20260521_223809,0.9983177114291306,0.998123735189438,0.0013587045479984,0.0,0.0,0.0,True
31c19059fccfc0135bd3bc1981cae88af5963867561577ce6920b3f6da67f964,scorecam,train_ham_test_isic,train_ham_test_isic_dl_preprocess_r128_20260521_204612,ISIC_0015232_DOWNSAMPLED,128,adaptive_repair,False,/content/drive/MyDrive/Dissertation/edi_exports/heatmaps/scorecam/train_ham_test_isic_baseline_r128_20260521_223809/ISIC_0015232_downsampled_scorecam_heatmap.npy,/content/drive/MyDrive/Dissertation/edi_exports/heatmaps/scorecam/train_ham_test_isic_dl_preprocess_r128_20260521_204612/ISIC_0015232_downsampled_scorecam_heatmap.npy,calculated,False,False,False,0.9990350273703122,,0.9989751428365709,,0.0007536717391365,,isic_0015232_downsampled,train_ham_test_isic_baseline_r128_20260521_223809,0.9990350273703122,0.9989751428365709,0.0007536717391365,0.0,0.0,0.0,True
b44205db3aac3ee309fc5014b3282a716b2328efed05166220338758d856ac65,scorecam,train_ham_test_isic,train_ham_test_isic_dl_preprocess_r128_20260521_204612,ISIC_0031745,128,adaptive_repair,False,/content/drive/MyDrive/Dissertation/edi_exports/heatmaps/scorecam/train_ham_test_isic_baseline_r128_20260521_223809/ISIC_0031745_scorecam_heatmap.npy,/content/drive/MyDrive/Dissertation/edi_exports/heatmaps/scorecam/train_ham_test_isic_dl_preprocess_r128_20260521_204612/ISIC_0031745_scorecam_heatmap.npy,calculated,False,False,False,0.9976064407421946,,0.9954479485750198,,0.0028744155269414,,isic_0031745,train_ham_test_isic_baseline_r128_20260521_223809,0.9976064407421946,0.9954479485750198,0.0028744155269414,0.0,0.0,0.0,True
3232485c4e0ac84eff7a4ad98cae5995e68623ea30f3f6a39d5ad0d7dc5337ae,scorecam,train_ham_test_isic,train_ham_test_isic_dl_preprocess_r128_20260521_204612,ISIC_0027397,128,adaptive_repair,False,/content/drive/MyDrive/Dissertation/edi_exports/heatmaps/scorecam/train_ham_test_isic_baseline_r128_20260521_223809/ISIC_0027397_scorecam_heatmap.npy,/content/drive/MyDrive/Dissertation/edi_exports/heatmaps/scorecam/train_ham_test_isic_dl_preprocess_r128_20260521_204612/ISIC_0027397_scorecam_heatmap.npy,calculated,False,False,False,0.9963938605014416,,0.99752639234066,,0.0021383387043095,,isic_0027397,train_ham_test_isic_baseline_r128_20260521_223809,0.9963938605014416,0.99752639234066,0.0021383387043095,0.0,0.0,0.0,True
94ddd163438e550eacf864b6997c7cfef2be1e84a2e312cba368492e1e708e8c,scorecam,train_ham_test_isic,train_ham_test_isic_dl_preprocess_r128_20260521_204612,ISIC_0070105,128,adaptive_repair,False,/content/drive/MyDrive/Dissertation/edi_exports/heatmaps/scorecam/train_ham_test_isic_baseline_r128_20260521_223809/ISIC_0070105_scorecam_heatmap.npy,/content/drive/MyDrive/Dissertation/edi_exports/heatmaps/scorecam/train_ham_test_isic_dl_preprocess_r128_20260521_204612/ISIC_0070105_scorecam_heatmap.npy,calculated,False,False,False,0.9994400296223176,,0.9993435889482498,,0.0004681981202956,,isic_0070105,train_ham_test_isic_baseline_r128_20260521_223809,0.9994400296223176,0.9993435889482498,0.0004681981202956,0.0,0.0,0.0,True
f90a1cd63ad6ca530bfff99b0f4a5d0ac4c58c0dc1aa3788be31d2a248c30c7a,scorecam,train_ham_test_isic,train_ham_test_isic_dl_preprocess_r128_20260521_204612,ISIC_0028847,128,adaptive_repair,False,/content/drive/MyDrive/Dissertation/edi_exports/heatmaps/scorecam/train_ham_test_isic_baseline_r128_20260521_223809/ISIC_0028847_scorecam_heatmap.npy,/content/drive/MyDrive/Dissertation/edi_exports/heatmaps/scorecam/train_ham_test_isic_dl_preprocess_r128_20260521_204612/ISIC_0028847_scorecam_heatmap.npy,calculated,False,False,False,0.969656540543312,,0.9737899005413057,,0.0206909145935192,,isic_0028847,train_ham_test_isic_baseline_r128_20260521_223809,0.969656540543312,0.9737899005413057,0.0206909145935192,0.0,0.0,0.0,True
46b1fe36e7f1ba69eeaa4a86bbea020c59413d83bf56aa5a997cf6be015d5732,scorecam,train_ham_test_isic,train_ham_test_isic_dl_preprocess_r128_20260521_204612,ISIC_0068414,128,adaptive_repair,False,/content/drive/MyDrive/Dissertation/edi_exports/heatmaps/scorecam/train_ham_test_isic_baseline_r128_20260521_223809/ISIC_0068414_scorecam_heatmap.npy,/content/drive/MyDrive/Dissertation/edi_exports/heatmaps/scorecam/train_ham_test_isic_dl_preprocess_r128_20260521_204612/ISIC_0068414_scorecam_heatmap.npy,calculated,False,False,False,0.9993150818973826,,0.999317154288292,,0.0005126523815083,,isic_0068414,train_ham_test_isic_baseline_r128_20260521_223809,0.9993150818973826,0.999317154288292,0.0005126523815083,0.0,0.0,0.0,True
3c630be7f6a77b3e4d36489582323f0ec99cf7d94470887739873b325c0ef74b,scorecam,train_ham_test_isic,train_ham_test_isic_dl_preprocess_r128_20260521_204612,ISIC_0032425,128,adaptive_repair,False,/content/drive/MyDrive/Dissertation/edi_exports/heatmaps/scorecam/train_ham_test_isic_baseline_r128_20260521_223809/ISIC_0032425_scorecam_heatmap.npy,/content/drive/MyDrive/Dissertation/edi_exports/heatmaps/scorecam/train_ham_test_isic_dl_preprocess_r128_20260521_204612/ISIC_0032425_scorecam_heatmap.npy,calculated,False,False,False,0.9730128145053883,,0.9594384133815764,,0.0270275896828646,,isic_0032425,train_ham_test_isic_baseline_r128_20260521_223809,0.9730128145053883,0.9594384133815764,0.0270275896828646,0.0,0.0,0.0,True
d8316026dbea2f671b1e11c9cce1901480304fc7a4bd579e5af59a8c006b08d2,scorecam,train_ham_test_isic,train_ham_test_isic_dl_preprocess_r128_20260521_204612,ISIC_0031535,128,adaptive_repair,False,/content/drive/MyDrive/Dissertation/edi_exports/heatmaps/scorecam/train_ham_test_isic_baseline_r128_20260521_223809/ISIC_0031535_scorecam_heatmap.npy,/content/drive/MyDrive/Dissertation/edi_exports/heatmaps/scorecam/train_ham_test_isic_dl_preprocess_r128_20260521_204612/ISIC_0031535_scorecam_heatmap.npy,calculated,False,False,False,0.9976437317334796,,0.9977011233568192,,0.0017385053882205,,isic_0031535,train_ham_test_isic_baseline_r128_20260521_223809,0.9976437317334796,0.9977011233568192,0.0017385053882205,0.0,0.0,0.0,True
6e25dc3ea141e44abc9d3d8dc13e3d086dd292346eebcc81b4120526cc446e0c,scorecam,train_ham_test_isic,train_ham_test_isic_dl_preprocess_r128_20260521_204612,ISIC_0027102,128,adaptive_repair,False,/content/drive/MyDrive/Dissertation/edi_exports/heatmaps/scorecam/train_ham_test_isic_baseline_r128_20260521_223809/ISIC_0027102_scorecam_heatmap.npy,/content/drive/MyDrive/Dissertation/edi_exports/heatmaps/scorecam/train_ham_test_isic_dl_preprocess_r128_20260521_204612/ISIC_0027102_scorecam_heatmap.npy,calculated,False,False,False,0.9751523408099207,,0.9415258318185806,,0.0354489988882295,,isic_0027102,train_ham_test_isic_baseline_r128_20260521_223809,0.9751523408099207,0.9415258318185806,0.0354489988882295,0.0,0.0,0.0,True
dce05170d6ba2b4546fca4afd4cc9086521bcda475e3ce0c28769f9cb7fc88e1,scorecam,train_ham_test_isic,train_ham_test_isic_dl_preprocess_r128_20260521_204612,ISIC_0061194,128,adaptive_repair,False,/content/drive/MyDrive/Dissertation/edi_exports/heatmaps/scorecam/train_ham_test_isic_baseline_r128_20260521_223809/ISIC_0061194_scorecam_heatmap.npy,/content/drive/MyDrive/Dissertation/edi_exports/heatmaps/scorecam/train_ham_test_isic_dl_preprocess_r128_20260521_204612/ISIC_0061194_scorecam_heatmap.npy,calculated,False,False,False,0.9999951193873904,,0.9999914914369584,,5.474434673247153e-06,,isic_0061194,train_ham_test_isic_baseline_r128_20260521_223809,0.9999951193873904,0.9999914914369584,5.474434673247153e-06,0.0,0.0,0.0,True
ca6f95b81ed0694531e0c0968f8f731ab12c3729742cadead14261b9756e7c9f,scorecam,train_ham_test_isic,train_ham_test_isic_dl_preprocess_r128_20260521_204612,ISIC_0058285,128,adaptive_repair,False,/content/drive/MyDrive/Dissertation/edi_exports/heatmaps/scorecam/train_ham_test_isic_baseline_r128_20260521_223809/ISIC_0058285_scorecam_heatmap.npy,/content/drive/MyDrive/Dissertation/edi_exports/heatmaps/scorecam/train_ham_test_isic_dl_preprocess_r128_20260521_204612/ISIC_0058285_scorecam_heatmap.npy,calculated,False,False,False,0.9882289679199312,,0.9815057963132858,,0.0121898598633742,,isic_0058285,train_ham_test_isic_baseline_r128_20260521_223809,0.9882289679199312,0.9815057963132858,0.0121898598633742,0.0,0.0,0.0,True
c6f9b68546086c8846028ee46f97049f65421ac295a05cd9dab8211aaac952d3,scorecam,train_ham_test_isic,train_ham_test_isic_dl_preprocess_r128_20260521_204612,ISIC_0028508,128,adaptive_repair,False,/content/drive/MyDrive/Dissertation/edi_exports/heatmaps/scorecam/train_ham_test_isic_baseline_r128_20260521_223809/ISIC_0028508_scorecam_heatmap.npy,/content/drive/MyDrive/Dissertation/edi_exports/heatmaps/scorecam/train_ham_test_isic_dl_preprocess_r128_20260521_204612/ISIC_0028508_scorecam_heatmap.npy,calculated,False,False,False,0.8772839484295337,,0.9112745374441148,,0.0750417441705592,,isic_0028508,train_ham_test_isic_baseline_r128_20260521_223809,0.8772839484295337,0.9112745374441148,0.0750417441705592,0.0,0.0,0.0,True
9529fe8185d634536ebf5aae67465b4660a82124c0bde2e275032f7bddae3783,scorecam,train_ham_test_isic,train_ham_test_isic_dl_preprocess_r128_20260521_204612,ISIC_0032063,128,adaptive_repair,False,/content/drive/MyDrive/Dissertation/edi_exports/heatmaps/scorecam/train_ham_test_isic_baseline_r128_20260521_223809/ISIC_0032063_scorecam_heatmap.npy,/content/drive/MyDrive/Dissertation/edi_exports/heatmaps/scorecam/train_ham_test_isic_dl_preprocess_r128_20260521_204612/ISIC_0032063_scorecam_heatmap.npy,calculated,False,False,False,0.9921822773194772,,0.9885617792606354,,0.0076735410398129,,isic_0032063,train_ham_test_isic_baseline_r128_20260521_223809,0.9921822773194772,0.9885617792606354,0.0076735410398129,0.0,0.0,0.0,True
1b89c5076ba789f29128dcc26cfe1f6fee61fc3bc49ce9e7650f067675810d3f,scorecam,train_ham_test_isic,train_ham_test_isic_dl_preprocess_r128_20260521_204612,ISIC_0067055,128,adaptive_repair,False,/content/drive/MyDrive/Dissertation/edi_exports/heatmaps/scorecam/train_ham_test_isic_baseline_r128_20260521_223809/ISIC_0067055_scorecam_heatmap.npy,/content/drive/MyDrive/Dissertation/edi_exports/heatmaps/scorecam/train_ham_test_isic_dl_preprocess_r128_20260521_204612/ISIC_0067055_scorecam_heatmap.npy,calculated,False,False,False,0.9917693327631416,,0.9901490062475204,,0.0069831636854543,,isic_0067055,train_ham_test_isic_baseline_r128_20260521_223809,0.9917693327631416,0.9901490062475204,0.0069831636854543,0.0,0.0,0.0,True
96b84fa7f12c0b79913304346de92a57d778b13623f82e9380dc53395d12056e,scorecam,train_ham_test_isic,train_ham_test_isic_dl_preprocess_r128_20260521_204612,ISIC_0027282,128,adaptive_repair,False,/content/drive/MyDrive/Dissertation/edi_exports/heatmaps/scorecam/train_ham_test_isic_baseline_r128_20260521_223809/ISIC_0027282_scorecam_heatmap.npy,/content/drive/MyDrive/Dissertation/edi_exports/heatmaps/scorecam/train_ham_test_isic_dl_preprocess_r128_20260521_204612/ISIC_0027282_scorecam_heatmap.npy,calculated,False,False,False,0.9973839575925836,,0.9972235560417176,,0.0020422325809953,,isic_0027282,train_ham_test_isic_baseline_r128_20260521_223809,0.9973839575925836,0.9972235560417176,0.0020422325809953,0.0,0.0,0.0,True
bfcf93d7bf1082a3e8f5941d5605f8bd31a3901adfb60db0d438737f856bfca3,scorecam,train_ham_test_isic,train_ham_test_isic_dl_preprocess_r128_20260521_204612,ISIC_0068248,128,adaptive_repair,False,/content/drive/MyDrive/Dissertation/edi_exports/heatmaps/scorecam/train_ham_test_isic_baseline_r128_20260521_223809/ISIC_0068248_scorecam_heatmap.npy,/content/drive/MyDrive/Dissertation/edi_exports/heatmaps/scorecam/train_ham_test_isic_dl_preprocess_r128_20260521_204612/ISIC_0068248_scorecam_heatmap.npy,calculated,False,False,False,0.946564548445186,,0.9113508760929108,,0.0576834248422481,,isic_0068248,train_ham_test_isic_baseline_r128_20260521_223809,0.946564548445186,0.9113508760929108,0.0576834248422481,0.0,0.0,0.0,True
2e5bca87d279712f0e7a1d1a45bcc20b5e1f9a8d85b43763c0691f2043027ef9,scorecam,train_ham_test_isic,train_ham_test_isic_dl_preprocess_r128_20260521_204612,ISIC_0058003,128,adaptive_repair,False,/content/drive/MyDrive/Dissertation/edi_exports/heatmaps/scorecam/train_ham_test_isic_baseline_r128_20260521_223809/ISIC_0058003_scorecam_heatmap.npy,/content/drive/MyDrive/Dissertation/edi_exports/heatmaps/scorecam/train_ham_test_isic_dl_preprocess_r128_20260521_204612/ISIC_0058003_scorecam_heatmap.npy,calculated,False,False,False,0.9512853806313604,,0.9443364292383194,,0.0400104402230001,,isic_0058003,train_ham_test_isic_baseline_r128_20260521_223809,0.9512853806313604,0.9443364292383194,0.0400104402230001,0.0,0.0,0.0,True
faad4863a58368159b06a4f5a1874e00c24212acabf4255c2f70cc6f29ff3fa5,scorecam,train_ham_test_isic,train_ham_test_isic_dl_preprocess_r128_20260521_204612,ISIC_0010490,128,adaptive_repair,False,/content/drive/MyDrive/Dissertation/edi_exports/heatmaps/scorecam/train_ham_test_isic_baseline_r128_20260521_223809/ISIC_0010490_scorecam_heatmap.npy,/content/drive/MyDrive/Dissertation/edi_exports/heatmaps/scorecam/train_ham_test_isic_dl_preprocess_r128_20260521_204612/ISIC_0010490_scorecam_heatmap.npy,calculated,False,False,False,0.9992359242818462,,0.9992935508489608,,0.0005442435050579,,isic_0010490,train_ham_test_isic_baseline_r128_20260521_223809,0.9992359242818462,0.9992935508489608,0.0005442435050579,0.0,0.0,0.0,True
c997764e1dcb08ac8ee36eb13bb4788491c2cc6d6699c3d6600b2af83b21a6b0,scorecam,train_ham_test_isic,train_ham_test_isic_dl_preprocess_r128_20260521_204612,ISIC_0033153,128,adaptive_repair,False,/content/drive/MyDrive/Dissertation/edi_exports/heatmaps/scorecam/train_ham_test_isic_baseline_r128_20260521_223809/ISIC_0033153_scorecam_heatmap.npy,/content/drive/MyDrive/Dissertation/edi_exports/heatmaps/scorecam/train_ham_test_isic_dl_preprocess_r128_20260521_204612/ISIC_0033153_scorecam_heatmap.npy,calculated,False,False,False,0.9937577614830478,,0.9916076511144638,,0.0057567340720061,,isic_0033153,train_ham_test_isic_baseline_r128_20260521_223809,0.9937577614830478,0.9916076511144638,0.0057567340720061,0.0,0.0,0.0,True
f9e0ced2370fdf930d5b4f13a317c8dc563b359610a22d86134024d42ea3d47b,scorecam,train_ham_test_isic,train_ham_test_isic_dl_preprocess_r128_20260521_204612,ISIC_0073194,128,adaptive_repair,False,/content/drive/MyDrive/Dissertation/edi_exports/heatmaps/scorecam/train_ham_test_isic_baseline_r128_20260521_223809/ISIC_0073194_scorecam_heatmap.npy,/content/drive/MyDrive/Dissertation/edi_exports/heatmaps/scorecam/train_ham_test_isic_dl_preprocess_r128_20260521_204612/ISIC_0073194_scorecam_heatmap.npy,calculated,False,False,False,0.9998134622915,,0.9997683614492416,,0.0001624537025042,,isic_0073194,train_ham_test_isic_baseline_r128_20260521_223809,0.9998134622915,0.9997683614492416,0.0001624537025042,0.0,0.0,0.0,True
5507308631b2daa5ea1a36b1ee3b6e14ad2df0d05ab12e239c50e849f0d77000,scorecam,train_ham_test_isic,train_ham_test_isic_dl_preprocess_r128_20260521_204612,ISIC_0028273,128,adaptive_repair,False,/content/drive/MyDrive/Dissertation/edi_exports/heatmaps/scorecam/train_ham_test_isic_baseline_r128_20260521_223809/ISIC_0028273_scorecam_heatmap.npy,/content/drive/MyDrive/Dissertation/edi_exports/heatmaps/scorecam/train_ham_test_isic_dl_preprocess_r128_20260521_204612/ISIC_0028273_scorecam_heatmap.npy,calculated,False,False,False,0.9956794043447268,,0.994755670428276,,0.0037023136996802,,isic_0028273,train_ham_test_isic_baseline_r128_20260521_223809,0.9956794043447268,0.994755670428276,0.0037023136996802,0.0,0.0,0.0,True
c2c9fc6e5d564533fd995bf7b8ed0107c781a4a7a515ddad40ba057e50bc877c,scorecam,train_ham_test_isic,train_ham_test_isic_dl_preprocess_r128_20260521_204612,ISIC_0068778,128,adaptive_repair,False,/content/drive/MyDrive/Dissertation/edi_exports/heatmaps/scorecam/train_ham_test_isic_baseline_r128_20260521_223809/ISIC_0068778_scorecam_heatmap.npy,/content/drive/MyDrive/Dissertation/edi_exports/heatmaps/scorecam/train_ham_test_isic_dl_preprocess_r128_20260521_204612/ISIC_0068778_scorecam_heatmap.npy,calculated,False,False,False,0.8461034716270796,,0.6903180778026581,,0.1933150931919011,,isic_0068778,train_ham_test_isic_baseline_r128_20260521_223809,0.8461034716270796,0.6903180778026581,0.1933150931919011,0.0,0.0,0.0,True
330fa90cfe867a30cefd7d09104faa045f32487747150e3ac1cf07e59cb119e9,scorecam,train_ham_test_isic,train_ham_test_isic_dl_preprocess_r128_20260521_204612,ISIC_0033654,128,adaptive_repair,False,/content/drive/MyDrive/Dissertation/edi_exports/heatmaps/scorecam/train_ham_test_isic_baseline_r128_20260521_223809/ISIC_0033654_scorecam_heatmap.npy,/content/drive/MyDrive/Dissertation/edi_exports/heatmaps/scorecam/train_ham_test_isic_dl_preprocess_r128_20260521_204612/ISIC_0033654_scorecam_heatmap.npy,calculated,False,False,False,0.9976581496120818,,0.9962581247091292,,0.0024564002424148,,isic_0033654,train_ham_test_isic_baseline_r128_20260521_223809,0.9976581496120818,0.9962581247091292,0.0024564002424148,0.0,0.0,0.0,True
153fba55616e60b1447c4387013660a94ab92ba76d24d9243f04a8ac50666939,scorecam,train_ham_test_isic,train_ham_test_isic_dl_preprocess_r128_20260521_204612,ISIC_0028226,128,adaptive_repair,False,/content/drive/MyDrive/Dissertation/edi_exports/heatmaps/scorecam/train_ham_test_isic_baseline_r128_20260521_223809/ISIC_0028226_scorecam_heatmap.npy,/content/drive/MyDrive/Dissertation/edi_exports/heatmaps/scorecam/train_ham_test_isic_dl_preprocess_r128_20260521_204612/ISIC_0028226_scorecam_heatmap.npy,calculated,False,False,False,0.953952826766787,,0.9353096932172776,,0.0438569466996644,,isic_0028226,train_ham_test_isic_baseline_r128_20260521_223809,0.953952826766787,0.9353096932172776,0.0438569466996644,0.0,0.0,0.0,True
dae949fdebcd911fb6293e37ef9e85a92649eb44c3f99154b8a6eaa46987fbca,scorecam,train_ham_test_isic,train_ham_test_isic_dl_preprocess_r128_20260521_204612,ISIC_0054787,128,adaptive_repair,False,/content/drive/MyDrive/Dissertation/edi_exports/heatmaps/scorecam/train_ham_test_isic_baseline_r128_20260521_223809/ISIC_0054787_scorecam_heatmap.npy,/content/drive/MyDrive/Dissertation/edi_exports/heatmaps/scorecam/train_ham_test_isic_dl_preprocess_r128_20260521_204612/ISIC_0054787_scorecam_heatmap.npy,calculated,False,False,False,0.9997614765469576,,0.9994384199380876,,0.0003404208942169,,isic_0054787,train_ham_test_isic_baseline_r128_20260521_223809,0.9997614765469576,0.9994384199380876,0.0003404208942169,0.0,0.0,0.0,True
91a4dd1eaf81c51f9e51b1134b12667e53bf56b49d1052eb0b62dd20d692d7ab,scorecam,train_ham_test_isic,train_ham_test_isic_dl_preprocess_r128_20260521_204612,ISIC_0059680,128,adaptive_repair,False,/content/drive/MyDrive/Dissertation/edi_exports/heatmaps/scorecam/train_ham_test_isic_baseline_r128_20260521_223809/ISIC_0059680_scorecam_heatmap.npy,/content/drive/MyDrive/Dissertation/edi_exports/heatmaps/scorecam/train_ham_test_isic_dl_preprocess_r128_20260521_204612/ISIC_0059680_scorecam_heatmap.npy,calculated,False,False,False,0.989761146349522,,0.9917140156030656,,0.0067027056110867,,isic_0059680,train_ham_test_isic_baseline_r128_20260521_223809,0.989761146349522,0.9917140156030656,0.0067027056110867,0.0,0.0,0.0,True
c53ad866c86217ef58474e8d1fe83ffce82c6b923ccf810362f6c9dad6b39499,scorecam,train_ham_test_isic,train_ham_test_isic_dullrazor_r128_20260521_204556,ISIC_0027358,128,adaptive_repair,False,/content/drive/MyDrive/Dissertation/edi_exports/heatmaps/scorecam/train_ham_test_isic_baseline_r128_20260521_223809/ISIC_0027358_scorecam_heatmap.npy,/content/drive/MyDrive/Dissertation/edi_exports/heatmaps/scorecam/train_ham_test_isic_dullrazor_r128_20260521_204556/ISIC_0027358_scorecam_heatmap.npy,calculated,False,False,False,0.9922980143041056,,0.99369578063488,,0.0050776061065336,,isic_0027358,train_ham_test_isic_baseline_r128_20260521_223809,0.9922980143041056,0.99369578063488,0.0050776061065336,0.0,0.0,0.0,True
5cb6a6636aaad4463bc431c4a7c6e5a301f5566cfa2c23f95c3e98668dbfa8c0,scorecam,train_ham_test_isic,train_ham_test_isic_dullrazor_r128_20260521_204556,ISIC_0030752,128,adaptive_repair,False,/content/drive/MyDrive/Dissertation/edi_exports/heatmaps/scorecam/train_ham_test_isic_baseline_r128_20260521_223809/ISIC_0030752_scorecam_heatmap.npy,/content/drive/MyDrive/Dissertation/edi_exports/heatmaps/scorecam/train_ham_test_isic_dullrazor_r128_20260521_204556/ISIC_0030752_scorecam_heatmap.npy,calculated,False,False,False,0.9989284993868842,,0.9988458901643752,,0.0008449300710913,,isic_0030752,train_ham_test_isic_baseline_r128_20260521_223809,0.9989284993868842,0.9988458901643752,0.0008449300710913,0.0,0.0,0.0,True
5143514d47fc7e663e6d1224bf4cd561dcb05ffd554e61c838bfa07b6d2d5415,scorecam,train_ham_test_isic,train_ham_test_isic_dullrazor_r128_20260521_204556,ISIC_0029786,128,adaptive_repair,False,/content/drive/MyDrive/Dissertation/edi_exports/heatmaps/scorecam/train_ham_test_isic_baseline_r128_20260521_223809/ISIC_0029786_scorecam_heatmap.npy,/content/drive/MyDrive/Dissertation/edi_exports/heatmaps/scorecam/train_ham_test_isic_dullrazor_r128_20260521_204556/ISIC_0029786_scorecam_heatmap.npy,calculated,False,False,False,0.9394778140444098,,0.9376374185085296,,0.0463118372346327,,isic_0029786,train_ham_test_isic_baseline_r128_20260521_223809,0.9394778140444098,0.9376374185085296,0.0463118372346327,0.0,0.0,0.0,True
e5708875a0a6bfb9ef72c0ac2ad581b3cece5b4410ee80a7da78edd21bc95475,scorecam,train_ham_test_isic,train_ham_test_isic_dullrazor_r128_20260521_204556,ISIC_0026652,128,adaptive_repair,False,/content/drive/MyDrive/Dissertation/edi_exports/heatmaps/scorecam/train_ham_test_isic_baseline_r128_20260521_223809/ISIC_0026652_scorecam_heatmap.npy,/content/drive/MyDrive/Dissertation/edi_exports/heatmaps/scorecam/train_ham_test_isic_dullrazor_r128_20260521_204556/ISIC_0026652_scorecam_heatmap.npy,calculated,False,False,False,0.98747158567929,,0.9840551316738128,,0.011104537743271,,isic_0026652,train_ham_test_isic_baseline_r128_20260521_223809,0.98747158567929,0.9840551316738128,0.011104537743271,0.0,0.0,0.0,True
84e9b6080d64e6b9e82fb6030707a15bca5a6d26714559595eb4d8f9ab15a711,scorecam,train_ham_test_isic,train_ham_test_isic_dullrazor_r128_20260521_204556,ISIC_0032833,128,adaptive_repair,False,/content/drive/MyDrive/Dissertation/edi_exports/heatmaps/scorecam/train_ham_test_isic_baseline_r128_20260521_223809/ISIC_0032833_scorecam_heatmap.npy,/content/drive/MyDrive/Dissertation/edi_exports/heatmaps/scorecam/train_ham_test_isic_dullrazor_r128_20260521_204556/ISIC_0032833_scorecam_heatmap.npy,calculated,False,False,False,0.999461727432889,,0.9993588328361512,,0.0004551517237021,,isic_0032833,train_ham_test_isic_baseline_r128_20260521_223809,0.999461727432889,0.9993588328361512,0.0004551517237021,0.0,0.0,0.0,True
fdda497701b669f7d43dc6de1dbb169a0568f3d66ee71fc7b4b52177d379b6bb,scorecam,train_ham_test_isic,train_ham_test_isic_dullrazor_r128_20260521_204556,ISIC_0031445,128,adaptive_repair,False,/content/drive/MyDrive/Dissertation/edi_exports/heatmaps/scorecam/train_ham_test_isic_baseline_r128_20260521_223809/ISIC_0031445_scorecam_heatmap.npy,/content/drive/MyDrive/Dissertation/edi_exports/heatmaps/scorecam/train_ham_test_isic_dullrazor_r128_20260521_204556/ISIC_0031445_scorecam_heatmap.npy,calculated,False,False,False,0.9373910168961394,,0.91230608522892,,0.0594992031615051,,isic_0031445,train_ham_test_isic_baseline_r128_20260521_223809,0.9373910168961394,0.91230608522892,0.0594992031615051,0.0,0.0,0.0,True
61784ed6b559173568b7e99cd68f33b2721da6d3c334be448a8892b9499ae688,scorecam,train_ham_test_isic,train_ham_test_isic_dullrazor_r128_20260521_204556,ISIC_0063544,128,adaptive_repair,False,/content/drive/MyDrive/Dissertation/edi_exports/heatmaps/scorecam/train_ham_test_isic_baseline_r128_20260521_223809/ISIC_0063544_scorecam_heatmap.npy,/content/drive/MyDrive/Dissertation/edi_exports/heatmaps/scorecam/train_ham_test_isic_dullrazor_r128_20260521_204556/ISIC_0063544_scorecam_heatmap.npy,calculated,False,False,False,0.982525045763909,,0.9816098511219024,,0.0135638129980715,,isic_0063544,train_ham_test_isic_baseline_r128_20260521_223809,0.982525045763909,0.9816098511219024,0.0135638129980715,0.0,0.0,0.0,True
f8163481a21dc07d9995949bb01406969aae3919cbca0b9b47bdb880df66cbb8,scorecam,train_ham_test_isic,train_ham_test_isic_dullrazor_r128_20260521_204556,ISIC_0053615,128,adaptive_repair,False,/content/drive/MyDrive/Dissertation/edi_exports/heatmaps/scorecam/train_ham_test_isic_baseline_r128_20260521_223809/ISIC_0053615_scorecam_heatmap.npy,/content/drive/MyDrive/Dissertation/edi_exports/heatmaps/scorecam/train_ham_test_isic_dullrazor_r128_20260521_204556/ISIC_0053615_scorecam_heatmap.npy,calculated,False,False,False,0.9949553936506454,,0.9917879551649094,,0.0053671740048839,,isic_0053615,train_ham_test_isic_baseline_r128_20260521_223809,0.9949553936506454,0.9917879551649094,0.0053671740048839,0.0,0.0,0.0,True
48c25ba2f545de1c254da820cba8d4a2ba1eac1e82f56b8ec0f3023cd79a3d67,scorecam,train_ham_test_isic,train_ham_test_isic_dullrazor_r128_20260521_204556,ISIC_0067519,128,adaptive_repair,False,/content/drive/MyDrive/Dissertation/edi_exports/heatmaps/scorecam/train_ham_test_isic_baseline_r128_20260521_223809/ISIC_0067519_scorecam_heatmap.npy,/content/drive/MyDrive/Dissertation/edi_exports/heatmaps/scorecam/train_ham_test_isic_dullrazor_r128_20260521_204556/ISIC_0067519_scorecam_heatmap.npy,calculated,False,False,False,0.9677278227139872,,0.9620653539896012,,0.0270353673267026,,isic_0067519,train_ham_test_isic_baseline_r128_20260521_223809,0.9677278227139872,0.9620653539896012,0.0270353673267026,0.0,0.0,0.0,True
892eccb574996c423af6072cc8b4bee92bc7f116a2db41a92d5165513be0cff2,scorecam,train_ham_test_isic,train_ham_test_isic_dullrazor_r128_20260521_204556,ISIC_0030653,128,adaptive_repair,False,/content/drive/MyDrive/Dissertation/edi_exports/heatmaps/scorecam/train_ham_test_isic_baseline_r128_20260521_223809/ISIC_0030653_scorecam_heatmap.npy,/content/drive/MyDrive/Dissertation/edi_exports/heatmaps/scorecam/train_ham_test_isic_dullrazor_r128_20260521_204556/ISIC_0030653_scorecam_heatmap.npy,calculated,False,False,False,0.999378293583243,,0.9991041570901872,,0.0006033480590956,,isic_0030653,train_ham_test_isic_baseline_r128_20260521_223809,0.999378293583243,0.9991041570901872,0.0006033480590956,0.0,0.0,0.0,True
305c32407eb2855814f8a2a7ffd0d5a59ec19baaeeae472ff40dfaf66ee6778c,scorecam,train_ham_test_isic,train_ham_test_isic_dullrazor_r128_20260521_204556,ISIC_0064161,128,adaptive_repair,False,/content/drive/MyDrive/Dissertation/edi_exports/heatmaps/scorecam/train_ham_test_isic_baseline_r128_20260521_223809/ISIC_0064161_scorecam_heatmap.npy,/content/drive/MyDrive/Dissertation/edi_exports/heatmaps/scorecam/train_ham_test_isic_dullrazor_r128_20260521_204556/ISIC_0064161_scorecam_heatmap.npy,calculated,False,False,False,0.9799282208818464,,0.9833770543336868,,0.0133294176126949,,isic_0064161,train_ham_test_isic_baseline_r128_20260521_223809,0.9799282208818464,0.9833770543336868,0.0133294176126949,0.0,0.0,0.0,True
4863a6115798986cdc64a7fcbacf118e04ad4a6fdc1aa28726c33a5898d30e31,scorecam,train_ham_test_isic,train_ham_test_isic_dullrazor_r128_20260521_204556,ISIC_0031005,128,adaptive_repair,False,/content/drive/MyDrive/Dissertation/edi_exports/heatmaps/scorecam/train_ham_test_isic_baseline_r128_20260521_223809/ISIC_0031005_scorecam_heatmap.npy,/content/drive/MyDrive/Dissertation/edi_exports/heatmaps/scorecam/train_ham_test_isic_dullrazor_r128_20260521_204556/ISIC_0031005_scorecam_heatmap.npy,calculated,False,False,False,0.9963968356567732,,0.9967069774866104,,0.0025473023425015,,isic_0031005,train_ham_test_isic_baseline_r128_20260521_223809,0.9963968356567732,0.9967069774866104,0.0025473023425015,0.0,0.0,0.0,True
28ac5b8d4cd6129e5dcd9de79733e8ac5b8d3bf4f4601342746d6347cfef9467,scorecam,train_ham_test_isic,train_ham_test_isic_dullrazor_r128_20260521_204556,ISIC_0028490,128,adaptive_repair,False,/content/drive/MyDrive/Dissertation/edi_exports/heatmaps/scorecam/train_ham_test_isic_baseline_r128_20260521_223809/ISIC_0028490_scorecam_heatmap.npy,/content/drive/MyDrive/Dissertation/edi_exports/heatmaps/scorecam/train_ham_test_isic_dullrazor_r128_20260521_204556/ISIC_0028490_scorecam_heatmap.npy,calculated,False,False,False,0.9961159340009536,,0.9922990053892136,,0.0048215138051548,,isic_0028490,train_ham_test_isic_baseline_r128_20260521_223809,0.9961159340009536,0.9922990053892136,0.0048215138051548,0.0,0.0,0.0,True
2e63f93a6883bc834cd948c7d2206e937b2757924a0579336c6ccd39d9c60bb8,scorecam,train_ham_test_isic,train_ham_test_isic_dullrazor_r128_20260521_204556,ISIC_0027712,128,adaptive_repair,False,/content/drive/MyDrive/Dissertation/edi_exports/heatmaps/scorecam/train_ham_test_isic_baseline_r128_20260521_223809/ISIC_0027712_scorecam_heatmap.npy,/content/drive/MyDrive/Dissertation/edi_exports/heatmaps/scorecam/train_ham_test_isic_dullrazor_r128_20260521_204556/ISIC_0027712_scorecam_heatmap.npy,calculated,False,False,False,0.9964983614207746,,0.9968485832214355,,0.0024511180340885,,isic_0027712,train_ham_test_isic_baseline_r128_20260521_223809,0.9964983614207746,0.9968485832214355,0.0024511180340885,0.0,0.0,0.0,True
234f7ee547615d45cf30323bace214121679e2ac8636b2ad040068c797c8b975,scorecam,train_ham_test_isic,train_ham_test_isic_dullrazor_r128_20260521_204556,ISIC_0015232_DOWNSAMPLED,128,adaptive_repair,False,/content/drive/MyDrive/Dissertation/edi_exports/heatmaps/scorecam/train_ham_test_isic_baseline_r128_20260521_223809/ISIC_0015232_downsampled_scorecam_heatmap.npy,/content/drive/MyDrive/Dissertation/edi_exports/heatmaps/scorecam/train_ham_test_isic_dullrazor_r128_20260521_204556/ISIC_0015232_downsampled_scorecam_heatmap.npy,calculated,False,False,False,0.9925635031473868,,0.9894714504480362,,0.0071233989891351,,isic_0015232_downsampled,train_ham_test_isic_baseline_r128_20260521_223809,0.9925635031473868,0.9894714504480362,0.0071233989891351,0.0,0.0,0.0,True
bb0aa1ac03cc7e98cb66485bb8517232011dc617690ab44ba8095863bc71af78,scorecam,train_ham_test_isic,train_ham_test_isic_dullrazor_r128_20260521_204556,ISIC_0031745,128,adaptive_repair,False,/content/drive/MyDrive/Dissertation/edi_exports/heatmaps/scorecam/train_ham_test_isic_baseline_r128_20260521_223809/ISIC_0031745_scorecam_heatmap.npy,/content/drive/MyDrive/Dissertation/edi_exports/heatmaps/scorecam/train_ham_test_isic_dullrazor_r128_20260521_204556/ISIC_0031745_scorecam_heatmap.npy,calculated,False,False,False,0.9916907193729052,,0.9855627715587616,,0.0092959343773929,,isic_0031745,train_ham_test_isic_baseline_r128_20260521_223809,0.9916907193729052,0.9855627715587616,0.0092959343773929,0.0,0.0,0.0,True
85989525cb5013bb002b31872fa8d66ebf709c7994d8cce3252d6b3c0563c586,scorecam,train_ham_test_isic,train_ham_test_isic_dullrazor_r128_20260521_204556,ISIC_0027397,128,adaptive_repair,False,/content/drive/MyDrive/Dissertation/edi_exports/heatmaps/scorecam/train_ham_test_isic_baseline_r128_20260521_223809/ISIC_0027397_scorecam_heatmap.npy,/content/drive/MyDrive/Dissertation/edi_exports/heatmaps/scorecam/train_ham_test_isic_dullrazor_r128_20260521_204556/ISIC_0027397_scorecam_heatmap.npy,calculated,False,False,False,0.942690564913736,,0.9345043301582336,,0.0470751936924491,,isic_0027397,train_ham_test_isic_baseline_r128_20260521_223809,0.942690564913736,0.9345043301582336,0.0470751936924491,0.0,0.0,0.0,True
31bd3bc495edf885784773b45e862bc6d773ea41a85287cc6c88be19d45e6e00,scorecam,train_ham_test_isic,train_ham_test_isic_dullrazor_r128_20260521_204556,ISIC_0070105,128,adaptive_repair,False,/content/drive/MyDrive/Dissertation/edi_exports/heatmaps/scorecam/train_ham_test_isic_baseline_r128_20260521_223809/ISIC_0070105_scorecam_heatmap.npy,/content/drive/MyDrive/Dissertation/edi_exports/heatmaps/scorecam/train_ham_test_isic_dullrazor_r128_20260521_204556/ISIC_0070105_scorecam_heatmap.npy,calculated,False,False,False,0.9995652045461738,,0.9993026554584504,,0.0004573711342313,,isic_0070105,train_ham_test_isic_baseline_r128_20260521_223809,0.9995652045461738,0.9993026554584504,0.0004573711342313,0.0,0.0,0.0,True
eb19c2c9c0892e37a6c79536cc3aed22c75953ea2ba0f8ae290573d4ed8509b6,scorecam,train_ham_test_isic,train_ham_test_isic_dullrazor_r128_20260521_204556,ISIC_0028847,128,adaptive_repair,False,/content/drive/MyDrive/Dissertation/edi_exports/heatmaps/scorecam/train_ham_test_isic_baseline_r128_20260521_223809/ISIC_0028847_scorecam_heatmap.npy,/content/drive/MyDrive/Dissertation/edi_exports/heatmaps/scorecam/train_ham_test_isic_dullrazor_r128_20260521_204556/ISIC_0028847_scorecam_heatmap.npy,calculated,False,False,False,0.9686478505401976,,0.9592694193124772,,0.028203327708712,,isic_0028847,train_ham_test_isic_baseline_r128_20260521_223809,0.9686478505401976,0.9592694193124772,0.028203327708712,0.0,0.0,0.0,True
57e4356154ec591d187881fd0515867b3153daa1bf13f078d0beda92a7d1ffff,scorecam,train_ham_test_isic,train_ham_test_isic_dullrazor_r128_20260521_204556,ISIC_0068414,128,adaptive_repair,False,/content/drive/MyDrive/Dissertation/edi_exports/heatmaps/scorecam/train_ham_test_isic_baseline_r128_20260521_223809/ISIC_0068414_scorecam_heatmap.npy,/content/drive/MyDrive/Dissertation/edi_exports/heatmaps/scorecam/train_ham_test_isic_dullrazor_r128_20260521_204556/ISIC_0068414_scorecam_heatmap.npy,calculated,False,False,False,0.9970108895037132,,0.996809259057045,,0.0023426480955491,,isic_0068414,train_ham_test_isic_baseline_r128_20260521_223809,0.9970108895037132,0.996809259057045,0.0023426480955491,0.0,0.0,0.0,True
9d131a595ec2f91bdee29242d506986aa58cc53b988fbd7307766f285cb706d3,scorecam,train_ham_test_isic,train_ham_test_isic_dullrazor_r128_20260521_204556,ISIC_0032425,128,adaptive_repair,False,/content/drive/MyDrive/Dissertation/edi_exports/heatmaps/scorecam/train_ham_test_isic_baseline_r128_20260521_223809/ISIC_0032425_scorecam_heatmap.npy,/content/drive/MyDrive/Dissertation/edi_exports/heatmaps/scorecam/train_ham_test_isic_dullrazor_r128_20260521_204556/ISIC_0032425_scorecam_heatmap.npy,calculated,False,False,False,0.9654906979161596,,0.950800821185112,,0.033226914928404,,isic_0032425,train_ham_test_isic_baseline_r128_20260521_223809,0.9654906979161596,0.950800821185112,0.033226914928404,0.0,0.0,0.0,True
d5b19d715f3b30c2e2e864ee090dfaaccc00497c4a426e8d2cce7af5a0ff9046,scorecam,train_ham_test_isic,train_ham_test_isic_dullrazor_r128_20260521_204556,ISIC_0031535,128,adaptive_repair,False,/content/drive/MyDrive/Dissertation/edi_exports/heatmaps/scorecam/train_ham_test_isic_baseline_r128_20260521_223809/ISIC_0031535_scorecam_heatmap.npy,/content/drive/MyDrive/Dissertation/edi_exports/heatmaps/scorecam/train_ham_test_isic_dullrazor_r128_20260521_204556/ISIC_0031535_scorecam_heatmap.npy,calculated,False,False,False,0.998248655707388,,0.997654676437378,,0.0016104978544639,,isic_0031535,train_ham_test_isic_baseline_r128_20260521_223809,0.998248655707388,0.997654676437378,0.0016104978544639,0.0,0.0,0.0,True
b2f9936b187f144c1e662933459b0cfe2358db4d880073a9902620e420666748,scorecam,train_ham_test_isic,train_ham_test_isic_dullrazor_r128_20260521_204556,ISIC_0027102,128,adaptive_repair,False,/content/drive/MyDrive/Dissertation/edi_exports/heatmaps/scorecam/train_ham_test_isic_baseline_r128_20260521_223809/ISIC_0027102_scorecam_heatmap.npy,/content/drive/MyDrive/Dissertation/edi_exports/heatmaps/scorecam/train_ham_test_isic_dullrazor_r128_20260521_204556/ISIC_0027102_scorecam_heatmap.npy,calculated,False,False,False,0.9785533692200796,,0.9505743980407716,,0.0300744586745943,,isic_0027102,train_ham_test_isic_baseline_r128_20260521_223809,0.9785533692200796,0.9505743980407716,0.0300744586745943,0.0,0.0,0.0,True
4e6393020b3f689fe6195a2079097bb6a638dd7c6e326032c698095570e76226,scorecam,train_ham_test_isic,train_ham_test_isic_dullrazor_r128_20260521_204556,ISIC_0061194,128,adaptive_repair,False,/content/drive/MyDrive/Dissertation/edi_exports/heatmaps/scorecam/train_ham_test_isic_baseline_r128_20260521_223809/ISIC_0061194_scorecam_heatmap.npy,/content/drive/MyDrive/Dissertation/edi_exports/heatmaps/scorecam/train_ham_test_isic_dullrazor_r128_20260521_204556/ISIC_0061194_scorecam_heatmap.npy,calculated,False,False,False,0.9999275438412832,,0.9998353272676468,,0.0001004504058558,,isic_0061194,train_ham_test_isic_baseline_r128_20260521_223809,0.9999275438412832,0.9998353272676468,0.0001004504058558,0.0,0.0,0.0,True
c96d6d4d284bd1b2d4856b2e307affb531676870be4a2e6f92da557d405f7fe7,scorecam,train_ham_test_isic,train_ham_test_isic_dullrazor_r128_20260521_204556,ISIC_0058285,128,adaptive_repair,False,/content/drive/MyDrive/Dissertation/edi_exports/heatmaps/scorecam/train_ham_test_isic_baseline_r128_20260521_223809/ISIC_0058285_scorecam_heatmap.npy,/content/drive/MyDrive/Dissertation/edi_exports/heatmaps/scorecam/train_ham_test_isic_dullrazor_r128_20260521_204556/ISIC_0058285_scorecam_heatmap.npy,calculated,False,False,False,0.9667028830847992,,0.9677414894104004,,0.0244535345235999,,isic_0058285,train_ham_test_isic_baseline_r128_20260521_223809,0.9667028830847992,0.9677414894104004,0.0244535345235999,0.0,0.0,0.0,True
0c956a37abe2bba7663c512c161ebe59a9f77a50b3e8c9f1a614fdb149f2072b,scorecam,train_ham_test_isic,train_ham_test_isic_dullrazor_r128_20260521_204556,ISIC_0028508,128,adaptive_repair,False,/content/drive/MyDrive/Dissertation/edi_exports/heatmaps/scorecam/train_ham_test_isic_baseline_r128_20260521_223809/ISIC_0028508_scorecam_heatmap.npy,/content/drive/MyDrive/Dissertation/edi_exports/heatmaps/scorecam/train_ham_test_isic_dullrazor_r128_20260521_204556/ISIC_0028508_scorecam_heatmap.npy,calculated,False,False,False,0.912282991986564,,0.9450398981571198,,0.0494093029247991,,isic_0028508,train_ham_test_isic_baseline_r128_20260521_223809,0.912282991986564,0.9450398981571198,0.0494093029247991,0.0,0.0,0.0,True
02521349becd090fa004fc7df868b5bdc4fa83f5368bc6e0282f76f3fb924501,scorecam,train_ham_test_isic,train_ham_test_isic_dullrazor_r128_20260521_204556,ISIC_0032063,128,adaptive_repair,False,/content/drive/MyDrive/Dissertation/edi_exports/heatmaps/scorecam/train_ham_test_isic_baseline_r128_20260521_223809/ISIC_0032063_scorecam_heatmap.npy,/content/drive/MyDrive/Dissertation/edi_exports/heatmaps/scorecam/train_ham_test_isic_dullrazor_r128_20260521_204556/ISIC_0032063_scorecam_heatmap.npy,calculated,False,False,False,0.9960547231563648,,0.9968678206205368,,0.0025524089006404,,isic_0032063,train_ham_test_isic_baseline_r128_20260521_223809,0.9960547231563648,0.9968678206205368,0.0025524089006404,0.0,0.0,0.0,True
51885e9aba941c3bf9a83287faf17f28de4fb9beffd6b0ab38199374e80d07f7,scorecam,train_ham_test_isic,train_ham_test_isic_dullrazor_r128_20260521_204556,ISIC_0067055,128,adaptive_repair,False,/content/drive/MyDrive/Dissertation/edi_exports/heatmaps/scorecam/train_ham_test_isic_baseline_r128_20260521_223809/ISIC_0067055_scorecam_heatmap.npy,/content/drive/MyDrive/Dissertation/edi_exports/heatmaps/scorecam/train_ham_test_isic_dullrazor_r128_20260521_204556/ISIC_0067055_scorecam_heatmap.npy,calculated,False,False,False,0.969804244684534,,0.9635340124368668,,0.0257819326104331,,isic_0067055,train_ham_test_isic_baseline_r128_20260521_223809,0.969804244684534,0.9635340124368668,0.0257819326104331,0.0,0.0,0.0,True
7c96411fcd57d4f975bf5045ddf4af001322e4d80b7adf8e55aa8a7af5f67276,scorecam,train_ham_test_isic,train_ham_test_isic_dullrazor_r128_20260521_204556,ISIC_0027282,128,adaptive_repair,False,/content/drive/MyDrive/Dissertation/edi_exports/heatmaps/scorecam/train_ham_test_isic_baseline_r128_20260521_223809/ISIC_0027282_scorecam_heatmap.npy,/content/drive/MyDrive/Dissertation/edi_exports/heatmaps/scorecam/train_ham_test_isic_dullrazor_r128_20260521_204556/ISIC_0027282_scorecam_heatmap.npy,calculated,False,False,False,0.9942519494087436,,0.9922913014888765,,0.0052913619033759,,isic_0027282,train_ham_test_isic_baseline_r128_20260521_223809,0.9942519494087436,0.9922913014888765,0.0052913619033759,0.0,0.0,0.0,True
0fe735addad8343d7e0f2f2b4fc6262dc17cf29dabeee86affb0e24c8d1cd5ab,scorecam,train_ham_test_isic,train_ham_test_isic_dullrazor_r128_20260521_204556,ISIC_0068248,128,adaptive_repair,False,/content/drive/MyDrive/Dissertation/edi_exports/heatmaps/scorecam/train_ham_test_isic_baseline_r128_20260521_223809/ISIC_0068248_scorecam_heatmap.npy,/content/drive/MyDrive/Dissertation/edi_exports/heatmaps/scorecam/train_ham_test_isic_dullrazor_r128_20260521_204556/ISIC_0068248_scorecam_heatmap.npy,calculated,False,False,False,0.9827662501252072,,0.9671268314123154,,0.0207450217625405,,isic_0068248,train_ham_test_isic_baseline_r128_20260521_223809,0.9827662501252072,0.9671268314123154,0.0207450217625405,0.0,0.0,0.0,True
13bf0a4b962beab07a37501583c01827f06846c1dd18cd1cb1054d576ce076f3,scorecam,train_ham_test_isic,train_ham_test_isic_dullrazor_r128_20260521_204556,ISIC_0058003,128,adaptive_repair,False,/content/drive/MyDrive/Dissertation/edi_exports/heatmaps/scorecam/train_ham_test_isic_baseline_r128_20260521_223809/ISIC_0058003_scorecam_heatmap.npy,/content/drive/MyDrive/Dissertation/edi_exports/heatmaps/scorecam/train_ham_test_isic_dullrazor_r128_20260521_204556/ISIC_0058003_scorecam_heatmap.npy,calculated,False,False,False,0.997986757436268,,0.997890129685402,,0.001558245798232,,isic_0058003,train_ham_test_isic_baseline_r128_20260521_223809,0.997986757436268,0.997890129685402,0.001558245798232,0.0,0.0,0.0,True
495e53e86faf616cc593e555a403d9aaa3f1a3bf623bb69ea2c8ebfba5c75d5e,scorecam,train_ham_test_isic,train_ham_test_isic_dullrazor_r128_20260521_204556,ISIC_0010490,128,adaptive_repair,False,/content/drive/MyDrive/Dissertation/edi_exports/heatmaps/scorecam/train_ham_test_isic_baseline_r128_20260521_223809/ISIC_0010490_scorecam_heatmap.npy,/content/drive/MyDrive/Dissertation/edi_exports/heatmaps/scorecam/train_ham_test_isic_dullrazor_r128_20260521_204556/ISIC_0010490_scorecam_heatmap.npy,calculated,False,False,False,0.9985173493478332,,0.9981060922145844,,0.0013176165557494,,isic_0010490,train_ham_test_isic_baseline_r128_20260521_223809,0.9985173493478332,0.9981060922145844,0.0013176165557494,0.0,0.0,0.0,True
f9e51a8ebd9f754874e3eb883d8c2d3d3beff0102f3004a01a5fcdca179c25d9,scorecam,train_ham_test_isic,train_ham_test_isic_dullrazor_r128_20260521_204556,ISIC_0033153,128,adaptive_repair,False,/content/drive/MyDrive/Dissertation/edi_exports/heatmaps/scorecam/train_ham_test_isic_baseline_r128_20260521_223809/ISIC_0033153_scorecam_heatmap.npy,/content/drive/MyDrive/Dissertation/edi_exports/heatmaps/scorecam/train_ham_test_isic_dullrazor_r128_20260521_204556/ISIC_0033153_scorecam_heatmap.npy,calculated,False,False,False,0.9882321179353604,,0.9849183857440948,,0.0104827776441124,,isic_0033153,train_ham_test_isic_baseline_r128_20260521_223809,0.9882321179353604,0.9849183857440948,0.0104827776441124,0.0,0.0,0.0,True
91a5b491e13f273a6640814df70239e1270a1dd744f71539aaca0028edc81e4d,scorecam,train_ham_test_isic,train_ham_test_isic_dullrazor_r128_20260521_204556,ISIC_0073194,128,adaptive_repair,False,/content/drive/MyDrive/Dissertation/edi_exports/heatmaps/scorecam/train_ham_test_isic_baseline_r128_20260521_223809/ISIC_0073194_scorecam_heatmap.npy,/content/drive/MyDrive/Dissertation/edi_exports/heatmaps/scorecam/train_ham_test_isic_dullrazor_r128_20260521_204556/ISIC_0073194_scorecam_heatmap.npy,calculated,False,False,False,0.999155147685441,,0.9985282570123672,,0.0009470845724561,,isic_0073194,train_ham_test_isic_baseline_r128_20260521_223809,0.999155147685441,0.9985282570123672,0.0009470845724561,0.0,0.0,0.0,True
b3acf0af83411fc0c517eb83ed78bdd7fe6b0bb797634e483976b94e8450be8f,scorecam,train_ham_test_isic,train_ham_test_isic_dullrazor_r128_20260521_204556,ISIC_0028273,128,adaptive_repair,False,/content/drive/MyDrive/Dissertation/edi_exports/heatmaps/scorecam/train_ham_test_isic_baseline_r128_20260521_223809/ISIC_0028273_scorecam_heatmap.npy,/content/drive/MyDrive/Dissertation/edi_exports/heatmaps/scorecam/train_ham_test_isic_dullrazor_r128_20260521_204556/ISIC_0028273_scorecam_heatmap.npy,calculated,False,False,False,0.9523989608292446,,0.9466537535190582,,0.0385733830331597,,isic_0028273,train_ham_test_isic_baseline_r128_20260521_223809,0.9523989608292446,0.9466537535190582,0.0385733830331597,0.0,0.0,0.0,True
637ed64475835c7c323ad3071ab37220c8ae19bec44119fd9c00c4e9d4ff08e6,scorecam,train_ham_test_isic,train_ham_test_isic_dullrazor_r128_20260521_204556,ISIC_0068778,128,adaptive_repair,False,/content/drive/MyDrive/Dissertation/edi_exports/heatmaps/scorecam/train_ham_test_isic_baseline_r128_20260521_223809/ISIC_0068778_scorecam_heatmap.npy,/content/drive/MyDrive/Dissertation/edi_exports/heatmaps/scorecam/train_ham_test_isic_dullrazor_r128_20260521_204556/ISIC_0068778_scorecam_heatmap.npy,calculated,False,False,False,0.7651940278036738,,0.6335267648100853,,0.2419381106440389,,isic_0068778,train_ham_test_isic_baseline_r128_20260521_223809,0.7651940278036738,0.6335267648100853,0.2419381106440389,0.0,0.0,0.0,True
2a2aa7f15d8692c0358d47d0708e1dfe492a0db6bb8cff1a512d4a56a43c01ab,scorecam,train_ham_test_isic,train_ham_test_isic_dullrazor_r128_20260521_204556,ISIC_0033654,128,adaptive_repair,False,/content/drive/MyDrive/Dissertation/edi_exports/heatmaps/scorecam/train_ham_test_isic_baseline_r128_20260521_223809/ISIC_0033654_scorecam_heatmap.npy,/content/drive/MyDrive/Dissertation/edi_exports/heatmaps/scorecam/train_ham_test_isic_dullrazor_r128_20260521_204556/ISIC_0033654_scorecam_heatmap.npy,calculated,False,False,False,0.9954218232093992,,0.9949534088373184,,0.0036678397789909,,isic_0033654,train_ham_test_isic_baseline_r128_20260521_223809,0.9954218232093992,0.9949534088373184,0.0036678397789909,0.0,0.0,0.0,True
ce81bd308bc944f366e95e81ef59af1f01280e6b84495fefd086442456859180,scorecam,train_ham_test_isic,train_ham_test_isic_dullrazor_r128_20260521_204556,ISIC_0028226,128,adaptive_repair,False,/content/drive/MyDrive/Dissertation/edi_exports/heatmaps/scorecam/train_ham_test_isic_baseline_r128_20260521_223809/ISIC_0028226_scorecam_heatmap.npy,/content/drive/MyDrive/Dissertation/edi_exports/heatmaps/scorecam/train_ham_test_isic_dullrazor_r128_20260521_204556/ISIC_0028226_scorecam_heatmap.npy,calculated,False,False,False,0.9983086080089684,,0.9984441548585892,,0.0012007705684633,,isic_0028226,train_ham_test_isic_baseline_r128_20260521_223809,0.9983086080089684,0.9984441548585892,0.0012007705684633,0.0,0.0,0.0,True
8a12c3561fa8ee852b50eb910a5b195baa7058ab72cea3960696b4bcee502a4f,scorecam,train_ham_test_isic,train_ham_test_isic_dullrazor_r128_20260521_204556,ISIC_0054787,128,adaptive_repair,False,/content/drive/MyDrive/Dissertation/edi_exports/heatmaps/scorecam/train_ham_test_isic_baseline_r128_20260521_223809/ISIC_0054787_scorecam_heatmap.npy,/content/drive/MyDrive/Dissertation/edi_exports/heatmaps/scorecam/train_ham_test_isic_dullrazor_r128_20260521_204556/ISIC_0054787_scorecam_heatmap.npy,calculated,False,False,False,0.9996243592726028,,0.9995944797992706,,0.000296670282214,,isic_0054787,train_ham_test_isic_baseline_r128_20260521_223809,0.9996243592726028,0.9995944797992706,0.000296670282214,0.0,0.0,0.0,True
7eb91d4414fb51d505870741e2cd204d2b5ccba1ba1941104e3aa888af219bc9,scorecam,train_ham_test_isic,train_ham_test_isic_dullrazor_r128_20260521_204556,ISIC_0059680,128,adaptive_repair,False,/content/drive/MyDrive/Dissertation/edi_exports/heatmaps/scorecam/train_ham_test_isic_baseline_r128_20260521_223809/ISIC_0059680_scorecam_heatmap.npy,/content/drive/MyDrive/Dissertation/edi_exports/heatmaps/scorecam/train_ham_test_isic_dullrazor_r128_20260521_204556/ISIC_0059680_scorecam_heatmap.npy,calculated,False,False,False,0.97831351751757,,0.9832070171833038,,0.0138181120289556,,isic_0059680,train_ham_test_isic_baseline_r128_20260521_223809,0.97831351751757,0.9832070171833038,0.0138181120289556,0.0,0.0,0.0,True
a880a53377e6dad7499f1c7feb3ac08c2aa0c75382b19c181cf08dbb3fbcc491,scorecam,train_ham_test_isic,train_ham_test_isic_hdbmie_r128_20260521_191857,ISIC_0027358,128,adaptive_repair,False,/content/drive/MyDrive/Dissertation/edi_exports/heatmaps/scorecam/train_ham_test_isic_baseline_r128_20260521_223809/ISIC_0027358_scorecam_heatmap.npy,/content/drive/MyDrive/Dissertation/edi_exports/heatmaps/scorecam/train_ham_test_isic_hdbmie_r128_20260521_191857/ISIC_0027358_scorecam_heatmap.npy,calculated,False,False,False,0.9952625884966052,,0.9950008690357208,,0.0036839183579883,,isic_0027358,train_ham_test_isic_baseline_r128_20260521_223809,0.9952625884966052,0.9950008690357208,0.0036839183579883,0.0,0.0,0.0,True
a13c75d8b744ca57e1e9fe321b3a0691b209174ec006e4b22c568909842c6782,scorecam,train_ham_test_isic,train_ham_test_isic_hdbmie_r128_20260521_191857,ISIC_0030752,128,adaptive_repair,False,/content/drive/MyDrive/Dissertation/edi_exports/heatmaps/scorecam/train_ham_test_isic_baseline_r128_20260521_223809/ISIC_0030752_scorecam_heatmap.npy,/content/drive/MyDrive/Dissertation/edi_exports/heatmaps/scorecam/train_ham_test_isic_hdbmie_r128_20260521_191857/ISIC_0030752_scorecam_heatmap.npy,calculated,False,False,False,0.9970405007181584,,0.9957884401082993,,0.0028456547663108,,isic_0030752,train_ham_test_isic_baseline_r128_20260521_223809,0.9970405007181584,0.9957884401082993,0.0028456547663108,0.0,0.0,0.0,True
420c0a78df95ee7e06dd1ca4b2b52933471590774739dba4d29a5b2ea6f88757,scorecam,train_ham_test_isic,train_ham_test_isic_hdbmie_r128_20260521_191857,ISIC_0029786,128,adaptive_repair,False,/content/drive/MyDrive/Dissertation/edi_exports/heatmaps/scorecam/train_ham_test_isic_baseline_r128_20260521_223809/ISIC_0029786_scorecam_heatmap.npy,/content/drive/MyDrive/Dissertation/edi_exports/heatmaps/scorecam/train_ham_test_isic_hdbmie_r128_20260521_191857/ISIC_0029786_scorecam_heatmap.npy,calculated,False,False,False,0.9297298919686802,,0.9171566665172576,,0.058989193749201,,isic_0029786,train_ham_test_isic_baseline_r128_20260521_223809,0.9297298919686802,0.9171566665172576,0.058989193749201,0.0,0.0,0.0,True
de7718ff8fc3dc6daebed8a9a28881211f37f426f7ab8d9de165ce283149593e,scorecam,train_ham_test_isic,train_ham_test_isic_hdbmie_r128_20260521_191857,ISIC_0026652,128,adaptive_repair,False,/content/drive/MyDrive/Dissertation/edi_exports/heatmaps/scorecam/train_ham_test_isic_baseline_r128_20260521_223809/ISIC_0026652_scorecam_heatmap.npy,/content/drive/MyDrive/Dissertation/edi_exports/heatmaps/scorecam/train_ham_test_isic_hdbmie_r128_20260521_191857/ISIC_0026652_scorecam_heatmap.npy,calculated,False,False,False,0.988933866067746,,0.9858736544847488,,0.0098297062406891,,isic_0026652,train_ham_test_isic_baseline_r128_20260521_223809,0.988933866067746,0.9858736544847488,0.0098297062406891,0.0,0.0,0.0,True
78db686381e4963cf31c4a476887ec82336951c44a5926d8e2bc7c0822db5958,scorecam,train_ham_test_isic,train_ham_test_isic_hdbmie_r128_20260521_191857,ISIC_0032833,128,adaptive_repair,False,/content/drive/MyDrive/Dissertation/edi_exports/heatmaps/scorecam/train_ham_test_isic_baseline_r128_20260521_223809/ISIC_0032833_scorecam_heatmap.npy,/content/drive/MyDrive/Dissertation/edi_exports/heatmaps/scorecam/train_ham_test_isic_hdbmie_r128_20260521_191857/ISIC_0032833_scorecam_heatmap.npy,calculated,False,False,False,0.9989637873660696,,0.9987077564001084,,0.0009051749584284,,isic_0032833,train_ham_test_isic_baseline_r128_20260521_223809,0.9989637873660696,0.9987077564001084,0.0009051749584284,0.0,0.0,0.0,True
d886202de3d5238fde626c512d2e5bb0aaaa9fe001267094b6a065b0a534da92,scorecam,train_ham_test_isic,train_ham_test_isic_hdbmie_r128_20260521_191857,ISIC_0031445,128,adaptive_repair,False,/content/drive/MyDrive/Dissertation/edi_exports/heatmaps/scorecam/train_ham_test_isic_baseline_r128_20260521_223809/ISIC_0031445_scorecam_heatmap.npy,/content/drive/MyDrive/Dissertation/edi_exports/heatmaps/scorecam/train_ham_test_isic_hdbmie_r128_20260521_191857/ISIC_0031445_scorecam_heatmap.npy,calculated,False,False,False,0.9560740862790889,,0.9354632645845412,,0.0432498461379571,,isic_0031445,train_ham_test_isic_baseline_r128_20260521_223809,0.9560740862790889,0.9354632645845412,0.0432498461379571,0.0,0.0,0.0,True
e16a24b45b0f77e9e9e258047c713bf544433d988d15d0e3c5f69652eb689622,scorecam,train_ham_test_isic,train_ham_test_isic_hdbmie_r128_20260521_191857,ISIC_0063544,128,adaptive_repair,False,/content/drive/MyDrive/Dissertation/edi_exports/heatmaps/scorecam/train_ham_test_isic_baseline_r128_20260521_223809/ISIC_0063544_scorecam_heatmap.npy,/content/drive/MyDrive/Dissertation/edi_exports/heatmaps/scorecam/train_ham_test_isic_hdbmie_r128_20260521_191857/ISIC_0063544_scorecam_heatmap.npy,calculated,False,False,False,0.9786073293714016,,0.9787721931934356,,0.0159620710604317,,isic_0063544,train_ham_test_isic_baseline_r128_20260521_223809,0.9786073293714016,0.9787721931934356,0.0159620710604317,0.0,0.0,0.0,True
ef00279ec6e33219c279acf2d68bc0c467435d7662e55ba67db7d9fef68d9a49,scorecam,train_ham_test_isic,train_ham_test_isic_hdbmie_r128_20260521_191857,ISIC_0053615,128,adaptive_repair,False,/content/drive/MyDrive/Dissertation/edi_exports/heatmaps/scorecam/train_ham_test_isic_baseline_r128_20260521_223809/ISIC_0053615_scorecam_heatmap.npy,/content/drive/MyDrive/Dissertation/edi_exports/heatmaps/scorecam/train_ham_test_isic_hdbmie_r128_20260521_191857/ISIC_0053615_scorecam_heatmap.npy,calculated,False,False,False,0.9621454737378308,,0.9484619349241256,,0.0352326641034794,,isic_0053615,train_ham_test_isic_baseline_r128_20260521_223809,0.9621454737378308,0.9484619349241256,0.0352326641034794,0.0,0.0,0.0,True
9fb11eedc138b9b0ebd59c0931f0433fb9ffb76df46d16308593f0221bfc74f8,scorecam,train_ham_test_isic,train_ham_test_isic_hdbmie_r128_20260521_191857,ISIC_0067519,128,adaptive_repair,False,/content/drive/MyDrive/Dissertation/edi_exports/heatmaps/scorecam/train_ham_test_isic_baseline_r128_20260521_223809/ISIC_0067519_scorecam_heatmap.npy,/content/drive/MyDrive/Dissertation/edi_exports/heatmaps/scorecam/train_ham_test_isic_hdbmie_r128_20260521_191857/ISIC_0067519_scorecam_heatmap.npy,calculated,False,False,False,0.9950653109918546,,0.9929499328136444,,0.0047587058452141,,isic_0067519,train_ham_test_isic_baseline_r128_20260521_223809,0.9950653109918546,0.9929499328136444,0.0047587058452141,0.0,0.0,0.0,True
b303040d2a17e7578cc8b3fb4f464fa141cbaf9788a2c3c4deb46f1f19290a3f,scorecam,train_ham_test_isic,train_ham_test_isic_hdbmie_r128_20260521_191857,ISIC_0030653,128,adaptive_repair,False,/content/drive/MyDrive/Dissertation/edi_exports/heatmaps/scorecam/train_ham_test_isic_baseline_r128_20260521_223809/ISIC_0030653_scorecam_heatmap.npy,/content/drive/MyDrive/Dissertation/edi_exports/heatmaps/scorecam/train_ham_test_isic_hdbmie_r128_20260521_191857/ISIC_0030653_scorecam_heatmap.npy,calculated,False,False,False,0.994312323189339,,0.994995579123497,,0.0039241296409167,,isic_0030653,train_ham_test_isic_baseline_r128_20260521_223809,0.994312323189339,0.994995579123497,0.0039241296409167,0.0,0.0,0.0,True
07af020ecb11f3a1a68416b493798a79a26605b08f6d8b5d21ae1ddadb0d512b,scorecam,train_ham_test_isic,train_ham_test_isic_hdbmie_r128_20260521_191857,ISIC_0064161,128,adaptive_repair,False,/content/drive/MyDrive/Dissertation/edi_exports/heatmaps/scorecam/train_ham_test_isic_baseline_r128_20260521_223809/ISIC_0064161_scorecam_heatmap.npy,/content/drive/MyDrive/Dissertation/edi_exports/heatmaps/scorecam/train_ham_test_isic_hdbmie_r128_20260521_191857/ISIC_0064161_scorecam_heatmap.npy,calculated,False,False,False,0.7638647930548608,,0.7344125062227249,,0.1918275486249223,,isic_0064161,train_ham_test_isic_baseline_r128_20260521_223809,0.7638647930548608,0.7344125062227249,0.1918275486249223,0.0,0.0,0.0,True
3c23ef59a1a686384fcd3a0118588d57c154e57cadbe8bedb903d4b148cf44ca,scorecam,train_ham_test_isic,train_ham_test_isic_hdbmie_r128_20260521_191857,ISIC_0031005,128,adaptive_repair,False,/content/drive/MyDrive/Dissertation/edi_exports/heatmaps/scorecam/train_ham_test_isic_baseline_r128_20260521_223809/ISIC_0031005_scorecam_heatmap.npy,/content/drive/MyDrive/Dissertation/edi_exports/heatmaps/scorecam/train_ham_test_isic_hdbmie_r128_20260521_191857/ISIC_0031005_scorecam_heatmap.npy,calculated,False,False,False,0.9900978922995708,,0.9928682297468184,,0.006041412051698,,isic_0031005,train_ham_test_isic_baseline_r128_20260521_223809,0.9900978922995708,0.9928682297468184,0.006041412051698,0.0,0.0,0.0,True
4a9ea098198bb50e01de44d5efe22593b69419f9efcd7feee6dde9c942de4e24,scorecam,train_ham_test_isic,train_ham_test_isic_hdbmie_r128_20260521_191857,ISIC_0028490,128,adaptive_repair,False,/content/drive/MyDrive/Dissertation/edi_exports/heatmaps/scorecam/train_ham_test_isic_baseline_r128_20260521_223809/ISIC_0028490_scorecam_heatmap.npy,/content/drive/MyDrive/Dissertation/edi_exports/heatmaps/scorecam/train_ham_test_isic_hdbmie_r128_20260521_191857/ISIC_0028490_scorecam_heatmap.npy,calculated,False,False,False,0.988304709411037,,0.9896129220724106,,0.0081173616110354,,isic_0028490,train_ham_test_isic_baseline_r128_20260521_223809,0.988304709411037,0.9896129220724106,0.0081173616110354,0.0,0.0,0.0,True
ce1f0fa47fe085a5b27f1eb2c88090f4230bd36de33bcebcae542fc924f57c7b,scorecam,train_ham_test_isic,train_ham_test_isic_hdbmie_r128_20260521_191857,ISIC_0027712,128,adaptive_repair,False,/content/drive/MyDrive/Dissertation/edi_exports/heatmaps/scorecam/train_ham_test_isic_baseline_r128_20260521_223809/ISIC_0027712_scorecam_heatmap.npy,/content/drive/MyDrive/Dissertation/edi_exports/heatmaps/scorecam/train_ham_test_isic_hdbmie_r128_20260521_191857/ISIC_0027712_scorecam_heatmap.npy,calculated,False,False,False,0.9934279095662631,,0.9954881519079208,,0.0038989466544737,,isic_0027712,train_ham_test_isic_baseline_r128_20260521_223809,0.9934279095662631,0.9954881519079208,0.0038989466544737,0.0,0.0,0.0,True
dee8d4b92514a59749bff08aa28b4446f41dd7b1de6b195a6dbe72be17f70d0d,scorecam,train_ham_test_isic,train_ham_test_isic_hdbmie_r128_20260521_191857,ISIC_0015232_DOWNSAMPLED,128,adaptive_repair,False,/content/drive/MyDrive/Dissertation/edi_exports/heatmaps/scorecam/train_ham_test_isic_baseline_r128_20260521_223809/ISIC_0015232_downsampled_scorecam_heatmap.npy,/content/drive/MyDrive/Dissertation/edi_exports/heatmaps/scorecam/train_ham_test_isic_hdbmie_r128_20260521_191857/ISIC_0015232_downsampled_scorecam_heatmap.npy,calculated,False,False,False,0.9785853466339812,,0.9755945652723312,,0.017556380705339,,isic_0015232_downsampled,train_ham_test_isic_baseline_r128_20260521_223809,0.9785853466339812,0.9755945652723312,0.017556380705339,0.0,0.0,0.0,True
0ae7f888fb7099259f50e4f6132a5e1593ddad762d6c37f50cb9185b167f5135,scorecam,train_ham_test_isic,train_ham_test_isic_hdbmie_r128_20260521_191857,ISIC_0031745,128,adaptive_repair,False,/content/drive/MyDrive/Dissertation/edi_exports/heatmaps/scorecam/train_ham_test_isic_baseline_r128_20260521_223809/ISIC_0031745_scorecam_heatmap.npy,/content/drive/MyDrive/Dissertation/edi_exports/heatmaps/scorecam/train_ham_test_isic_hdbmie_r128_20260521_191857/ISIC_0031745_scorecam_heatmap.npy,calculated,False,False,False,0.9966550970991946,,0.994768038392067,,0.0034522065291678,,isic_0031745,train_ham_test_isic_baseline_r128_20260521_223809,0.9966550970991946,0.994768038392067,0.0034522065291678,0.0,0.0,0.0,True
db5ee0e9b0b07e2d09a01c8d369daf96b796024ad818fabd50e116ac55db9a81,scorecam,train_ham_test_isic,train_ham_test_isic_hdbmie_r128_20260521_191857,ISIC_0027397,128,adaptive_repair,False,/content/drive/MyDrive/Dissertation/edi_exports/heatmaps/scorecam/train_ham_test_isic_baseline_r128_20260521_223809/ISIC_0027397_scorecam_heatmap.npy,/content/drive/MyDrive/Dissertation/edi_exports/heatmaps/scorecam/train_ham_test_isic_hdbmie_r128_20260521_191857/ISIC_0027397_scorecam_heatmap.npy,calculated,False,False,False,0.9696279820380784,,0.97307887673378,,0.0210535661235904,,isic_0027397,train_ham_test_isic_baseline_r128_20260521_223809,0.9696279820380784,0.97307887673378,0.0210535661235904,0.0,0.0,0.0,True
af5160f17c4588d6264db8d99a7bb0f365afda438cd06ac8f468e4af9a41ec80,scorecam,train_ham_test_isic,train_ham_test_isic_hdbmie_r128_20260521_191857,ISIC_0070105,128,adaptive_repair,False,/content/drive/MyDrive/Dissertation/edi_exports/heatmaps/scorecam/train_ham_test_isic_baseline_r128_20260521_223809/ISIC_0070105_scorecam_heatmap.npy,/content/drive/MyDrive/Dissertation/edi_exports/heatmaps/scorecam/train_ham_test_isic_hdbmie_r128_20260521_191857/ISIC_0070105_scorecam_heatmap.npy,calculated,False,False,False,0.9996982490976306,,0.999686762690544,,0.0002320563803203,,isic_0070105,train_ham_test_isic_baseline_r128_20260521_223809,0.9996982490976306,0.999686762690544,0.0002320563803203,0.0,0.0,0.0,True
1613b4b0ca08e5f85a79b248964d36b883d18cb562bb18cb9edebacc0f88b252,scorecam,train_ham_test_isic,train_ham_test_isic_hdbmie_r128_20260521_191857,ISIC_0028847,128,adaptive_repair,False,/content/drive/MyDrive/Dissertation/edi_exports/heatmaps/scorecam/train_ham_test_isic_baseline_r128_20260521_223809/ISIC_0028847_scorecam_heatmap.npy,/content/drive/MyDrive/Dissertation/edi_exports/heatmaps/scorecam/train_ham_test_isic_hdbmie_r128_20260521_191857/ISIC_0028847_scorecam_heatmap.npy,calculated,False,False,False,0.9677520177877056,,0.9637644290924072,,0.0261797810068699,,isic_0028847,train_ham_test_isic_baseline_r128_20260521_223809,0.9677520177877056,0.9637644290924072,0.0261797810068699,0.0,0.0,0.0,True
1965965b39130fb9c337573caba15240cb2f3f6906e255a060365469c6490449,scorecam,train_ham_test_isic,train_ham_test_isic_hdbmie_r128_20260521_191857,ISIC_0068414,128,adaptive_repair,False,/content/drive/MyDrive/Dissertation/edi_exports/heatmaps/scorecam/train_ham_test_isic_baseline_r128_20260521_223809/ISIC_0068414_scorecam_heatmap.npy,/content/drive/MyDrive/Dissertation/edi_exports/heatmaps/scorecam/train_ham_test_isic_hdbmie_r128_20260521_191857/ISIC_0068414_scorecam_heatmap.npy,calculated,False,False,False,0.9955497782578292,,0.9946227967739104,,0.0038011570485874,,isic_0068414,train_ham_test_isic_baseline_r128_20260521_223809,0.9955497782578292,0.9946227967739104,0.0038011570485874,0.0,0.0,0.0,True
8ee418df120c1cda01e755139e3a5fb19034542822c8276ece8d6f23cb9ce618,scorecam,train_ham_test_isic,train_ham_test_isic_hdbmie_r128_20260521_191857,ISIC_0032425,128,adaptive_repair,False,/content/drive/MyDrive/Dissertation/edi_exports/heatmaps/scorecam/train_ham_test_isic_baseline_r128_20260521_223809/ISIC_0032425_scorecam_heatmap.npy,/content/drive/MyDrive/Dissertation/edi_exports/heatmaps/scorecam/train_ham_test_isic_hdbmie_r128_20260521_191857/ISIC_0032425_scorecam_heatmap.npy,calculated,False,False,False,0.9813504107174864,,0.9750065952539444,,0.0171590996936561,,isic_0032425,train_ham_test_isic_baseline_r128_20260521_223809,0.9813504107174864,0.9750065952539444,0.0171590996936561,0.0,0.0,0.0,True
a47fde049b1681f1e4e915c8e0d51712a625084e95b438233bae9eca36c44718,scorecam,train_ham_test_isic,train_ham_test_isic_hdbmie_r128_20260521_191857,ISIC_0031535,128,adaptive_repair,False,/content/drive/MyDrive/Dissertation/edi_exports/heatmaps/scorecam/train_ham_test_isic_baseline_r128_20260521_223809/ISIC_0031535_scorecam_heatmap.npy,/content/drive/MyDrive/Dissertation/edi_exports/heatmaps/scorecam/train_ham_test_isic_hdbmie_r128_20260521_191857/ISIC_0031535_scorecam_heatmap.npy,calculated,False,False,False,0.98743319356989,,0.986398622393608,,0.0099423904107234,,isic_0031535,train_ham_test_isic_baseline_r128_20260521_223809,0.98743319356989,0.986398622393608,0.0099423904107234,0.0,0.0,0.0,True
406f30650af5d27e3f83c2f68d160fb6e98ebc073095218d873a2a54c7327bbc,scorecam,train_ham_test_isic,train_ham_test_isic_hdbmie_r128_20260521_191857,ISIC_0027102,128,adaptive_repair,False,/content/drive/MyDrive/Dissertation/edi_exports/heatmaps/scorecam/train_ham_test_isic_baseline_r128_20260521_223809/ISIC_0027102_scorecam_heatmap.npy,/content/drive/MyDrive/Dissertation/edi_exports/heatmaps/scorecam/train_ham_test_isic_hdbmie_r128_20260521_191857/ISIC_0027102_scorecam_heatmap.npy,calculated,False,False,False,0.99056024948548,,0.9794378578662872,,0.0126410086954863,,isic_0027102,train_ham_test_isic_baseline_r128_20260521_223809,0.99056024948548,0.9794378578662872,0.0126410086954863,0.0,0.0,0.0,True
406d7b4786e7ee6ebeb9da75080bf2e54851bbccfeabe419538f630756d73a77,scorecam,train_ham_test_isic,train_ham_test_isic_hdbmie_r128_20260521_191857,ISIC_0061194,128,adaptive_repair,False,/content/drive/MyDrive/Dissertation/edi_exports/heatmaps/scorecam/train_ham_test_isic_baseline_r128_20260521_223809/ISIC_0061194_scorecam_heatmap.npy,/content/drive/MyDrive/Dissertation/edi_exports/heatmaps/scorecam/train_ham_test_isic_hdbmie_r128_20260521_191857/ISIC_0061194_scorecam_heatmap.npy,calculated,False,False,False,0.9996593478161304,,0.999370276927948,,0.0004000245819933,,isic_0061194,train_ham_test_isic_baseline_r128_20260521_223809,0.9996593478161304,0.999370276927948,0.0004000245819933,0.0,0.0,0.0,True
99a44d186f748ec3455d2326a6657fdbeaacbf5173e5c852b085406a34eb69e3,scorecam,train_ham_test_isic,train_ham_test_isic_hdbmie_r128_20260521_191857,ISIC_0058285,128,adaptive_repair,False,/content/drive/MyDrive/Dissertation/edi_exports/heatmaps/scorecam/train_ham_test_isic_baseline_r128_20260521_223809/ISIC_0058285_scorecam_heatmap.npy,/content/drive/MyDrive/Dissertation/edi_exports/heatmaps/scorecam/train_ham_test_isic_hdbmie_r128_20260521_191857/ISIC_0058285_scorecam_heatmap.npy,calculated,False,False,False,0.9932303151504616,,0.9922221302986144,,0.0055813560630773,,isic_0058285,train_ham_test_isic_baseline_r128_20260521_223809,0.9932303151504616,0.9922221302986144,0.0055813560630773,0.0,0.0,0.0,True
2c6224c176de4500dbf85646307870aa87b86a27a10069a758b3cbacc0b02548,scorecam,train_ham_test_isic,train_ham_test_isic_hdbmie_r128_20260521_191857,ISIC_0028508,128,adaptive_repair,False,/content/drive/MyDrive/Dissertation/edi_exports/heatmaps/scorecam/train_ham_test_isic_baseline_r128_20260521_223809/ISIC_0028508_scorecam_heatmap.npy,/content/drive/MyDrive/Dissertation/edi_exports/heatmaps/scorecam/train_ham_test_isic_hdbmie_r128_20260521_191857/ISIC_0028508_scorecam_heatmap.npy,calculated,False,False,False,0.6780351967927003,,0.8180854171514511,,0.1714484922260993,,isic_0028508,train_ham_test_isic_baseline_r128_20260521_223809,0.6780351967927003,0.8180854171514511,0.1714484922260993,0.0,0.0,0.0,True
f34e71851268edb56782ae3b64f0cef15227a40e7ecb3f4c79b4c5392b6cb327,scorecam,train_ham_test_isic,train_ham_test_isic_hdbmie_r128_20260521_191857,ISIC_0032063,128,adaptive_repair,False,/content/drive/MyDrive/Dissertation/edi_exports/heatmaps/scorecam/train_ham_test_isic_baseline_r128_20260521_223809/ISIC_0032063_scorecam_heatmap.npy,/content/drive/MyDrive/Dissertation/edi_exports/heatmaps/scorecam/train_ham_test_isic_hdbmie_r128_20260521_191857/ISIC_0032063_scorecam_heatmap.npy,calculated,False,False,False,0.9967082455703874,,0.995579719543457,,0.0030330788356746,,isic_0032063,train_ham_test_isic_baseline_r128_20260521_223809,0.9967082455703874,0.995579719543457,0.0030330788356746,0.0,0.0,0.0,True
942ea23cd1d6272ab867a54b8e0a53c673ef669ff0a245ea17b2613564fc3e1b,scorecam,train_ham_test_isic,train_ham_test_isic_hdbmie_r128_20260521_191857,ISIC_0067055,128,adaptive_repair,False,/content/drive/MyDrive/Dissertation/edi_exports/heatmaps/scorecam/train_ham_test_isic_baseline_r128_20260521_223809/ISIC_0067055_scorecam_heatmap.npy,/content/drive/MyDrive/Dissertation/edi_exports/heatmaps/scorecam/train_ham_test_isic_hdbmie_r128_20260521_191857/ISIC_0067055_scorecam_heatmap.npy,calculated,False,False,False,0.9962356970232632,,0.9976890385150908,,0.0020965564866387,,isic_0067055,train_ham_test_isic_baseline_r128_20260521_223809,0.9962356970232632,0.9976890385150908,0.0020965564866387,0.0,0.0,0.0,True
31f16dc8f4247f15b5584ee245c16bf10f960ed6cfd0977fc5684a130f36798f,scorecam,train_ham_test_isic,train_ham_test_isic_hdbmie_r128_20260521_191857,ISIC_0027282,128,adaptive_repair,False,/content/drive/MyDrive/Dissertation/edi_exports/heatmaps/scorecam/train_ham_test_isic_baseline_r128_20260521_223809/ISIC_0027282_scorecam_heatmap.npy,/content/drive/MyDrive/Dissertation/edi_exports/heatmaps/scorecam/train_ham_test_isic_hdbmie_r128_20260521_191857/ISIC_0027282_scorecam_heatmap.npy,calculated,False,False,False,0.9967918092426228,,0.9974146634340286,,0.00209471597233,,isic_0027282,train_ham_test_isic_baseline_r128_20260521_223809,0.9967918092426228,0.9974146634340286,0.00209471597233,0.0,0.0,0.0,True
64864a1a9602b3bb4ced8d8c3f8ae25d489e7698440da48462f48ec554e0830a,scorecam,train_ham_test_isic,train_ham_test_isic_hdbmie_r128_20260521_191857,ISIC_0068248,128,adaptive_repair,False,/content/drive/MyDrive/Dissertation/edi_exports/heatmaps/scorecam/train_ham_test_isic_baseline_r128_20260521_223809/ISIC_0068248_scorecam_heatmap.npy,/content/drive/MyDrive/Dissertation/edi_exports/heatmaps/scorecam/train_ham_test_isic_hdbmie_r128_20260521_191857/ISIC_0068248_scorecam_heatmap.npy,calculated,False,False,False,0.9483032243790884,,0.913905307650566,,0.0559715400799448,,isic_0068248,train_ham_test_isic_baseline_r128_20260521_223809,0.9483032243790884,0.913905307650566,0.0559715400799448,0.0,0.0,0.0,True
61fc2b7a21502511722bebeb93f9653cae3cda10bd7186ddd3a7e53912045258,scorecam,train_ham_test_isic,train_ham_test_isic_hdbmie_r128_20260521_191857,ISIC_0058003,128,adaptive_repair,False,/content/drive/MyDrive/Dissertation/edi_exports/heatmaps/scorecam/train_ham_test_isic_baseline_r128_20260521_223809/ISIC_0058003_scorecam_heatmap.npy,/content/drive/MyDrive/Dissertation/edi_exports/heatmaps/scorecam/train_ham_test_isic_hdbmie_r128_20260521_191857/ISIC_0058003_scorecam_heatmap.npy,calculated,False,False,False,0.9923103486106608,,0.9908396750688552,,0.006502575312907,,isic_0058003,train_ham_test_isic_baseline_r128_20260521_223809,0.9923103486106608,0.9908396750688552,0.006502575312907,0.0,0.0,0.0,True
5da9a6569b76dfced4cfe115f653173fafe84fb790642353bc3a7f99449e0fc4,scorecam,train_ham_test_isic,train_ham_test_isic_hdbmie_r128_20260521_191857,ISIC_0010490,128,adaptive_repair,False,/content/drive/MyDrive/Dissertation/edi_exports/heatmaps/scorecam/train_ham_test_isic_baseline_r128_20260521_223809/ISIC_0010490_scorecam_heatmap.npy,/content/drive/MyDrive/Dissertation/edi_exports/heatmaps/scorecam/train_ham_test_isic_hdbmie_r128_20260521_191857/ISIC_0010490_scorecam_heatmap.npy,calculated,False,False,False,0.9982909484231968,,0.99857759475708,,0.0011384655156607,,isic_0010490,train_ham_test_isic_baseline_r128_20260521_223809,0.9982909484231968,0.99857759475708,0.0011384655156607,0.0,0.0,0.0,True
088ac1b8325afcc0cb832cbc507c7c095be26c018ec59bbda7a57ac2490f23dc,scorecam,train_ham_test_isic,train_ham_test_isic_hdbmie_r128_20260521_191857,ISIC_0033153,128,adaptive_repair,False,/content/drive/MyDrive/Dissertation/edi_exports/heatmaps/scorecam/train_ham_test_isic_baseline_r128_20260521_223809/ISIC_0033153_scorecam_heatmap.npy,/content/drive/MyDrive/Dissertation/edi_exports/heatmaps/scorecam/train_ham_test_isic_hdbmie_r128_20260521_191857/ISIC_0033153_scorecam_heatmap.npy,calculated,False,False,False,0.9963380282701833,,0.994439423084259,,0.0036957813903246,,isic_0033153,train_ham_test_isic_baseline_r128_20260521_223809,0.9963380282701833,0.994439423084259,0.0036957813903246,0.0,0.0,0.0,True
7621282d271e1538a44e21337531af4a3b860a4bfbb2dd1bade421263ddedb12,scorecam,train_ham_test_isic,train_ham_test_isic_hdbmie_r128_20260521_191857,ISIC_0073194,128,adaptive_repair,False,/content/drive/MyDrive/Dissertation/edi_exports/heatmaps/scorecam/train_ham_test_isic_baseline_r128_20260521_223809/ISIC_0073194_scorecam_heatmap.npy,/content/drive/MyDrive/Dissertation/edi_exports/heatmaps/scorecam/train_ham_test_isic_hdbmie_r128_20260521_191857/ISIC_0073194_scorecam_heatmap.npy,calculated,False,False,False,0.999796658745804,,0.999716117978096,,0.0001927763245009,,isic_0073194,train_ham_test_isic_baseline_r128_20260521_223809,0.999796658745804,0.999716117978096,0.0001927763245009,0.0,0.0,0.0,True
8d15df7924adc94ca68e8c2060621efda737da35237b4995d4e337db6ed92367,scorecam,train_ham_test_isic,train_ham_test_isic_hdbmie_r128_20260521_191857,ISIC_0028273,128,adaptive_repair,False,/content/drive/MyDrive/Dissertation/edi_exports/heatmaps/scorecam/train_ham_test_isic_baseline_r128_20260521_223809/ISIC_0028273_scorecam_heatmap.npy,/content/drive/MyDrive/Dissertation/edi_exports/heatmaps/scorecam/train_ham_test_isic_hdbmie_r128_20260521_191857/ISIC_0028273_scorecam_heatmap.npy,calculated,False,False,False,0.995167627530701,,0.995353415608406,,0.0035313853131216,,isic_0028273,train_ham_test_isic_baseline_r128_20260521_223809,0.995167627530701,0.995353415608406,0.0035313853131216,0.0,0.0,0.0,True
a0c341e3f633ef88771263d327412c019a225bbf6141306327e33edb9f1d0580,scorecam,train_ham_test_isic,train_ham_test_isic_hdbmie_r128_20260521_191857,ISIC_0068778,128,adaptive_repair,False,/content/drive/MyDrive/Dissertation/edi_exports/heatmaps/scorecam/train_ham_test_isic_baseline_r128_20260521_223809/ISIC_0068778_scorecam_heatmap.npy,/content/drive/MyDrive/Dissertation/edi_exports/heatmaps/scorecam/train_ham_test_isic_hdbmie_r128_20260521_191857/ISIC_0068778_scorecam_heatmap.npy,calculated,False,False,False,0.7297132830429093,,0.595058836042881,,0.2700422612178321,,isic_0068778,train_ham_test_isic_baseline_r128_20260521_223809,0.7297132830429093,0.595058836042881,0.2700422612178321,0.0,0.0,0.0,True
d6662329808ab0fd1043373004b1d65403b16eee92929ef0c176f61d81e761c0,scorecam,train_ham_test_isic,train_ham_test_isic_hdbmie_r128_20260521_191857,ISIC_0033654,128,adaptive_repair,False,/content/drive/MyDrive/Dissertation/edi_exports/heatmaps/scorecam/train_ham_test_isic_baseline_r128_20260521_223809/ISIC_0033654_scorecam_heatmap.npy,/content/drive/MyDrive/Dissertation/edi_exports/heatmaps/scorecam/train_ham_test_isic_hdbmie_r128_20260521_191857/ISIC_0033654_scorecam_heatmap.npy,calculated,False,False,False,0.9958401068719196,,0.9927641898393632,,0.0046578783623385,,isic_0033654,train_ham_test_isic_baseline_r128_20260521_223809,0.9958401068719196,0.9927641898393632,0.0046578783623385,0.0,0.0,0.0,True
1ee9b07e8b453629f53725199ad52807aff506285dcfa31e0daaa2c65ba9662c,scorecam,train_ham_test_isic,train_ham_test_isic_hdbmie_r128_20260521_191857,ISIC_0028226,128,adaptive_repair,False,/content/drive/MyDrive/Dissertation/edi_exports/heatmaps/scorecam/train_ham_test_isic_baseline_r128_20260521_223809/ISIC_0028226_scorecam_heatmap.npy,/content/drive/MyDrive/Dissertation/edi_exports/heatmaps/scorecam/train_ham_test_isic_hdbmie_r128_20260521_191857/ISIC_0028226_scorecam_heatmap.npy,calculated,False,False,False,0.997969346725006,,0.998430997133255,,0.001292164752121,,isic_0028226,train_ham_test_isic_baseline_r128_20260521_223809,0.997969346725006,0.998430997133255,0.001292164752121,0.0,0.0,0.0,True
694c86984a0c8f6362d97bffe53e0838c08215b7b8b421850257a4283b038fa2,scorecam,train_ham_test_isic,train_ham_test_isic_hdbmie_r128_20260521_191857,ISIC_0054787,128,adaptive_repair,False,/content/drive/MyDrive/Dissertation/edi_exports/heatmaps/scorecam/train_ham_test_isic_baseline_r128_20260521_223809/ISIC_0054787_scorecam_heatmap.npy,/content/drive/MyDrive/Dissertation/edi_exports/heatmaps/scorecam/train_ham_test_isic_hdbmie_r128_20260521_191857/ISIC_0054787_scorecam_heatmap.npy,calculated,False,False,False,0.9996500011602466,,0.9995821118354796,,0.0002964437921985,,isic_0054787,train_ham_test_isic_baseline_r128_20260521_223809,0.9996500011602466,0.9995821118354796,0.0002964437921985,0.0,0.0,0.0,True
0c36246324896c697f2b09233dfddca95c20ee30801da73de17f4062e77ca59b,scorecam,train_ham_test_isic,train_ham_test_isic_hdbmie_r128_20260521_191857,ISIC_0059680,128,adaptive_repair,False,/content/drive/MyDrive/Dissertation/edi_exports/heatmaps/scorecam/train_ham_test_isic_baseline_r128_20260521_223809/ISIC_0059680_scorecam_heatmap.npy,/content/drive/MyDrive/Dissertation/edi_exports/heatmaps/scorecam/train_ham_test_isic_hdbmie_r128_20260521_191857/ISIC_0059680_scorecam_heatmap.npy,calculated,False,False,False,0.9471494631885156,,0.9555725604295732,,0.0354263539880845,,isic_0059680,train_ham_test_isic_baseline_r128_20260521_223809,0.9471494631885156,0.9555725604295732,0.0354263539880845,0.0,0.0,0.0,True
ecdb982930ffe97c4d4f8e67cbf93157af81a41b7ad68172ae531243b603acbd,scorecam,train_ham_test_isic,train_ham_test_isic_navier_stokes_r128_20260521_180830,ISIC_0027358,128,adaptive_repair,False,/content/drive/MyDrive/Dissertation/edi_exports/heatmaps/scorecam/train_ham_test_isic_baseline_r128_20260521_223809/ISIC_0027358_scorecam_heatmap.npy,/content/drive/MyDrive/Dissertation/edi_exports/heatmaps/scorecam/train_ham_test_isic_navier_stokes_r128_20260521_180830/ISIC_0027358_scorecam_heatmap.npy,calculated,False,False,False,0.9960975286826154,,0.9966184943914412,,0.0026663706336255,,isic_0027358,train_ham_test_isic_baseline_r128_20260521_223809,0.9960975286826154,0.9966184943914412,0.0026663706336255,0.0,0.0,0.0,True
d4e7f621ae599e6362e0c94dfb52d1d020e9a2ddb750b08c5125df8a49ae8dc9,scorecam,train_ham_test_isic,train_ham_test_isic_navier_stokes_r128_20260521_180830,ISIC_0030752,128,adaptive_repair,False,/content/drive/MyDrive/Dissertation/edi_exports/heatmaps/scorecam/train_ham_test_isic_baseline_r128_20260521_223809/ISIC_0030752_scorecam_heatmap.npy,/content/drive/MyDrive/Dissertation/edi_exports/heatmaps/scorecam/train_ham_test_isic_navier_stokes_r128_20260521_180830/ISIC_0030752_scorecam_heatmap.npy,calculated,False,False,False,0.9997338529831942,,0.9997724741697313,,0.0001802996693358,,isic_0030752,train_ham_test_isic_baseline_r128_20260521_223809,0.9997338529831942,0.9997724741697313,0.0001802996693358,0.0,0.0,0.0,True
17b042a8e7bdd0db0f1694b321d83ace6c1eff156b916cf1717ada4b5e85f52b,scorecam,train_ham_test_isic,train_ham_test_isic_navier_stokes_r128_20260521_180830,ISIC_0029786,128,adaptive_repair,False,/content/drive/MyDrive/Dissertation/edi_exports/heatmaps/scorecam/train_ham_test_isic_baseline_r128_20260521_223809/ISIC_0029786_scorecam_heatmap.npy,/content/drive/MyDrive/Dissertation/edi_exports/heatmaps/scorecam/train_ham_test_isic_navier_stokes_r128_20260521_180830/ISIC_0029786_scorecam_heatmap.npy,calculated,False,False,False,0.960781759911656,,0.9505945146083832,,0.0345073027178943,,isic_0029786,train_ham_test_isic_baseline_r128_20260521_223809,0.960781759911656,0.9505945146083832,0.0345073027178943,0.0,0.0,0.0,True
2c770462af55bdff5cb89532cb02087ebf52ee39629fa421a2c02bb1727bdff5,scorecam,train_ham_test_isic,train_ham_test_isic_navier_stokes_r128_20260521_180830,ISIC_0026652,128,adaptive_repair,False,/content/drive/MyDrive/Dissertation/edi_exports/heatmaps/scorecam/train_ham_test_isic_baseline_r128_20260521_223809/ISIC_0026652_scorecam_heatmap.npy,/content/drive/MyDrive/Dissertation/edi_exports/heatmaps/scorecam/train_ham_test_isic_navier_stokes_r128_20260521_180830/ISIC_0026652_scorecam_heatmap.npy,calculated,False,False,False,0.9823582354068426,,0.9786298424005508,,0.0150955199480139,,isic_0026652,train_ham_test_isic_baseline_r128_20260521_223809,0.9823582354068426,0.9786298424005508,0.0150955199480139,0.0,0.0,0.0,True
663efef1868bc53398772595cc09c249409a0649bde21710656412a2edb28129,scorecam,train_ham_test_isic,train_ham_test_isic_navier_stokes_r128_20260521_180830,ISIC_0032833,128,adaptive_repair,False,/content/drive/MyDrive/Dissertation/edi_exports/heatmaps/scorecam/train_ham_test_isic_baseline_r128_20260521_223809/ISIC_0032833_scorecam_heatmap.npy,/content/drive/MyDrive/Dissertation/edi_exports/heatmaps/scorecam/train_ham_test_isic_navier_stokes_r128_20260521_180830/ISIC_0032833_scorecam_heatmap.npy,calculated,False,False,False,0.99986351580684,,0.9998460114002228,,0.0001111153481786,,isic_0032833,train_ham_test_isic_baseline_r128_20260521_223809,0.99986351580684,0.9998460114002228,0.0001111153481786,0.0,0.0,0.0,True
27fb68d35a0fb2b9c8aaca2be6a25ca3e34169391d2a7cd75cab80efaeff82e3,scorecam,train_ham_test_isic,train_ham_test_isic_navier_stokes_r128_20260521_180830,ISIC_0031445,128,adaptive_repair,False,/content/drive/MyDrive/Dissertation/edi_exports/heatmaps/scorecam/train_ham_test_isic_baseline_r128_20260521_223809/ISIC_0031445_scorecam_heatmap.npy,/content/drive/MyDrive/Dissertation/edi_exports/heatmaps/scorecam/train_ham_test_isic_navier_stokes_r128_20260521_180830/ISIC_0031445_scorecam_heatmap.npy,calculated,False,False,False,0.9861290273507944,,0.9800540655851364,,0.0134407103697332,,isic_0031445,train_ham_test_isic_baseline_r128_20260521_223809,0.9861290273507944,0.9800540655851364,0.0134407103697332,0.0,0.0,0.0,True
63ef40a64441b96fbd6e0c56579d9697ba976661070fcc02fa03c630bd7e4915,scorecam,train_ham_test_isic,train_ham_test_isic_navier_stokes_r128_20260521_180830,ISIC_0063544,128,adaptive_repair,False,/content/drive/MyDrive/Dissertation/edi_exports/heatmaps/scorecam/train_ham_test_isic_baseline_r128_20260521_223809/ISIC_0063544_scorecam_heatmap.npy,/content/drive/MyDrive/Dissertation/edi_exports/heatmaps/scorecam/train_ham_test_isic_navier_stokes_r128_20260521_180830/ISIC_0063544_scorecam_heatmap.npy,calculated,False,False,False,0.9893382725956688,,0.9889768958091736,,0.008176983946496,,isic_0063544,train_ham_test_isic_baseline_r128_20260521_223809,0.9893382725956688,0.9889768958091736,0.008176983946496,0.0,0.0,0.0,True
fb79fe7d46c7ba09fd3e632cda7cb2299db1194fcb27100f2e360b2962e6d204,scorecam,train_ham_test_isic,train_ham_test_isic_navier_stokes_r128_20260521_180830,ISIC_0053615,128,adaptive_repair,False,/content/drive/MyDrive/Dissertation/edi_exports/heatmaps/scorecam/train_ham_test_isic_baseline_r128_20260521_223809/ISIC_0053615_scorecam_heatmap.npy,/content/drive/MyDrive/Dissertation/edi_exports/heatmaps/scorecam/train_ham_test_isic_navier_stokes_r128_20260521_180830/ISIC_0053615_scorecam_heatmap.npy,calculated,False,False,False,0.9971099110477768,,0.995324581861496,,0.0030602313073078,,isic_0053615,train_ham_test_isic_baseline_r128_20260521_223809,0.9971099110477768,0.995324581861496,0.0030602313073078,0.0,0.0,0.0,True
85439e7b9061771f0e3579bcb3e563c7848d54da85b5f6118989982d4015c256,scorecam,train_ham_test_isic,train_ham_test_isic_navier_stokes_r128_20260521_180830,ISIC_0067519,128,adaptive_repair,False,/content/drive/MyDrive/Dissertation/edi_exports/heatmaps/scorecam/train_ham_test_isic_baseline_r128_20260521_223809/ISIC_0067519_scorecam_heatmap.npy,/content/drive/MyDrive/Dissertation/edi_exports/heatmaps/scorecam/train_ham_test_isic_navier_stokes_r128_20260521_180830/ISIC_0067519_scorecam_heatmap.npy,calculated,False,False,False,0.9835213066993328,,0.981096938252449,,0.0135712041989422,,isic_0067519,train_ham_test_isic_baseline_r128_20260521_223809,0.9835213066993328,0.981096938252449,0.0135712041989422,0.0,0.0,0.0,True
d6de07624d661893c7ec9521854e20296ff6a3d037544e6da09d8a1e7b3456e8,scorecam,train_ham_test_isic,train_ham_test_isic_navier_stokes_r128_20260521_180830,ISIC_0030653,128,adaptive_repair,False,/content/drive/MyDrive/Dissertation/edi_exports/heatmaps/scorecam/train_ham_test_isic_baseline_r128_20260521_223809/ISIC_0030653_scorecam_heatmap.npy,/content/drive/MyDrive/Dissertation/edi_exports/heatmaps/scorecam/train_ham_test_isic_navier_stokes_r128_20260521_180830/ISIC_0030653_scorecam_heatmap.npy,calculated,False,False,False,0.9984540563682084,,0.998849391937256,,0.0009617899393199,,isic_0030653,train_ham_test_isic_baseline_r128_20260521_223809,0.9984540563682084,0.998849391937256,0.0009617899393199,0.0,0.0,0.0,True
f0e96b81acbc0d381011edc602a6826f920f9f884ec58449723221a387e1a521,scorecam,train_ham_test_isic,train_ham_test_isic_navier_stokes_r128_20260521_180830,ISIC_0064161,128,adaptive_repair,False,/content/drive/MyDrive/Dissertation/edi_exports/heatmaps/scorecam/train_ham_test_isic_baseline_r128_20260521_223809/ISIC_0064161_scorecam_heatmap.npy,/content/drive/MyDrive/Dissertation/edi_exports/heatmaps/scorecam/train_ham_test_isic_navier_stokes_r128_20260521_180830/ISIC_0064161_scorecam_heatmap.npy,calculated,False,False,False,0.9801107260074854,,0.9844963103532792,,0.012724163321489,,isic_0064161,train_ham_test_isic_baseline_r128_20260521_223809,0.9801107260074854,0.9844963103532792,0.012724163321489,0.0,0.0,0.0,True
b232ec884419c0b515ff185b3e9fc16d6be3aa45b1030bbfb802b5aae2f882cc,scorecam,train_ham_test_isic,train_ham_test_isic_navier_stokes_r128_20260521_180830,ISIC_0031005,128,adaptive_repair,False,/content/drive/MyDrive/Dissertation/edi_exports/heatmaps/scorecam/train_ham_test_isic_baseline_r128_20260521_223809/ISIC_0031005_scorecam_heatmap.npy,/content/drive/MyDrive/Dissertation/edi_exports/heatmaps/scorecam/train_ham_test_isic_navier_stokes_r128_20260521_180830/ISIC_0031005_scorecam_heatmap.npy,calculated,False,False,False,0.9950550584740664,,0.9953416436910628,,0.0035654135359519,,isic_0031005,train_ham_test_isic_baseline_r128_20260521_223809,0.9950550584740664,0.9953416436910628,0.0035654135359519,0.0,0.0,0.0,True
be3368444a15b3438b1aec3fdd22aba3dc42a81589278b031d7d03b9d1e8ab29,scorecam,train_ham_test_isic,train_ham_test_isic_navier_stokes_r128_20260521_180830,ISIC_0028490,128,adaptive_repair,False,/content/drive/MyDrive/Dissertation/edi_exports/heatmaps/scorecam/train_ham_test_isic_baseline_r128_20260521_223809/ISIC_0028490_scorecam_heatmap.npy,/content/drive/MyDrive/Dissertation/edi_exports/heatmaps/scorecam/train_ham_test_isic_navier_stokes_r128_20260521_180830/ISIC_0028490_scorecam_heatmap.npy,calculated,False,False,False,0.9992361905688087,,0.9993691742420197,,0.0005063652367879,,isic_0028490,train_ham_test_isic_baseline_r128_20260521_223809,0.9992361905688087,0.9993691742420197,0.0005063652367879,0.0,0.0,0.0,True
b56f0450cdb6f37c1804d2c95336f0ff8f52b7bf83ca90f27b801bc2e556fa22,scorecam,train_ham_test_isic,train_ham_test_isic_navier_stokes_r128_20260521_180830,ISIC_0027712,128,adaptive_repair,False,/content/drive/MyDrive/Dissertation/edi_exports/heatmaps/scorecam/train_ham_test_isic_baseline_r128_20260521_223809/ISIC_0027712_scorecam_heatmap.npy,/content/drive/MyDrive/Dissertation/edi_exports/heatmaps/scorecam/train_ham_test_isic_navier_stokes_r128_20260521_180830/ISIC_0027712_scorecam_heatmap.npy,calculated,False,False,False,0.9988109775935328,,0.9989095777273178,,0.0008424667379579,,isic_0027712,train_ham_test_isic_baseline_r128_20260521_223809,0.9988109775935328,0.9989095777273178,0.0008424667379579,0.0,0.0,0.0,True
5e7d146f4c5a01519743e55bb12ef657cdbf1847c8e316325764daedb74e25e2,scorecam,train_ham_test_isic,train_ham_test_isic_navier_stokes_r128_20260521_180830,ISIC_0015232_DOWNSAMPLED,128,adaptive_repair,False,/content/drive/MyDrive/Dissertation/edi_exports/heatmaps/scorecam/train_ham_test_isic_baseline_r128_20260521_223809/ISIC_0015232_downsampled_scorecam_heatmap.npy,/content/drive/MyDrive/Dissertation/edi_exports/heatmaps/scorecam/train_ham_test_isic_navier_stokes_r128_20260521_180830/ISIC_0015232_downsampled_scorecam_heatmap.npy,calculated,False,False,False,0.9985606723826644,,0.9981267005205154,,0.0012964816440761,,isic_0015232_downsampled,train_ham_test_isic_baseline_r128_20260521_223809,0.9985606723826644,0.9981267005205154,0.0012964816440761,0.0,0.0,0.0,True
18100d7e0bae49caf0a6d78f1369ca5b599d930147e0768da595f7d8bc99adcd,scorecam,train_ham_test_isic,train_ham_test_isic_navier_stokes_r128_20260521_180830,ISIC_0031745,128,adaptive_repair,False,/content/drive/MyDrive/Dissertation/edi_exports/heatmaps/scorecam/train_ham_test_isic_baseline_r128_20260521_223809/ISIC_0031745_scorecam_heatmap.npy,/content/drive/MyDrive/Dissertation/edi_exports/heatmaps/scorecam/train_ham_test_isic_navier_stokes_r128_20260521_180830/ISIC_0031745_scorecam_heatmap.npy,calculated,False,False,False,0.9934341674117247,,0.9896385669708252,,0.0068221746616561,,isic_0031745,train_ham_test_isic_baseline_r128_20260521_223809,0.9934341674117247,0.9896385669708252,0.0068221746616561,0.0,0.0,0.0,True
6a2b5439c5d64da987af81e21a49cf654618f5561082eba70725a295a5ad9358,scorecam,train_ham_test_isic,train_ham_test_isic_navier_stokes_r128_20260521_180830,ISIC_0027397,128,adaptive_repair,False,/content/drive/MyDrive/Dissertation/edi_exports/heatmaps/scorecam/train_ham_test_isic_baseline_r128_20260521_223809/ISIC_0027397_scorecam_heatmap.npy,/content/drive/MyDrive/Dissertation/edi_exports/heatmaps/scorecam/train_ham_test_isic_navier_stokes_r128_20260521_180830/ISIC_0027397_scorecam_heatmap.npy,calculated,False,False,False,0.9929657274032448,,0.9958211481571198,,0.0038479940706289,,isic_0027397,train_ham_test_isic_baseline_r128_20260521_223809,0.9929657274032448,0.9958211481571198,0.0038479940706289,0.0,0.0,0.0,True
090fec44725e0e1da78ef4cfbee62ce995eec9932a3b93d5ad12241e2d94ec2b,scorecam,train_ham_test_isic,train_ham_test_isic_navier_stokes_r128_20260521_180830,ISIC_0070105,128,adaptive_repair,False,/content/drive/MyDrive/Dissertation/edi_exports/heatmaps/scorecam/train_ham_test_isic_baseline_r128_20260521_223809/ISIC_0070105_scorecam_heatmap.npy,/content/drive/MyDrive/Dissertation/edi_exports/heatmaps/scorecam/train_ham_test_isic_navier_stokes_r128_20260521_180830/ISIC_0070105_scorecam_heatmap.npy,calculated,False,False,False,0.9996699601107636,,0.9996013790369034,,0.0002818204538573,,isic_0070105,train_ham_test_isic_baseline_r128_20260521_223809,0.9996699601107636,0.9996013790369034,0.0002818204538573,0.0,0.0,0.0,True
2743eb46f917474a52aea3c96d5a986af394f2a481c2559c6c9e7c8e93581ed5,scorecam,train_ham_test_isic,train_ham_test_isic_navier_stokes_r128_20260521_180830,ISIC_0028847,128,adaptive_repair,False,/content/drive/MyDrive/Dissertation/edi_exports/heatmaps/scorecam/train_ham_test_isic_baseline_r128_20260521_223809/ISIC_0028847_scorecam_heatmap.npy,/content/drive/MyDrive/Dissertation/edi_exports/heatmaps/scorecam/train_ham_test_isic_navier_stokes_r128_20260521_180830/ISIC_0028847_scorecam_heatmap.npy,calculated,False,False,False,0.974713684448307,,0.9786046594381332,,0.0170192491688566,,isic_0028847,train_ham_test_isic_baseline_r128_20260521_223809,0.974713684448307,0.9786046594381332,0.0170192491688566,0.0,0.0,0.0,True
6f43d7ee3fc789483cdaad958d78a3769c04778d769880c1e84099736c2ff094,scorecam,train_ham_test_isic,train_ham_test_isic_navier_stokes_r128_20260521_180830,ISIC_0068414,128,adaptive_repair,False,/content/drive/MyDrive/Dissertation/edi_exports/heatmaps/scorecam/train_ham_test_isic_baseline_r128_20260521_223809/ISIC_0068414_scorecam_heatmap.npy,/content/drive/MyDrive/Dissertation/edi_exports/heatmaps/scorecam/train_ham_test_isic_navier_stokes_r128_20260521_180830/ISIC_0068414_scorecam_heatmap.npy,calculated,False,False,False,0.9984080801631724,,0.998738929629326,,0.0010285151445439,,isic_0068414,train_ham_test_isic_baseline_r128_20260521_223809,0.9984080801631724,0.998738929629326,0.0010285151445439,0.0,0.0,0.0,True
3b4c0b55d7c56c513c45bb7eb220198b693d6735999b5c5302430619cf779c7c,scorecam,train_ham_test_isic,train_ham_test_isic_navier_stokes_r128_20260521_180830,ISIC_0032425,128,adaptive_repair,False,/content/drive/MyDrive/Dissertation/edi_exports/heatmaps/scorecam/train_ham_test_isic_baseline_r128_20260521_223809/ISIC_0032425_scorecam_heatmap.npy,/content/drive/MyDrive/Dissertation/edi_exports/heatmaps/scorecam/train_ham_test_isic_navier_stokes_r128_20260521_180830/ISIC_0032425_scorecam_heatmap.npy,calculated,False,False,False,0.960072463611946,,0.9430159479379654,,0.0384739101280308,,isic_0032425,train_ham_test_isic_baseline_r128_20260521_223809,0.960072463611946,0.9430159479379654,0.0384739101280308,0.0,0.0,0.0,True
407c7b0efcb7185fcb49e17f2cc17e68d7e6b7894b7b52934a8e05b3eac72dcc,scorecam,train_ham_test_isic,train_ham_test_isic_navier_stokes_r128_20260521_180830,ISIC_0031535,128,adaptive_repair,False,/content/drive/MyDrive/Dissertation/edi_exports/heatmaps/scorecam/train_ham_test_isic_baseline_r128_20260521_223809/ISIC_0031535_scorecam_heatmap.npy,/content/drive/MyDrive/Dissertation/edi_exports/heatmaps/scorecam/train_ham_test_isic_navier_stokes_r128_20260521_180830/ISIC_0031535_scorecam_heatmap.npy,calculated,False,False,False,0.999694444354314,,0.9995107501745224,,0.0003210138241602,,isic_0031535,train_ham_test_isic_baseline_r128_20260521_223809,0.999694444354314,0.9995107501745224,0.0003210138241602,0.0,0.0,0.0,True
b5b6546dd7131e40c3f3e365fda9bb8f70df04e833fed02140cd6503f73c9f87,scorecam,train_ham_test_isic,train_ham_test_isic_navier_stokes_r128_20260521_180830,ISIC_0027102,128,adaptive_repair,False,/content/drive/MyDrive/Dissertation/edi_exports/heatmaps/scorecam/train_ham_test_isic_baseline_r128_20260521_223809/ISIC_0027102_scorecam_heatmap.npy,/content/drive/MyDrive/Dissertation/edi_exports/heatmaps/scorecam/train_ham_test_isic_navier_stokes_r128_20260521_180830/ISIC_0027102_scorecam_heatmap.npy,calculated,False,False,False,0.9729961922703976,,0.9369833171367644,,0.0382592933640183,,isic_0027102,train_ham_test_isic_baseline_r128_20260521_223809,0.9729961922703976,0.9369833171367644,0.0382592933640183,0.0,0.0,0.0,True
e8f86bcb312f4abd835002716c7e0851e947bb0d5db28cadad70645605909192,scorecam,train_ham_test_isic,train_ham_test_isic_navier_stokes_r128_20260521_180830,ISIC_0061194,128,adaptive_repair,False,/content/drive/MyDrive/Dissertation/edi_exports/heatmaps/scorecam/train_ham_test_isic_baseline_r128_20260521_223809/ISIC_0061194_scorecam_heatmap.npy,/content/drive/MyDrive/Dissertation/edi_exports/heatmaps/scorecam/train_ham_test_isic_navier_stokes_r128_20260521_180830/ISIC_0061194_scorecam_heatmap.npy,calculated,False,False,False,0.9999928613466134,,0.9999912530183792,,6.158154157054341e-06,,isic_0061194,train_ham_test_isic_baseline_r128_20260521_223809,0.9999928613466134,0.9999912530183792,6.158154157054341e-06,0.0,0.0,0.0,True
b91fb258f0852adc2e47c66d50e2ece093efd7c43df5b1d99f786aac0eb56a29,scorecam,train_ham_test_isic,train_ham_test_isic_navier_stokes_r128_20260521_180830,ISIC_0058285,128,adaptive_repair,False,/content/drive/MyDrive/Dissertation/edi_exports/heatmaps/scorecam/train_ham_test_isic_baseline_r128_20260521_223809/ISIC_0058285_scorecam_heatmap.npy,/content/drive/MyDrive/Dissertation/edi_exports/heatmaps/scorecam/train_ham_test_isic_navier_stokes_r128_20260521_180830/ISIC_0058285_scorecam_heatmap.npy,calculated,False,False,False,0.9885008536881896,,0.9839576035737992,,0.010895984791053,,isic_0058285,train_ham_test_isic_baseline_r128_20260521_223809,0.9885008536881896,0.9839576035737992,0.010895984791053,0.0,0.0,0.0,True
f5fc84ddf7e3e63c55966eced616106d130d8e3b8e53c93b38c110b9a3cc3b88,scorecam,train_ham_test_isic,train_ham_test_isic_navier_stokes_r128_20260521_180830,ISIC_0028508,128,adaptive_repair,False,/content/drive/MyDrive/Dissertation/edi_exports/heatmaps/scorecam/train_ham_test_isic_baseline_r128_20260521_223809/ISIC_0028508_scorecam_heatmap.npy,/content/drive/MyDrive/Dissertation/edi_exports/heatmaps/scorecam/train_ham_test_isic_navier_stokes_r128_20260521_180830/ISIC_0028508_scorecam_heatmap.npy,calculated,False,False,False,0.9108095312763644,,0.94197079539299,,0.0513122194844138,,isic_0028508,train_ham_test_isic_baseline_r128_20260521_223809,0.9108095312763644,0.94197079539299,0.0513122194844138,0.0,0.0,0.0,True
be68a90eb8bcf786d044100aaacf56c5f176f87f4231752fb1d3324ee652a186,scorecam,train_ham_test_isic,train_ham_test_isic_navier_stokes_r128_20260521_180830,ISIC_0032063,128,adaptive_repair,False,/content/drive/MyDrive/Dissertation/edi_exports/heatmaps/scorecam/train_ham_test_isic_baseline_r128_20260521_223809/ISIC_0032063_scorecam_heatmap.npy,/content/drive/MyDrive/Dissertation/edi_exports/heatmaps/scorecam/train_ham_test_isic_navier_stokes_r128_20260521_180830/ISIC_0032063_scorecam_heatmap.npy,calculated,False,False,False,0.9968425067669135,,0.9965650290250778,,0.0025068587957326,,isic_0032063,train_ham_test_isic_baseline_r128_20260521_223809,0.9968425067669135,0.9965650290250778,0.0025068587957326,0.0,0.0,0.0,True
9655f59e9ef464367ce667447e44f6d4b58a82453af5ed2165dca22bb15aedee,scorecam,train_ham_test_isic,train_ham_test_isic_navier_stokes_r128_20260521_180830,ISIC_0067055,128,adaptive_repair,False,/content/drive/MyDrive/Dissertation/edi_exports/heatmaps/scorecam/train_ham_test_isic_baseline_r128_20260521_223809/ISIC_0067055_scorecam_heatmap.npy,/content/drive/MyDrive/Dissertation/edi_exports/heatmaps/scorecam/train_ham_test_isic_navier_stokes_r128_20260521_180830/ISIC_0067055_scorecam_heatmap.npy,calculated,False,False,False,0.9782135372057223,,0.9741974920034407,,0.0183478696968489,,isic_0067055,train_ham_test_isic_baseline_r128_20260521_223809,0.9782135372057223,0.9741974920034407,0.0183478696968489,0.0,0.0,0.0,True
3b08996ef766466e17be3ed92659004ec6af3c322ae3ecfa10148c923fa5c8dc,scorecam,train_ham_test_isic,train_ham_test_isic_navier_stokes_r128_20260521_180830,ISIC_0027282,128,adaptive_repair,False,/content/drive/MyDrive/Dissertation/edi_exports/heatmaps/scorecam/train_ham_test_isic_baseline_r128_20260521_223809/ISIC_0027282_scorecam_heatmap.npy,/content/drive/MyDrive/Dissertation/edi_exports/heatmaps/scorecam/train_ham_test_isic_navier_stokes_r128_20260521_180830/ISIC_0027282_scorecam_heatmap.npy,calculated,False,False,False,0.9986432114001884,,0.997859552502632,,0.0014094208986368,,isic_0027282,train_ham_test_isic_baseline_r128_20260521_223809,0.9986432114001884,0.997859552502632,0.0014094208986368,0.0,0.0,0.0,True
641ed9eaa2d3a39e78350a0d2214b15879e300c46448c6a62020f0089019e367,scorecam,train_ham_test_isic,train_ham_test_isic_navier_stokes_r128_20260521_180830,ISIC_0068248,128,adaptive_repair,False,/content/drive/MyDrive/Dissertation/edi_exports/heatmaps/scorecam/train_ham_test_isic_baseline_r128_20260521_223809/ISIC_0068248_scorecam_heatmap.npy,/content/drive/MyDrive/Dissertation/edi_exports/heatmaps/scorecam/train_ham_test_isic_navier_stokes_r128_20260521_180830/ISIC_0068248_scorecam_heatmap.npy,calculated,False,False,False,0.9619741358053098,,0.9305072873830796,,0.0442528223571327,,isic_0068248,train_ham_test_isic_baseline_r128_20260521_223809,0.9619741358053098,0.9305072873830796,0.0442528223571327,0.0,0.0,0.0,True
4fedfb6444eaa91c615558f177d2670985569973101b7cd5c14c3e88a28d0f3b,scorecam,train_ham_test_isic,train_ham_test_isic_navier_stokes_r128_20260521_180830,ISIC_0058003,128,adaptive_repair,False,/content/drive/MyDrive/Dissertation/edi_exports/heatmaps/scorecam/train_ham_test_isic_baseline_r128_20260521_223809/ISIC_0058003_scorecam_heatmap.npy,/content/drive/MyDrive/Dissertation/edi_exports/heatmaps/scorecam/train_ham_test_isic_navier_stokes_r128_20260521_180830/ISIC_0058003_scorecam_heatmap.npy,calculated,False,False,False,0.9919446074474272,,0.990318238735199,,0.0068547287705437,,isic_0058003,train_ham_test_isic_baseline_r128_20260521_223809,0.9919446074474272,0.990318238735199,0.0068547287705437,0.0,0.0,0.0,True
851fa54db7fa96bc8163b79c80e3487a7bcd68f62ad9d8b87f9fac65be5aada9,scorecam,train_ham_test_isic,train_ham_test_isic_navier_stokes_r128_20260521_180830,ISIC_0010490,128,adaptive_repair,False,/content/drive/MyDrive/Dissertation/edi_exports/heatmaps/scorecam/train_ham_test_isic_baseline_r128_20260521_223809/ISIC_0010490_scorecam_heatmap.npy,/content/drive/MyDrive/Dissertation/edi_exports/heatmaps/scorecam/train_ham_test_isic_navier_stokes_r128_20260521_180830/ISIC_0010490_scorecam_heatmap.npy,calculated,False,False,False,0.9996866892387296,,0.999681830406189,,0.0002374124872231,,isic_0010490,train_ham_test_isic_baseline_r128_20260521_223809,0.9996866892387296,0.999681830406189,0.0002374124872231,0.0,0.0,0.0,True
7e3a7c987e2206314bfe93597413f2bee39b4697ce28ce8402879b64971e579e,scorecam,train_ham_test_isic,train_ham_test_isic_navier_stokes_r128_20260521_180830,ISIC_0033153,128,adaptive_repair,False,/content/drive/MyDrive/Dissertation/edi_exports/heatmaps/scorecam/train_ham_test_isic_baseline_r128_20260521_223809/ISIC_0033153_scorecam_heatmap.npy,/content/drive/MyDrive/Dissertation/edi_exports/heatmaps/scorecam/train_ham_test_isic_navier_stokes_r128_20260521_180830/ISIC_0033153_scorecam_heatmap.npy,calculated,False,False,False,0.9927603901496134,,0.991005077958107,,0.0063073634835431,,isic_0033153,train_ham_test_isic_baseline_r128_20260521_223809,0.9927603901496134,0.991005077958107,0.0063073634835431,0.0,0.0,0.0,True
6eea6882fe882806e433511f3a45d5dc102d13177825167cd5300bc49ad7fcea,scorecam,train_ham_test_isic,train_ham_test_isic_navier_stokes_r128_20260521_180830,ISIC_0073194,128,adaptive_repair,False,/content/drive/MyDrive/Dissertation/edi_exports/heatmaps/scorecam/train_ham_test_isic_baseline_r128_20260521_223809/ISIC_0073194_scorecam_heatmap.npy,/content/drive/MyDrive/Dissertation/edi_exports/heatmaps/scorecam/train_ham_test_isic_navier_stokes_r128_20260521_180830/ISIC_0073194_scorecam_heatmap.npy,calculated,False,False,False,0.9994445846486016,,0.9990764558315276,,0.0006006259220857,,isic_0073194,train_ham_test_isic_baseline_r128_20260521_223809,0.9994445846486016,0.9990764558315276,0.0006006259220857,0.0,0.0,0.0,True
abbd564b5310dfeb149feae1000f5b79243df914bb03f1f90271b3ce4034c21a,scorecam,train_ham_test_isic,train_ham_test_isic_navier_stokes_r128_20260521_180830,ISIC_0028273,128,adaptive_repair,False,/content/drive/MyDrive/Dissertation/edi_exports/heatmaps/scorecam/train_ham_test_isic_baseline_r128_20260521_223809/ISIC_0028273_scorecam_heatmap.npy,/content/drive/MyDrive/Dissertation/edi_exports/heatmaps/scorecam/train_ham_test_isic_navier_stokes_r128_20260521_180830/ISIC_0028273_scorecam_heatmap.npy,calculated,False,False,False,0.9912011030231918,,0.9898602962493896,,0.0072695761195072,,isic_0028273,train_ham_test_isic_baseline_r128_20260521_223809,0.9912011030231918,0.9898602962493896,0.0072695761195072,0.0,0.0,0.0,True
42cddebd69aec60dafc77ae3288137dcc4a3a52e02081d99e0a50a229d6700b2,scorecam,train_ham_test_isic,train_ham_test_isic_navier_stokes_r128_20260521_180830,ISIC_0068778,128,adaptive_repair,False,/content/drive/MyDrive/Dissertation/edi_exports/heatmaps/scorecam/train_ham_test_isic_baseline_r128_20260521_223809/ISIC_0068778_scorecam_heatmap.npy,/content/drive/MyDrive/Dissertation/edi_exports/heatmaps/scorecam/train_ham_test_isic_navier_stokes_r128_20260521_180830/ISIC_0068778_scorecam_heatmap.npy,calculated,False,False,False,0.8259142444049467,,0.6817767769098282,,0.2026330504438492,,isic_0068778,train_ham_test_isic_baseline_r128_20260521_223809,0.8259142444049467,0.6817767769098282,0.2026330504438492,0.0,0.0,0.0,True
a77c7cfbbfc56005a40981e5c3c5376d535180904449540df2d593617ed7f0d8,scorecam,train_ham_test_isic,train_ham_test_isic_navier_stokes_r128_20260521_180830,ISIC_0033654,128,adaptive_repair,False,/content/drive/MyDrive/Dissertation/edi_exports/heatmaps/scorecam/train_ham_test_isic_baseline_r128_20260521_223809/ISIC_0033654_scorecam_heatmap.npy,/content/drive/MyDrive/Dissertation/edi_exports/heatmaps/scorecam/train_ham_test_isic_navier_stokes_r128_20260521_180830/ISIC_0033654_scorecam_heatmap.npy,calculated,False,False,False,0.9963514996116332,,0.994484543800354,,0.0036698531969147,,isic_0033654,train_ham_test_isic_baseline_r128_20260521_223809,0.9963514996116332,0.994484543800354,0.0036698531969147,0.0,0.0,0.0,True
7c123971adc97364a65ec44d383a1915e7feacf1e14810dec61829c616377cf4,scorecam,train_ham_test_isic,train_ham_test_isic_navier_stokes_r128_20260521_180830,ISIC_0028226,128,adaptive_repair,False,/content/drive/MyDrive/Dissertation/edi_exports/heatmaps/scorecam/train_ham_test_isic_baseline_r128_20260521_223809/ISIC_0028226_scorecam_heatmap.npy,/content/drive/MyDrive/Dissertation/edi_exports/heatmaps/scorecam/train_ham_test_isic_navier_stokes_r128_20260521_180830/ISIC_0028226_scorecam_heatmap.npy,calculated,False,False,False,0.9942054686841127,,0.9942224323749542,,0.0043374166414946,,isic_0028226,train_ham_test_isic_baseline_r128_20260521_223809,0.9942054686841127,0.9942224323749542,0.0043374166414946,0.0,0.0,0.0,True
07e0397d7f4606792eef72c5f852ff1ac7b776db2235f0fdccae490778e84b76,scorecam,train_ham_test_isic,train_ham_test_isic_navier_stokes_r128_20260521_180830,ISIC_0054787,128,adaptive_repair,False,/content/drive/MyDrive/Dissertation/edi_exports/heatmaps/scorecam/train_ham_test_isic_baseline_r128_20260521_223809/ISIC_0054787_scorecam_heatmap.npy,/content/drive/MyDrive/Dissertation/edi_exports/heatmaps/scorecam/train_ham_test_isic_navier_stokes_r128_20260521_180830/ISIC_0054787_scorecam_heatmap.npy,calculated,False,False,False,0.999919366324716,,0.99989752471447,,7.139606158607092e-05,,isic_0054787,train_ham_test_isic_baseline_r128_20260521_223809,0.999919366324716,0.99989752471447,7.139606158607092e-05,0.0,0.0,0.0,True
9c27289ea2004d305bb3fa9602b07d188dee378fc567125361d03b328dba17a2,scorecam,train_ham_test_isic,train_ham_test_isic_navier_stokes_r128_20260521_180830,ISIC_0059680,128,adaptive_repair,False,/content/drive/MyDrive/Dissertation/edi_exports/heatmaps/scorecam/train_ham_test_isic_baseline_r128_20260521_223809/ISIC_0059680_scorecam_heatmap.npy,/content/drive/MyDrive/Dissertation/edi_exports/heatmaps/scorecam/train_ham_test_isic_navier_stokes_r128_20260521_180830/ISIC_0059680_scorecam_heatmap.npy,calculated,False,False,False,0.9817294835881876,,0.98292276263237,,0.013106247786768,,isic_0059680,train_ham_test_isic_baseline_r128_20260521_223809,0.9817294835881876,0.98292276263237,0.013106247786768,0.0,0.0,0.0,True
2fca9b30cbdf073e6daefaa30bf061cfe643f62794be92401053a5b014f034a2,scorecam,train_ham_test_isic,train_ham_test_isic_telea_r128_20260521_190513,ISIC_0027358,128,adaptive_repair,False,/content/drive/MyDrive/Dissertation/edi_exports/heatmaps/scorecam/train_ham_test_isic_baseline_r128_20260521_223809/ISIC_0027358_scorecam_heatmap.npy,/content/drive/MyDrive/Dissertation/edi_exports/heatmaps/scorecam/train_ham_test_isic_telea_r128_20260521_190513/ISIC_0027358_scorecam_heatmap.npy,calculated,False,False,False,0.9975056597450294,,0.9970092922449112,,0.002118938941287,,isic_0027358,train_ham_test_isic_baseline_r128_20260521_223809,0.9975056597450294,0.9970092922449112,0.002118938941287,0.0,0.0,0.0,True
37f1a9071cd08f3c6678611ce4d933616abb5322fcb2329b79f2b12c01bb6330,scorecam,train_ham_test_isic,train_ham_test_isic_telea_r128_20260521_190513,ISIC_0030752,128,adaptive_repair,False,/content/drive/MyDrive/Dissertation/edi_exports/heatmaps/scorecam/train_ham_test_isic_baseline_r128_20260521_223809/ISIC_0030752_scorecam_heatmap.npy,/content/drive/MyDrive/Dissertation/edi_exports/heatmaps/scorecam/train_ham_test_isic_telea_r128_20260521_190513/ISIC_0030752_scorecam_heatmap.npy,calculated,False,False,False,0.9991152781814928,,0.9988718032836914,,0.000785278812781,,isic_0030752,train_ham_test_isic_baseline_r128_20260521_223809,0.9991152781814928,0.9988718032836914,0.000785278812781,0.0,0.0,0.0,True
80ad6f0d3e0acef208955e5d4c46b833c958a71fa9f3ecfe509662f264217d5c,scorecam,train_ham_test_isic,train_ham_test_isic_telea_r128_20260521_190513,ISIC_0029786,128,adaptive_repair,False,/content/drive/MyDrive/Dissertation/edi_exports/heatmaps/scorecam/train_ham_test_isic_baseline_r128_20260521_223809/ISIC_0029786_scorecam_heatmap.npy,/content/drive/MyDrive/Dissertation/edi_exports/heatmaps/scorecam/train_ham_test_isic_telea_r128_20260521_190513/ISIC_0029786_scorecam_heatmap.npy,calculated,False,False,False,0.9750848148414988,,0.9640384763479232,,0.0242095581156636,,isic_0029786,train_ham_test_isic_baseline_r128_20260521_223809,0.9750848148414988,0.9640384763479232,0.0242095581156636,0.0,0.0,0.0,True
257e70256076b78feb3f2859e66764b42c86abd504e689b87f3fb1e0368331e4,scorecam,train_ham_test_isic,train_ham_test_isic_telea_r128_20260521_190513,ISIC_0026652,128,adaptive_repair,False,/content/drive/MyDrive/Dissertation/edi_exports/heatmaps/scorecam/train_ham_test_isic_baseline_r128_20260521_223809/ISIC_0026652_scorecam_heatmap.npy,/content/drive/MyDrive/Dissertation/edi_exports/heatmaps/scorecam/train_ham_test_isic_telea_r128_20260521_190513/ISIC_0026652_scorecam_heatmap.npy,calculated,False,False,False,0.9871250979524238,,0.9856367856264114,,0.0104003326986883,,isic_0026652,train_ham_test_isic_baseline_r128_20260521_223809,0.9871250979524238,0.9856367856264114,0.0104003326986883,0.0,0.0,0.0,True
1058e245a547c9d6604992445f4ce239908e833ec8ddaea5e9fed7fef076db9f,scorecam,train_ham_test_isic,train_ham_test_isic_telea_r128_20260521_190513,ISIC_0032833,128,adaptive_repair,False,/content/drive/MyDrive/Dissertation/edi_exports/heatmaps/scorecam/train_ham_test_isic_baseline_r128_20260521_223809/ISIC_0032833_scorecam_heatmap.npy,/content/drive/MyDrive/Dissertation/edi_exports/heatmaps/scorecam/train_ham_test_isic_telea_r128_20260521_190513/ISIC_0032833_scorecam_heatmap.npy,calculated,False,False,False,0.9990414594441932,,0.9987032413482666,,0.0008880144648184,,isic_0032833,train_ham_test_isic_baseline_r128_20260521_223809,0.9990414594441932,0.9987032413482666,0.0008880144648184,0.0,0.0,0.0,True
5862391dd6698b4f29f6dfad1621f52a4a71b7ca2b0c0388ee8f6b194079d6d8,scorecam,train_ham_test_isic,train_ham_test_isic_telea_r128_20260521_190513,ISIC_0031445,128,adaptive_repair,False,/content/drive/MyDrive/Dissertation/edi_exports/heatmaps/scorecam/train_ham_test_isic_baseline_r128_20260521_223809/ISIC_0031445_scorecam_heatmap.npy,/content/drive/MyDrive/Dissertation/edi_exports/heatmaps/scorecam/train_ham_test_isic_telea_r128_20260521_190513/ISIC_0031445_scorecam_heatmap.npy,calculated,False,False,False,0.9621466895102108,,0.943336695432663,,0.0377949799061158,,isic_0031445,train_ham_test_isic_baseline_r128_20260521_223809,0.9621466895102108,0.943336695432663,0.0377949799061158,0.0,0.0,0.0,True
742f0d8df96848ef8568061b7e4926a17b9e5cc33c6a860677ad9b29b5ed83d2,scorecam,train_ham_test_isic,train_ham_test_isic_telea_r128_20260521_190513,ISIC_0063544,128,adaptive_repair,False,/content/drive/MyDrive/Dissertation/edi_exports/heatmaps/scorecam/train_ham_test_isic_baseline_r128_20260521_223809/ISIC_0063544_scorecam_heatmap.npy,/content/drive/MyDrive/Dissertation/edi_exports/heatmaps/scorecam/train_ham_test_isic_telea_r128_20260521_190513/ISIC_0063544_scorecam_heatmap.npy,calculated,False,False,False,0.9921404818150726,,0.9917276203632356,,0.006101069364614,,isic_0063544,train_ham_test_isic_baseline_r128_20260521_223809,0.9921404818150726,0.9917276203632356,0.006101069364614,0.0,0.0,0.0,True
e5038539051f678217156c4a72d70af330d097c4975b75c53fcc64c0579c9484,scorecam,train_ham_test_isic,train_ham_test_isic_telea_r128_20260521_190513,ISIC_0053615,128,adaptive_repair,False,/content/drive/MyDrive/Dissertation/edi_exports/heatmaps/scorecam/train_ham_test_isic_baseline_r128_20260521_223809/ISIC_0053615_scorecam_heatmap.npy,/content/drive/MyDrive/Dissertation/edi_exports/heatmaps/scorecam/train_ham_test_isic_telea_r128_20260521_190513/ISIC_0053615_scorecam_heatmap.npy,calculated,False,False,False,0.9967939820958004,,0.994363397359848,,0.0036198057961258,,isic_0053615,train_ham_test_isic_baseline_r128_20260521_223809,0.9967939820958004,0.994363397359848,0.0036198057961258,0.0,0.0,0.0,True
0d2f5e897f6620a9d9093c8b5740190dea98c56ceaeddb7181e79ce23bda08e4,scorecam,train_ham_test_isic,train_ham_test_isic_telea_r128_20260521_190513,ISIC_0067519,128,adaptive_repair,False,/content/drive/MyDrive/Dissertation/edi_exports/heatmaps/scorecam/train_ham_test_isic_baseline_r128_20260521_223809/ISIC_0067519_scorecam_heatmap.npy,/content/drive/MyDrive/Dissertation/edi_exports/heatmaps/scorecam/train_ham_test_isic_telea_r128_20260521_190513/ISIC_0067519_scorecam_heatmap.npy,calculated,False,False,False,0.9939672113207532,,0.9944108575582504,,0.0043027683906864,,isic_0067519,train_ham_test_isic_baseline_r128_20260521_223809,0.9939672113207532,0.9944108575582504,0.0043027683906864,0.0,0.0,0.0,True
a6c6e53ac8433491738d00e0c8de898462b001344ca2225883132c2a336577be,scorecam,train_ham_test_isic,train_ham_test_isic_telea_r128_20260521_190513,ISIC_0030653,128,adaptive_repair,False,/content/drive/MyDrive/Dissertation/edi_exports/heatmaps/scorecam/train_ham_test_isic_baseline_r128_20260521_223809/ISIC_0030653_scorecam_heatmap.npy,/content/drive/MyDrive/Dissertation/edi_exports/heatmaps/scorecam/train_ham_test_isic_telea_r128_20260521_190513/ISIC_0030653_scorecam_heatmap.npy,calculated,False,False,False,0.9980923999545842,,0.9984773546457292,,0.0012382226884893,,isic_0030653,train_ham_test_isic_baseline_r128_20260521_223809,0.9980923999545842,0.9984773546457292,0.0012382226884893,0.0,0.0,0.0,True
9642edc037c4021003d8a03ff43c2b9ea863612672c45baa80210e9f9e72ba83,scorecam,train_ham_test_isic,train_ham_test_isic_telea_r128_20260521_190513,ISIC_0064161,128,adaptive_repair,False,/content/drive/MyDrive/Dissertation/edi_exports/heatmaps/scorecam/train_ham_test_isic_baseline_r128_20260521_223809/ISIC_0064161_scorecam_heatmap.npy,/content/drive/MyDrive/Dissertation/edi_exports/heatmaps/scorecam/train_ham_test_isic_telea_r128_20260521_190513/ISIC_0064161_scorecam_heatmap.npy,calculated,False,False,False,0.9721005965225508,,0.9734735637903214,,0.0202380689742016,,isic_0064161,train_ham_test_isic_baseline_r128_20260521_223809,0.9721005965225508,0.9734735637903214,0.0202380689742016,0.0,0.0,0.0,True
dbea2151b241dd15a95b5a0cb96515c729437a5e2dc9c9a6e392043c69cd40b9,scorecam,train_ham_test_isic,train_ham_test_isic_telea_r128_20260521_190513,ISIC_0031005,128,adaptive_repair,False,/content/drive/MyDrive/Dissertation/edi_exports/heatmaps/scorecam/train_ham_test_isic_baseline_r128_20260521_223809/ISIC_0031005_scorecam_heatmap.npy,/content/drive/MyDrive/Dissertation/edi_exports/heatmaps/scorecam/train_ham_test_isic_telea_r128_20260521_190513/ISIC_0031005_scorecam_heatmap.npy,calculated,False,False,False,0.9957348920978888,,0.994980588555336,,0.0035759826978597,,isic_0031005,train_ham_test_isic_baseline_r128_20260521_223809,0.9957348920978888,0.994980588555336,0.0035759826978597,0.0,0.0,0.0,True
b763820caaebb0154f7e2f1bb5d1008b8ca462a38a102c4174fedc8a2d07c8aa,scorecam,train_ham_test_isic,train_ham_test_isic_telea_r128_20260521_190513,ISIC_0028490,128,adaptive_repair,False,/content/drive/MyDrive/Dissertation/edi_exports/heatmaps/scorecam/train_ham_test_isic_baseline_r128_20260521_223809/ISIC_0028490_scorecam_heatmap.npy,/content/drive/MyDrive/Dissertation/edi_exports/heatmaps/scorecam/train_ham_test_isic_telea_r128_20260521_190513/ISIC_0028490_scorecam_heatmap.npy,calculated,False,False,False,0.9962364620634504,,0.9962028861045836,,0.0028394414318455,,isic_0028490,train_ham_test_isic_baseline_r128_20260521_223809,0.9962364620634504,0.9962028861045836,0.0028394414318455,0.0,0.0,0.0,True
e5b4cfe2853a963d7a3359192a11fbaaadea5c0cab359f50a95cb364c073be0f,scorecam,train_ham_test_isic,train_ham_test_isic_telea_r128_20260521_190513,ISIC_0027712,128,adaptive_repair,False,/content/drive/MyDrive/Dissertation/edi_exports/heatmaps/scorecam/train_ham_test_isic_baseline_r128_20260521_223809/ISIC_0027712_scorecam_heatmap.npy,/content/drive/MyDrive/Dissertation/edi_exports/heatmaps/scorecam/train_ham_test_isic_telea_r128_20260521_190513/ISIC_0027712_scorecam_heatmap.npy,calculated,False,False,False,0.9984066639517604,,0.99874646961689,,0.0010250992036149,,isic_0027712,train_ham_test_isic_baseline_r128_20260521_223809,0.9984066639517604,0.99874646961689,0.0010250992036149,0.0,0.0,0.0,True
350e4fd34d3b30f7c468f4077a1b853706cb52f6de22792b565d677f1f07618d,scorecam,train_ham_test_isic,train_ham_test_isic_telea_r128_20260521_190513,ISIC_0015232_DOWNSAMPLED,128,adaptive_repair,False,/content/drive/MyDrive/Dissertation/edi_exports/heatmaps/scorecam/train_ham_test_isic_baseline_r128_20260521_223809/ISIC_0015232_downsampled_scorecam_heatmap.npy,/content/drive/MyDrive/Dissertation/edi_exports/heatmaps/scorecam/train_ham_test_isic_telea_r128_20260521_190513/ISIC_0015232_downsampled_scorecam_heatmap.npy,calculated,False,False,False,0.998412900483166,,0.9985112547874452,,0.0011411474854859,,isic_0015232_downsampled,train_ham_test_isic_baseline_r128_20260521_223809,0.998412900483166,0.9985112547874452,0.0011411474854859,0.0,0.0,0.0,True
26e002a77d712a1f2c3bfbfeb6d62974980f9601131fbaa15930f86f920b3b96,scorecam,train_ham_test_isic,train_ham_test_isic_telea_r128_20260521_190513,ISIC_0031745,128,adaptive_repair,False,/content/drive/MyDrive/Dissertation/edi_exports/heatmaps/scorecam/train_ham_test_isic_baseline_r128_20260521_223809/ISIC_0031745_scorecam_heatmap.npy,/content/drive/MyDrive/Dissertation/edi_exports/heatmaps/scorecam/train_ham_test_isic_telea_r128_20260521_190513/ISIC_0031745_scorecam_heatmap.npy,calculated,False,False,False,0.9973853121776638,,0.9948780536651612,,0.0032146451230035,,isic_0031745,train_ham_test_isic_baseline_r128_20260521_223809,0.9973853121776638,0.9948780536651612,0.0032146451230035,0.0,0.0,0.0,True
d1b6775c7c1c4abf4d6c22b5067788abfd0bd500ef31c42659d97dea61964a9e,scorecam,train_ham_test_isic,train_ham_test_isic_telea_r128_20260521_190513,ISIC_0027397,128,adaptive_repair,False,/content/drive/MyDrive/Dissertation/edi_exports/heatmaps/scorecam/train_ham_test_isic_baseline_r128_20260521_223809/ISIC_0027397_scorecam_heatmap.npy,/content/drive/MyDrive/Dissertation/edi_exports/heatmaps/scorecam/train_ham_test_isic_telea_r128_20260521_190513/ISIC_0027397_scorecam_heatmap.npy,calculated,False,False,False,0.99486370623024,,0.9960267096757888,,0.0032707186045455,,isic_0027397,train_ham_test_isic_baseline_r128_20260521_223809,0.99486370623024,0.9960267096757888,0.0032707186045455,0.0,0.0,0.0,True
8eb935e1faf14c9e7a6e0951b471bf04b01b215e1d20fab6d5b6a56cbca9bb71,scorecam,train_ham_test_isic,train_ham_test_isic_telea_r128_20260521_190513,ISIC_0070105,128,adaptive_repair,False,/content/drive/MyDrive/Dissertation/edi_exports/heatmaps/scorecam/train_ham_test_isic_baseline_r128_20260521_223809/ISIC_0070105_scorecam_heatmap.npy,/content/drive/MyDrive/Dissertation/edi_exports/heatmaps/scorecam/train_ham_test_isic_telea_r128_20260521_190513/ISIC_0070105_scorecam_heatmap.npy,calculated,False,False,False,0.9997473651418178,,0.9997430741786956,,0.0001916216251977,,isic_0070105,train_ham_test_isic_baseline_r128_20260521_223809,0.9997473651418178,0.9997430741786956,0.0001916216251977,0.0,0.0,0.0,True
48e6fd4222817dbc29141a87c0bb7e4b7b0aabafa173b4beb2fef6a93bede68f,scorecam,train_ham_test_isic,train_ham_test_isic_telea_r128_20260521_190513,ISIC_0028847,128,adaptive_repair,False,/content/drive/MyDrive/Dissertation/edi_exports/heatmaps/scorecam/train_ham_test_isic_baseline_r128_20260521_223809/ISIC_0028847_scorecam_heatmap.npy,/content/drive/MyDrive/Dissertation/edi_exports/heatmaps/scorecam/train_ham_test_isic_telea_r128_20260521_190513/ISIC_0028847_scorecam_heatmap.npy,calculated,False,False,False,0.9695939419756232,,0.9727340489625932,,0.0212344900247977,,isic_0028847,train_ham_test_isic_baseline_r128_20260521_223809,0.9695939419756232,0.9727340489625932,0.0212344900247977,0.0,0.0,0.0,True
933aeaaf28e59c6e385a8b6fd390959dff0b33a01215dba6af6c5dffaace782f,scorecam,train_ham_test_isic,train_ham_test_isic_telea_r128_20260521_190513,ISIC_0068414,128,adaptive_repair,False,/content/drive/MyDrive/Dissertation/edi_exports/heatmaps/scorecam/train_ham_test_isic_baseline_r128_20260521_223809/ISIC_0068414_scorecam_heatmap.npy,/content/drive/MyDrive/Dissertation/edi_exports/heatmaps/scorecam/train_ham_test_isic_telea_r128_20260521_190513/ISIC_0068414_scorecam_heatmap.npy,calculated,False,False,False,0.999012078895908,,0.9990991801023484,,0.0006973902248488,,isic_0068414,train_ham_test_isic_baseline_r128_20260521_223809,0.999012078895908,0.9990991801023484,0.0006973902248488,0.0,0.0,0.0,True
7ed07bb6dcb5611f3d6e7d124b09c76401c30b3a40672b8f36f2b9ec203080c1,scorecam,train_ham_test_isic,train_ham_test_isic_telea_r128_20260521_190513,ISIC_0032425,128,adaptive_repair,False,/content/drive/MyDrive/Dissertation/edi_exports/heatmaps/scorecam/train_ham_test_isic_baseline_r128_20260521_223809/ISIC_0032425_scorecam_heatmap.npy,/content/drive/MyDrive/Dissertation/edi_exports/heatmaps/scorecam/train_ham_test_isic_telea_r128_20260521_190513/ISIC_0032425_scorecam_heatmap.npy,calculated,False,False,False,0.9741868698977028,,0.9590684175491332,,0.0269190737510076,,isic_0032425,train_ham_test_isic_baseline_r128_20260521_223809,0.9741868698977028,0.9590684175491332,0.0269190737510076,0.0,0.0,0.0,True
03e8a273bf677b70e1c28fbe385f423c8c7424cacc54d99e969789d8e2ff8428,scorecam,train_ham_test_isic,train_ham_test_isic_telea_r128_20260521_190513,ISIC_0031535,128,adaptive_repair,False,/content/drive/MyDrive/Dissertation/edi_exports/heatmaps/scorecam/train_ham_test_isic_baseline_r128_20260521_223809/ISIC_0031535_scorecam_heatmap.npy,/content/drive/MyDrive/Dissertation/edi_exports/heatmaps/scorecam/train_ham_test_isic_telea_r128_20260521_190513/ISIC_0031535_scorecam_heatmap.npy,calculated,False,False,False,0.9997722472466531,,0.9997393488883972,,0.0001872637441381,,isic_0031535,train_ham_test_isic_baseline_r128_20260521_223809,0.9997722472466531,0.9997393488883972,0.0001872637441381,0.0,0.0,0.0,True
fdd744ca9c8b63e00db72d6c99e2a564863e75ab004629cd7b6c4755784b1095,scorecam,train_ham_test_isic,train_ham_test_isic_telea_r128_20260521_190513,ISIC_0027102,128,adaptive_repair,False,/content/drive/MyDrive/Dissertation/edi_exports/heatmaps/scorecam/train_ham_test_isic_baseline_r128_20260521_223809/ISIC_0027102_scorecam_heatmap.npy,/content/drive/MyDrive/Dissertation/edi_exports/heatmaps/scorecam/train_ham_test_isic_telea_r128_20260521_190513/ISIC_0027102_scorecam_heatmap.npy,calculated,False,False,False,0.980302344809656,,0.9550700783729552,,0.0273893746111083,,isic_0027102,train_ham_test_isic_baseline_r128_20260521_223809,0.980302344809656,0.9550700783729552,0.0273893746111083,0.0,0.0,0.0,True
1212edc3357ff544a214f4c4812decfee784d151f49365334cb9a5295a2efd7e,scorecam,train_ham_test_isic,train_ham_test_isic_telea_r128_20260521_190513,ISIC_0061194,128,adaptive_repair,False,/content/drive/MyDrive/Dissertation/edi_exports/heatmaps/scorecam/train_ham_test_isic_baseline_r128_20260521_223809/ISIC_0061194_scorecam_heatmap.npy,/content/drive/MyDrive/Dissertation/edi_exports/heatmaps/scorecam/train_ham_test_isic_telea_r128_20260521_190513/ISIC_0061194_scorecam_heatmap.npy,calculated,False,False,False,0.9999818959473888,,0.9999735206365584,,1.7765694873550508e-05,,isic_0061194,train_ham_test_isic_baseline_r128_20260521_223809,0.9999818959473888,0.9999735206365584,1.7765694873550508e-05,0.0,0.0,0.0,True
724b8ee31dc6e1e1f307f08c06058ecf1298fd565096169cd8212d748a5820bb,scorecam,train_ham_test_isic,train_ham_test_isic_telea_r128_20260521_190513,ISIC_0058285,128,adaptive_repair,False,/content/drive/MyDrive/Dissertation/edi_exports/heatmaps/scorecam/train_ham_test_isic_baseline_r128_20260521_223809/ISIC_0058285_scorecam_heatmap.npy,/content/drive/MyDrive/Dissertation/edi_exports/heatmaps/scorecam/train_ham_test_isic_telea_r128_20260521_190513/ISIC_0058285_scorecam_heatmap.npy,calculated,False,False,False,0.9836745893405492,,0.9744010269641876,,0.0168808391827689,,isic_0058285,train_ham_test_isic_baseline_r128_20260521_223809,0.9836745893405492,0.9744010269641876,0.0168808391827689,0.0,0.0,0.0,True
16aeb838d349a73bbfe47aa7857dd3ef6338d3b91d0b3bb1e569ec1dd3c29e68,scorecam,train_ham_test_isic,train_ham_test_isic_telea_r128_20260521_190513,ISIC_0028508,128,adaptive_repair,False,/content/drive/MyDrive/Dissertation/edi_exports/heatmaps/scorecam/train_ham_test_isic_baseline_r128_20260521_223809/ISIC_0028508_scorecam_heatmap.npy,/content/drive/MyDrive/Dissertation/edi_exports/heatmaps/scorecam/train_ham_test_isic_telea_r128_20260521_190513/ISIC_0028508_scorecam_heatmap.npy,calculated,False,False,False,0.9024253444797172,,0.9346994012594224,,0.0570439632503595,,isic_0028508,train_ham_test_isic_baseline_r128_20260521_223809,0.9024253444797172,0.9346994012594224,0.0570439632503595,0.0,0.0,0.0,True
3bc0dc478ed9f800aa446654b3497a4c4e9e3029e533f82bf66dd916a91e2dff,scorecam,train_ham_test_isic,train_ham_test_isic_telea_r128_20260521_190513,ISIC_0032063,128,adaptive_repair,False,/content/drive/MyDrive/Dissertation/edi_exports/heatmaps/scorecam/train_ham_test_isic_baseline_r128_20260521_223809/ISIC_0032063_scorecam_heatmap.npy,/content/drive/MyDrive/Dissertation/edi_exports/heatmaps/scorecam/train_ham_test_isic_telea_r128_20260521_190513/ISIC_0032063_scorecam_heatmap.npy,calculated,False,False,False,0.997496459896602,,0.9971392899751664,,0.0020562400382663,,isic_0032063,train_ham_test_isic_baseline_r128_20260521_223809,0.997496459896602,0.9971392899751664,0.0020562400382663,0.0,0.0,0.0,True
c2ede89f45692f8a5ca35d54ba4b36c9d7d9db936741c04ab2c9424b9862a3d7,scorecam,train_ham_test_isic,train_ham_test_isic_telea_r128_20260521_190513,ISIC_0067055,128,adaptive_repair,False,/content/drive/MyDrive/Dissertation/edi_exports/heatmaps/scorecam/train_ham_test_isic_baseline_r128_20260521_223809/ISIC_0067055_scorecam_heatmap.npy,/content/drive/MyDrive/Dissertation/edi_exports/heatmaps/scorecam/train_ham_test_isic_telea_r128_20260521_190513/ISIC_0067055_scorecam_heatmap.npy,calculated,False,False,False,0.9773305699480086,,0.9787940979003906,,0.0162703085628025,,isic_0067055,train_ham_test_isic_baseline_r128_20260521_223809,0.9773305699480086,0.9787940979003906,0.0162703085628025,0.0,0.0,0.0,True
c8d5f6edf84b06ddcc1aad1deeade50289b662a1cfb5f1a73d65f420a234c217,scorecam,train_ham_test_isic,train_ham_test_isic_telea_r128_20260521_190513,ISIC_0027282,128,adaptive_repair,False,/content/drive/MyDrive/Dissertation/edi_exports/heatmaps/scorecam/train_ham_test_isic_baseline_r128_20260521_223809/ISIC_0027282_scorecam_heatmap.npy,/content/drive/MyDrive/Dissertation/edi_exports/heatmaps/scorecam/train_ham_test_isic_telea_r128_20260521_190513/ISIC_0027282_scorecam_heatmap.npy,calculated,False,False,False,0.9975542119365736,,0.9978288114070892,,0.0016970413123119,,isic_0027282,train_ham_test_isic_baseline_r128_20260521_223809,0.9975542119365736,0.9978288114070892,0.0016970413123119,0.0,0.0,0.0,True
20087f89da680d532c065dd605948dbe5753863f4ed3b2cfa9851d7f1851168a,scorecam,train_ham_test_isic,train_ham_test_isic_telea_r128_20260521_190513,ISIC_0068248,128,adaptive_repair,False,/content/drive/MyDrive/Dissertation/edi_exports/heatmaps/scorecam/train_ham_test_isic_baseline_r128_20260521_223809/ISIC_0068248_scorecam_heatmap.npy,/content/drive/MyDrive/Dissertation/edi_exports/heatmaps/scorecam/train_ham_test_isic_telea_r128_20260521_190513/ISIC_0068248_scorecam_heatmap.npy,calculated,False,False,False,0.978419608766954,,0.9618275314569472,,0.0244813320797878,,isic_0068248,train_ham_test_isic_baseline_r128_20260521_223809,0.978419608766954,0.9618275314569472,0.0244813320797878,0.0,0.0,0.0,True
d0df7d657740dafae73bbe76978fea58951a73cf343fb51a82848efc99ee96fd,scorecam,train_ham_test_isic,train_ham_test_isic_telea_r128_20260521_190513,ISIC_0058003,128,adaptive_repair,False,/content/drive/MyDrive/Dissertation/edi_exports/heatmaps/scorecam/train_ham_test_isic_baseline_r128_20260521_223809/ISIC_0058003_scorecam_heatmap.npy,/content/drive/MyDrive/Dissertation/edi_exports/heatmaps/scorecam/train_ham_test_isic_telea_r128_20260521_190513/ISIC_0058003_scorecam_heatmap.npy,calculated,False,False,False,0.975942950093687,,0.9646679311990738,,0.0236802968770413,,isic_0058003,train_ham_test_isic_baseline_r128_20260521_223809,0.975942950093687,0.9646679311990738,0.0236802968770413,0.0,0.0,0.0,True
2fcd31ea1d03e4ec75c2c9b2d7bc2f871e1764bf47a010acc6989ba3de5d5055,scorecam,train_ham_test_isic,train_ham_test_isic_telea_r128_20260521_190513,ISIC_0010490,128,adaptive_repair,False,/content/drive/MyDrive/Dissertation/edi_exports/heatmaps/scorecam/train_ham_test_isic_baseline_r128_20260521_223809/ISIC_0010490_scorecam_heatmap.npy,/content/drive/MyDrive/Dissertation/edi_exports/heatmaps/scorecam/train_ham_test_isic_telea_r128_20260521_190513/ISIC_0010490_scorecam_heatmap.npy,calculated,False,False,False,0.9992171963837664,,0.9991350919008256,,0.0006281549536456,,isic_0010490,train_ham_test_isic_baseline_r128_20260521_223809,0.9992171963837664,0.9991350919008256,0.0006281549536456,0.0,0.0,0.0,True
6da2c5c2e2af53638968d12bd507457316e5ec7c35c402adfe2a9e0d13db9619,scorecam,train_ham_test_isic,train_ham_test_isic_telea_r128_20260521_190513,ISIC_0033153,128,adaptive_repair,False,/content/drive/MyDrive/Dissertation/edi_exports/heatmaps/scorecam/train_ham_test_isic_baseline_r128_20260521_223809/ISIC_0033153_scorecam_heatmap.npy,/content/drive/MyDrive/Dissertation/edi_exports/heatmaps/scorecam/train_ham_test_isic_telea_r128_20260521_190513/ISIC_0033153_scorecam_heatmap.npy,calculated,False,False,False,0.994222882741744,,0.992301508784294,,0.0052935249224169,,isic_0033153,train_ham_test_isic_baseline_r128_20260521_223809,0.994222882741744,0.992301508784294,0.0052935249224169,0.0,0.0,0.0,True
0f107aa16e5acba57597120b4e24c6df6b909c826d6d6086427f6b168e4c5100,scorecam,train_ham_test_isic,train_ham_test_isic_telea_r128_20260521_190513,ISIC_0073194,128,adaptive_repair,False,/content/drive/MyDrive/Dissertation/edi_exports/heatmaps/scorecam/train_ham_test_isic_baseline_r128_20260521_223809/ISIC_0073194_scorecam_heatmap.npy,/content/drive/MyDrive/Dissertation/edi_exports/heatmaps/scorecam/train_ham_test_isic_telea_r128_20260521_190513/ISIC_0073194_scorecam_heatmap.npy,calculated,False,False,False,0.9998258925277322,,0.9997812509536744,,0.0001529013912298,,isic_0073194,train_ham_test_isic_baseline_r128_20260521_223809,0.9998258925277322,0.9997812509536744,0.0001529013912298,0.0,0.0,0.0,True
230fa02a59fd1f6c73d0b21a7536de383d5d219f46ed356f1441ebf440e62ee6,scorecam,train_ham_test_isic,train_ham_test_isic_telea_r128_20260521_190513,ISIC_0028273,128,adaptive_repair,False,/content/drive/MyDrive/Dissertation/edi_exports/heatmaps/scorecam/train_ham_test_isic_baseline_r128_20260521_223809/ISIC_0028273_scorecam_heatmap.npy,/content/drive/MyDrive/Dissertation/edi_exports/heatmaps/scorecam/train_ham_test_isic_telea_r128_20260521_190513/ISIC_0028273_scorecam_heatmap.npy,calculated,False,False,False,0.9779363305613356,,0.9749692231416702,,0.0180313057888309,,isic_0028273,train_ham_test_isic_baseline_r128_20260521_223809,0.9779363305613356,0.9749692231416702,0.0180313057888309,0.0,0.0,0.0,True
22e6ccc821800c459864d546f9821f10bd422edb78ecfdc81822f8c8c7084929,scorecam,train_ham_test_isic,train_ham_test_isic_telea_r128_20260521_190513,ISIC_0068778,128,adaptive_repair,False,/content/drive/MyDrive/Dissertation/edi_exports/heatmaps/scorecam/train_ham_test_isic_baseline_r128_20260521_223809/ISIC_0068778_scorecam_heatmap.npy,/content/drive/MyDrive/Dissertation/edi_exports/heatmaps/scorecam/train_ham_test_isic_telea_r128_20260521_190513/ISIC_0068778_scorecam_heatmap.npy,calculated,False,False,False,0.7961975379367846,,0.6496578976511955,,0.226121666690206,,isic_0068778,train_ham_test_isic_baseline_r128_20260521_223809,0.7961975379367846,0.6496578976511955,0.226121666690206,0.0,0.0,0.0,True
630dc73fd1c215ecdb1a7f05ea1b7306ed9ccf6601ebdef252672005c0046ba4,scorecam,train_ham_test_isic,train_ham_test_isic_telea_r128_20260521_190513,ISIC_0033654,128,adaptive_repair,False,/content/drive/MyDrive/Dissertation/edi_exports/heatmaps/scorecam/train_ham_test_isic_baseline_r128_20260521_223809/ISIC_0033654_scorecam_heatmap.npy,/content/drive/MyDrive/Dissertation/edi_exports/heatmaps/scorecam/train_ham_test_isic_telea_r128_20260521_190513/ISIC_0033654_scorecam_heatmap.npy,calculated,False,False,False,0.9957805270510992,,0.9941421300172806,,0.0039838032285849,,isic_0033654,train_ham_test_isic_baseline_r128_20260521_223809,0.9957805270510992,0.9941421300172806,0.0039838032285849,0.0,0.0,0.0,True
d31a71b38522d1ceee70dd083e65cea2d8c46f8b2cf3b4c079007fd27bc05d8d,scorecam,train_ham_test_isic,train_ham_test_isic_telea_r128_20260521_190513,ISIC_0028226,128,adaptive_repair,False,/content/drive/MyDrive/Dissertation/edi_exports/heatmaps/scorecam/train_ham_test_isic_baseline_r128_20260521_223809/ISIC_0028226_scorecam_heatmap.npy,/content/drive/MyDrive/Dissertation/edi_exports/heatmaps/scorecam/train_ham_test_isic_telea_r128_20260521_190513/ISIC_0028226_scorecam_heatmap.npy,calculated,False,False,False,0.9920681576088902,,0.9924839735031128,,0.005740973846221,,isic_0028226,train_ham_test_isic_baseline_r128_20260521_223809,0.9920681576088902,0.9924839735031128,0.005740973846221,0.0,0.0,0.0,True
1f710c60d0e3fba489832fe2862155d45acec027b1d4f07e0797a44365727504,scorecam,train_ham_test_isic,train_ham_test_isic_telea_r128_20260521_190513,ISIC_0054787,128,adaptive_repair,False,/content/drive/MyDrive/Dissertation/edi_exports/heatmaps/scorecam/train_ham_test_isic_baseline_r128_20260521_223809/ISIC_0054787_scorecam_heatmap.npy,/content/drive/MyDrive/Dissertation/edi_exports/heatmaps/scorecam/train_ham_test_isic_telea_r128_20260521_190513/ISIC_0054787_scorecam_heatmap.npy,calculated,False,False,False,0.9991160497097408,,0.999039188027382,,0.0007013935588738,,isic_0054787,train_ham_test_isic_baseline_r128_20260521_223809,0.9991160497097408,0.999039188027382,0.0007013935588738,0.0,0.0,0.0,True
7c3f360ca62be6869e16d8b14def212e7a244729a61425f780051d49c9487ee8,scorecam,train_ham_test_isic,train_ham_test_isic_telea_r128_20260521_190513,ISIC_0059680,128,adaptive_repair,False,/content/drive/MyDrive/Dissertation/edi_exports/heatmaps/scorecam/train_ham_test_isic_baseline_r128_20260521_223809/ISIC_0059680_scorecam_heatmap.npy,/content/drive/MyDrive/Dissertation/edi_exports/heatmaps/scorecam/train_ham_test_isic_telea_r128_20260521_190513/ISIC_0059680_scorecam_heatmap.npy,calculated,False,False,False,0.9934884743588858,,0.9928938001394272,,0.0051809813405649,,isic_0059680,train_ham_test_isic_baseline_r128_20260521_223809,0.9934884743588858,0.9928938001394272,0.0051809813405649,0.0,0.0,0.0,True
